CustomerID,recency,frequency,monetary,monetary_std,return_rate,unique_products,weekend_purchase_pct,recency_scaled,frequency_scaled,monetary_scaled,monetary_std_scaled,return_rate_scaled,unique_products_scaled,weekend_purchase_pct_scaled
12347.0,2,7,4310.0,23.28990231050118,0.0,103,0.0,-0.9056445270649637,0.3562918494399269,0.2884348408276949,-0.006864755181477153,0.0,0.4847647963835191,-0.47247971450894716
12348.0,75,4,1797.24,48.51485730087981,0.0,22,0.0967741935483871,-0.1751936016806472,-0.03483729145626595,-0.018189547324308147,0.06730410552943664,0.0,-0.46383094125473034,-0.12648231030345072
12349.0,19,1,1757.55,34.655912704589504,0.0,73,0.0,-0.7355395170439585,-0.42596643235245885,-0.023032796168508556,0.026554691635354673,0.0,0.13343304170268597,-0.47247971450894716
12350.0,310,1,334.4,7.275538185065964,0.0,17,0.0,2.176258007433248,-0.42596643235245885,-0.19669542132909817,-0.053951742755738455,0.0,-0.5223862337015359,-0.47247971450894716
12352.0,36,8,2506.04,51.68790029756352,0.0,59,0.0,-0.5654345070229533,0.48666822973865786,0.068303140525761,0.0766337944878724,0.0,-0.030521777148369494,-0.47247971450894716
12353.0,204,1,89.0,12.215427404174878,0.0,4,0.0,1.1156032390669806,-0.42596643235245885,-0.22664082990472875,-0.03942700106406124,0.0,-0.6746299940632302,-0.47247971450894716
12354.0,232,1,1079.4,8.679742086377074,0.0,58,0.0,1.3957761967486362,-0.42596643235245885,-0.10578535861986914,-0.049822966168989735,0.0,-0.0422328356377306,-0.47247971450894716
12355.0,214,1,459.4,29.70352219466962,0.0,13,0.0,1.2156650096675718,-0.42596643235245885,-0.18144205510271746,0.011993192435201465,0.0,-0.5692304676589803,-0.47247971450894716
12356.0,23,3,2811.43,48.5722968956169,0.0,53,0.0,-0.695514808803722,-0.1652136717549969,0.10556894462075622,0.06747299500031861,0.0,-0.10078812808453612,-0.47247971450894716
12357.0,33,1,6207.67,39.56476161876249,0.0,131,1.0,-0.5954530382031307,-0.42596643235245885,0.5200016847222219,0.04098816561003912,0.0,0.81267443408563,3.102826795614516
12358.0,2,2,1168.06,52.27752321904825,0.0,13,0.0,-0.9056445270649637,-0.29559005205372785,-0.09496645102282185,0.07836746102373908,0.0,-0.5692304676589803,-0.47247971450894716
12359.0,58,4,6310.03,31.521902111972487,0.0,214,0.0,-0.34529861170165244,-0.03483729145626595,0.5324923612576805,0.017339769539398503,0.0,1.7846922887026015,-0.47247971450894716
12360.0,52,3,2662.06,21.39461772670865,0.0,105,0.0,-0.4053356740620072,-0.1652136717549969,0.08734178211488035,-0.012437454849582306,0.0,0.5081869133622413,-0.47247971450894716
12361.0,287,1,189.9,3.280396317520186,0.0,10,0.0,1.9461159350518882,-0.42596643235245885,-0.21432831268679425,-0.06569864659788066,0.0,-0.6043636431270636,-0.47247971450894716
12362.0,3,10,5226.23,9.664671282056695,0.0,201,0.0,-0.8956383500049045,0.7474209903361198,0.4002395747284692,-0.04692698176178912,0.0,1.6324485283409071,-0.47247971450894716
12363.0,110,2,552.0,15.751238912311859,0.0,23,0.0,0.17502259542142232,-0.29559005205372785,-0.17014236140221464,-0.029030664922050888,0.0,-0.45211988276536924,-0.47247971450894716
12364.0,8,4,1313.1,8.910810071730502,0.0,70,0.25882352941176473,-0.8456074647046089,-0.03483729145626595,-0.0772676651230278,-0.049143557653614126,0.0,0.09829986623460266,0.4528937351700669
12365.0,291,2,641.38,65.1966351414414,0.0,22,0.0,1.9861406432921247,-0.29559005205372785,-0.1592355944157034,0.11635348768052246,0.0,-0.46383094125473034,-0.47247971450894716
12367.0,4,1,168.9,5.648958069655612,0.0,11,0.0,-0.8856321729448454,-0.42596643235245885,-0.2168908782128262,-0.05873437146849643,0.0,-0.5926525846377025,-0.47247971450894716
12370.0,51,4,3541.94,21.13609480485583,0.0,143,0.0,-0.41534185112206634,-0.03483729145626595,0.1947108371170232,-0.013197589033718362,0.0,0.9532071359579632,-0.47247971450894716
12371.0,45,2,1887.96,44.277857887191665,0.0,63,0.0,-0.4753789134824211,-0.29559005205372785,-0.007119264251850081,0.054846068658174714,0.0,0.016322456809074924,-0.47247971450894716
12372.0,72,3,1298.04,16.38258168926466,0.0,34,0.0,-0.2052121328608246,-0.1652136717549969,-0.07910539068598214,-0.027174329618280698,0.0,-0.3232982393823971,-0.47247971450894716
12373.0,311,1,364.6,10.26028296848613,0.0,14,0.0,2.1862641844933073,-0.42596643235245885,-0.19301020804880456,-0.045175706478030354,0.0,-0.5575194091696192,-0.47247971450894716
12374.0,25,1,742.9300000000001,19.77401063973374,0.0,33,0.0,-0.6755024546836037,-0.42596643235245885,-0.14684375969339167,-0.017202521084459965,0.0,-0.3350092978717582,-0.47247971450894716
12375.0,11,2,457.5,14.672205115154863,0.0,14,0.0,-0.8155889335244315,-0.29559005205372785,-0.18167390626935845,-0.03220334481124122,0.0,-0.5575194091696192,-0.47247971450894716
12377.0,315,2,1628.12,15.531661592534688,0.0,72,0.0,2.226288892733544,-0.29559005205372785,-0.0388267416939522,-0.029676287467345443,0.0,0.12172198321332486,-0.47247971450894716
12378.0,130,1,4008.62,8.958342412809236,0.0,219,0.0,0.37514613662260493,-0.42596643235245885,0.2516583647212419,-0.04900379845142419,0.0,1.8432475811494071,-0.47247971450894716
12379.0,82,2,852.24,12.201029969133439,0.0,39,0.0,-0.10515036226023332,-0.29559005205372785,-0.13350499599574628,-0.039469333799821926,0.0,-0.2647429469355916,-0.47247971450894716
12380.0,22,4,2724.81,27.08885288224848,0.0,77,0.0,-0.7055209858637811,-0.03483729145626595,0.09499897196052345,0.004305287972655055,0.0,0.18027727566013038,-0.47247971450894716
12381.0,5,5,1845.31,25.892950235134975,0.0,70,0.1839080459770115,-0.8756259958847863,0.09553908884246501,-0.01232371280829119,0.0007889789488567402,0.0,0.09829986623460266,0.18504791953674724
12383.0,185,5,1850.56,12.680055152091024,0.0,84,0.0,0.9254858749258571,0.09553908884246501,-0.011683071426783199,-0.0380608574681356,0.0,0.26225468508565813,-0.47247971450894716
12384.0,29,2,585.27,17.295302608156128,0.0,26,0.0,-0.6354777464433672,-0.29559005205372785,-0.16608252544740115,-0.024490658994209456,0.0,-0.41698670729728593,-0.47247971450894716
12386.0,338,2,401.9,22.821064830546362,0.0,10,0.0,2.456430965114904,-0.29559005205372785,-0.1884586035668526,-0.008243276640091767,0.0,-0.6043636431270636,-0.47247971450894716
12388.0,16,6,2780.66,16.84279813241532,0.0,57,0.22,-0.7655580482241359,0.22591546914119598,0.10181417599047035,-0.02582115656873778,0.0,-0.053943894127091704,0.31408771771821475
12390.0,80,1,549.84,7.172142344268664,0.0,32,0.0,-0.12516271638035156,-0.42596643235245885,-0.1704059395706065,-0.05425575724127898,0.0,-0.3467203563611193,-0.47247971450894716
12391.0,22,1,439.66,5.703881336025948,0.0,92,0.0,-0.7055209858637811,-0.42596643235245885,-0.18385086669718748,-0.0585728807504847,0.0,0.35594315300054696,-0.47247971450894716
12393.0,72,4,1582.6000000000001,18.045403220237354,0.0,47,0.0,-0.2052121328608246,-0.03483729145626595,-0.044381407538950965,-0.022285140378305333,0.0,-0.17105447902070275,-0.47247971450894716
12394.0,64,2,1272.48,64.92458923381407,0.0,26,0.0,-0.28526154934129766,-0.29559005205372785,-0.08222439901195246,0.11555359190122448,0.0,-0.41698670729728593,-0.47247971450894716
12395.0,19,12,3018.63,12.640153861413182,0.0,91,0.09615384615384616,-0.7355395170439585,1.0081737509335817,0.1308529244776049,-0.03817817911535358,0.0,0.34423209451118586,-0.12870024238169103
12397.0,36,2,2409.9,15.703009487720134,0.0,110,0.0,-0.5654345070229533,-0.29559005205372785,0.05657147149372709,-0.02917247375683674,0.0,0.5667422058090468,-0.47247971450894716
12398.0,46,1,1635.6599999999999,22.43008874276701,0.0,85,0.0,-0.465372736422362,-0.42596643235245885,-0.03790665864317692,-0.009392862477087927,0.0,0.27396574357501924,-0.47247971450894716
12399.0,119,4,1108.65,10.491168020243927,0.0,47,0.0,0.2650781889619545,-0.03483729145626595,-0.10221607092289606,-0.04449683584176607,0.0,-0.17105447902070275,-0.47247971450894716
12401.0,303,1,84.3,5.419340365764086,0.0,5,0.0,2.1062147680128342,-0.42596643235245885,-0.22721435647484067,-0.059409515725569885,0.0,-0.6629189355738692,-0.47247971450894716
12402.0,323,1,225.6,7.2340105813379285,0.0,11,0.0,2.306338309214017,-0.42596643235245885,-0.20997195129253995,-0.05407384624641813,0.0,-0.5926525846377025,-0.47247971450894716
12403.0,50,1,427.7,64.97959679776415,0.0,5,0.0,-0.42534802818212547,-0.42596643235245885,-0.1853103087777276,0.11571533047916112,0.0,-0.6629189355738692,-0.47247971450894716
12405.0,149,1,1710.39,42.769103308331616,0.0,54,0.0,0.5652635007637283,-0.42596643235245885,-0.02878758617839745,0.05040988202279294,0.0,-0.08907706959517502,-0.47247971450894716
12406.0,22,2,3415.3,23.678103145939364,0.0,92,0.0,-0.7055209858637811,-0.29559005205372785,0.1792573467257524,-0.005723329410749035,0.0,0.35594315300054696,-0.47247971450894716
12407.0,50,5,1708.1200000000001,16.695276404955607,0.0,57,0.19480519480519481,-0.42534802818212547,0.09553908884246501,-0.02906458730906852,-0.02625491426860152,0.0,-0.053943894127091704,0.22400856668393535
12408.0,33,5,2888.55,24.172746971617563,0.0,81,0.0,-0.5954530382031307,0.09553908884246501,0.1149796614477841,-0.004268929629967138,0.0,0.2271215096175748,-0.47247971450894716
12409.0,79,3,11072.67,61.50616794139595,0.0,91,0.0,-0.1351688934404107,-0.1652136717549969,1.1136626982529592,0.10550241786403441,0.0,0.34423209451118586,-0.47247971450894716
12410.0,309,2,693.3299999999999,28.210280245656218,0.0,26,0.0,2.1662518303731892,-0.29559005205372785,-0.15289629541201954,0.00760261753957482,0.0,-0.41698670729728593,-0.47247971450894716
12412.0,75,3,1226.88,12.510621638051878,0.0,43,0.0,-0.1751936016806472,-0.1652136717549969,-0.08778882701133613,-0.03855904232940982,0.0,-0.21789871297814717,-0.47247971450894716
12413.0,67,3,758.1,10.267213627643855,0.0,29,0.10526315789473684,-0.25524301816112027,-0.1652136717549969,-0.1449926111681581,-0.045155328281363594,0.0,-0.3818535318292026,-0.09613166081174052
12414.0,217,3,562.41,18.57288607241275,0.0,16,0.0,1.2456835408477491,-0.1652136717549969,-0.16887206106288163,-0.020734184104832704,0.0,-0.534097292190897,-0.47247971450894716
12415.0,24,21,124280.93,180.4114166693106,0.0,444,0.0,-0.6855086317436628,2.1815611736221605,14.928119095303565,0.4551191697694809,0.0,4.478235741255656,-0.47247971450894716
12417.0,3,9,3649.1,11.076127647062123,0.0,158,0.11979166666666667,-0.8956383500049045,0.6170446100373889,0.20778724291557485,-0.042776880777444445,0.0,1.1288730132983797,-0.04418778881707393
12418.0,113,1,668.58,16.13403350302239,0.0,34,0.0,0.2050411266015997,-0.42596643235245885,-0.1559164619248429,-0.027905135116739848,0.0,-0.3232982393823971,-0.47247971450894716
12420.0,64,1,600.39,9.201862041164851,0.0,29,0.0,-0.28526154934129766,-0.42596643235245885,-0.16423747826865812,-0.04828777840687822,0.0,-0.3818535318292026,-0.47247971450894716
12421.0,16,4,807.04,11.561200883065126,0.0,32,0.3111111111111111,-0.7655580482241359,-0.03483729145626595,-0.13902061322320555,-0.041350621373238514,0.0,-0.3467203563611193,0.6398378664183525
12422.0,96,3,803.5600000000001,17.520070403299535,0.0,39,0.0,0.034936116580594506,-0.1652136717549969,-0.13944526693894796,-0.023829774909514392,0.0,-0.2647429469355916,-0.47247971450894716
12423.0,1,8,1859.31,7.838852929581782,0.0,97,0.0,-0.9156507041250228,0.48666822973865786,-0.01061533579093655,-0.0522954300749692,0.0,0.4144984454473525,-0.47247971450894716
12424.0,163,2,1760.96,62.474226064024606,0.0,30,0.0,0.7053499796045561,-0.29559005205372785,-0.02261668433785288,0.10834879630493548,0.0,-0.3701424733398415,-0.47247971450894716
12425.0,78,1,777.2,14.685976941632408,0.0,36,0.0,-0.14517507050046982,-0.42596643235245885,-0.14266189680876715,-0.03216285155049457,0.0,-0.2998761224036749,-0.47247971450894716
12426.0,195,1,582.73,11.490219434096032,0.0,30,1.0,1.0255476455264483,-0.42596643235245885,-0.1663924738491212,-0.0415593279181523,0.0,-0.3701424733398415,3.102826795614516
12427.0,22,3,825.8,17.504324559364463,0.0,26,0.0,-0.7055209858637811,-0.1652136717549969,-0.13673138801995033,-0.02387607236796542,0.0,-0.41698670729728593,-0.47247971450894716
12428.0,26,9,7956.46,43.42766763742172,0.0,258,0.034013605442176874,-0.6654962776235446,0.6170446100373889,0.7334011593064804,0.052346256775972516,0.0,2.29997886223449,-0.3508706495387613
12429.0,9,4,3750.4,35.84802256740429,0.0,82,0.0,-0.8356012876445498,-0.03483729145626595,0.22014857090543377,0.030059848746673248,0.0,0.2388325681069359,-0.47247971450894716
12430.0,43,1,256.4,14.033241574593845,0.0,11,0.0,-0.4953912676025394,-0.42596643235245885,-0.20621352185435973,-0.03408208742375722,0.0,-0.5926525846377025,-0.47247971450894716
12431.0,36,15,6419.95,50.3752979156293,0.0,163,0.1282051282051282,-0.5654345070229533,1.3993028918297747,0.5459055613825107,0.07277435357820075,0.0,1.1874283057451853,-0.01410708500593908
12432.0,43,5,5059.32,75.6796474737069,0.0,107,0.0,-0.4953912676025394,0.09553908884246501,0.3798720598737076,0.14717665790219983,0.0,0.5316090303409635,-0.47247971450894716
12433.0,1,7,13375.87,27.0369316523465,0.0,219,0.0,-0.9156507041250228,0.3562918494399269,1.3947151229937595,0.004152624133611209,0.0,1.8432475811494071,-0.47247971450894716
12434.0,85,2,806.14,8.336415331029794,0.0,46,0.0,-0.07513183108005593,-0.29559005205372785,-0.13913043746003548,-0.050832448814465025,0.0,-0.18276553751006386,-0.47247971450894716
12435.0,80,2,7829.89,118.22086735838245,0.0,31,0.0,-0.12516271638035156,-0.29559005205372785,0.7179562108002964,0.2722604811757135,0.0,-0.3584314148504804,-0.47247971450894716
12436.0,100,1,509.01,18.84557161731459,0.0,16,0.0,0.07496082482083102,-0.42596643235245885,-0.17538829911479148,-0.019932407601944258,0.0,-0.534097292190897,-0.47247971450894716
12437.0,2,18,4951.41,18.247716430729014,0.0,118,0.0,-0.9056445270649637,1.7904320327259675,0.36670413387779766,-0.021690279442590797,0.0,0.6604306737239357,-0.47247971450894716
12438.0,14,2,2906.85,40.54791789245686,0.0,84,0.0,-0.7855704023442541,-0.29559005205372785,0.11721275426332621,0.043878937099959,0.0,0.26225468508565813,-0.47247971450894716
12441.0,367,1,173.55,4.004083143265363,0.0,11,0.0,2.746610099856619,-0.42596643235245885,-0.21632345298920486,-0.06357079235998449,0.0,-0.5926525846377025,-0.47247971450894716
12442.0,3,1,172.06,8.012192791822558,0.0,12,0.0,-0.8956383500049045,-0.42596643235245885,-0.2165052731146233,-0.05178575938960669,0.0,-0.5809415261483414,-0.47247971450894716
12444.0,21,5,5005.46,36.38456452930298,0.0,138,0.0,-0.7155271629238402,0.09553908884246501,0.3732996894340847,0.031637441493728796,0.0,0.8946518435111578,-0.47247971450894716
12445.0,22,1,133.4,16.22621335986927,0.0,4,0.0,-0.7055209858637811,-0.42596643235245885,-0.22122283422111833,-0.02763409895570662,0.0,-0.6746299940632302,-0.47247971450894716
12446.0,58,1,1002.3100000000001,6.119333243775087,0.0,57,0.0,-0.34529861170165244,-0.42596643235245885,-0.11519241463900266,-0.057351328732267726,0.0,-0.053943894127091704,-0.47247971450894716
12447.0,243,1,476.49,7.176101973805942,0.0,26,1.0,1.5058441444092865,-0.42596643235245885,-0.1793566148722467,-0.05424411475423671,0.0,-0.41698670729728593,3.102826795614516
12448.0,44,1,449.45,19.12305152907218,0.0,22,0.0,-0.48538509054248025,-0.42596643235245885,-0.18265622305433735,-0.01911653423633964,0.0,-0.46383094125473034,-0.47247971450894716
12449.0,22,4,4067.29,17.994325824835112,0.0,118,0.2513089005235602,-0.7055209858637811,-0.03483729145626595,0.258817684693256,-0.02243532309326003,0.0,0.6604306737239357,0.42602663358490744
12450.0,156,2,197.88,18.193495698031363,0.0,7,0.75,0.6353067401841422,-0.29559005205372785,-0.21335453778690214,-0.021849704502918146,0.0,-0.639496818595147,2.20900016808365
12451.0,11,5,9035.52,21.135579050968854,0.0,265,0.0,-0.8155889335244315,0.09553908884246501,0.8650755381883873,-0.013199105503350076,0.0,2.3819562716600178,-0.47247971450894716
12452.0,17,2,430.57,16.023037669155816,0.0,21,0.0,-0.7555518711640767,-0.29559005205372785,-0.18496009148916992,-0.02823149583947183,0.0,-0.47554199974409145,-0.47247971450894716
12453.0,134,1,707.09,5.037722056802528,0.0,43,0.0,0.41517084486284145,-0.42596643235245885,-0.15121720485781956,-0.06053158691312602,0.0,-0.21789871297814717,-0.47247971450894716
12454.0,56,1,3528.34,104.4952025875328,0.0,15,0.0,-0.3653109658217707,-0.42596643235245885,0.193051270871593,0.23190294955902124,0.0,-0.5458083506802581,-0.47247971450894716
12455.0,73,6,2466.86,23.523037711380642,0.0,85,0.0,-0.19520595580076547,0.22591546914119598,0.06352212541576426,-0.006179267850331976,0.0,0.27396574357501924,-0.47247971450894716
12456.0,44,3,3181.04,34.238720340309676,0.0,105,0.36,-0.48538509054248025,-0.1652136717549969,0.15067131814821683,0.02532802215793719,0.0,0.5081869133622413,0.8146306291354996
12457.0,66,7,2363.23,46.29048069629005,0.0,53,0.0,-0.2652491952211794,0.3562918494399269,0.05087647467944558,0.06076377756384223,0.0,-0.10078812808453612,-0.47247971450894716
12458.0,71,2,947.4,18.02832329094384,0.0,35,0.0,-0.21521830992088373,-0.29559005205372785,-0.12189291335492719,-0.02233536044399846,0.0,-0.311587180893036,-0.47247971450894716
12461.0,94,2,826.88,32.83688746905623,0.0,35,0.0,0.014923762460476244,-0.29559005205372785,-0.1365995989357544,0.021206217103869315,0.0,-0.311587180893036,-0.47247971450894716
12462.0,19,2,1189.59,21.327398878292733,0.0,51,0.0,-0.7355395170439585,-0.29559005205372785,-0.09233921122399004,-0.012635098231194273,0.0,-0.12421024506325833,-0.47247971450894716
12463.0,53,4,1344.78,7.328468719731287,0.0,65,0.0,-0.3953294970019481,-0.03483729145626595,-0.07340185198661386,-0.05379611126087776,0.0,0.03974457378779713,-0.47247971450894716
12464.0,10,8,1212.05,26.566101335118468,0.0,6,0.0,-0.8255951105844906,0.48666822973865786,-0.08959848638043395,0.002768243141443696,0.0,-0.651207877084508,-0.47247971450894716
12465.0,17,2,742.1899999999999,6.353031668294546,0.0,46,0.0,-0.7555518711640767,-0.29559005205372785,-0.14693405962145187,-0.05666418594437554,0.0,-0.18276553751006386,-0.47247971450894716
12468.0,188,2,729.5400000000001,11.894366717135766,0.0,36,0.6842105263157895,0.9555044061060345,-0.29559005205372785,-0.14847770028356155,-0.04037101485460465,0.0,-0.2998761224036749,1.9737826345228962
12471.0,2,30,19788.65,76.27398097613951,0.0,150,0.0,-0.9056445270649637,3.3549485963107393,2.1772469779474366,0.14892417494532512,0.0,1.035184545383491,-0.47247971450894716
12472.0,32,7,6572.11,15.530018825041692,0.0,219,0.3333333333333333,-0.6054592152631898,0.3562918494399269,0.5644731790225593,-0.02968111769175674,0.0,1.8432475811494071,0.7192891221988739
12473.0,29,5,3928.0499999999997,53.393613908786236,0.0,140,0.0,-0.6354777464433672,0.09553908884246501,0.241826654986366,0.081649099184818,0.0,0.91807396048988,-0.47247971450894716
12474.0,17,18,7324.09,10.205039596648508,0.0,253,0.002369668246445498,-0.7555518711640767,1.7904320327259675,0.6562349897018694,-0.045338138401202814,0.0,2.2414235697876848,-0.4640074242005977
12475.0,54,1,723.38,10.979105942725358,0.0,36,0.0,-0.38532331994188895,-0.42596643235245885,-0.14922938617119763,-0.04306215340836227,0.0,-0.2998761224036749,-0.47247971450894716
12476.0,16,11,6816.42,26.005650763997817,0.0,177,0.0,-0.7655580482241359,0.8777973706348507,0.594285578244696,0.001120351981255121,0.0,1.3513831245962409,-0.47247971450894716
12477.0,23,6,13219.74,48.76364839072834,0.0,191,0.0,-0.695514808803722,0.22591546914119598,1.3756630584423608,0.06803562523665238,0.0,1.515337943447296,-0.47247971450894716
12478.0,4,1,680.99,20.812875568850277,0.0,36,0.0,-0.8856321729448454,-0.42596643235245885,-0.15440210772588786,-0.014147949599417195,0.0,-0.2998761224036749,-0.47247971450894716
12479.0,11,1,527.2,9.067401152254927,0.0,31,0.0,-0.8155889335244315,-0.42596643235245885,-0.17316862926152857,-0.04868313336170092,0.0,-0.3584314148504804,-0.47247971450894716
12480.0,28,4,3281.63,28.908123428200177,0.0,129,0.0,-0.6454839235034263,-0.03483729145626595,0.16294600701790993,0.009654483789639704,0.0,0.7892523171069078,-0.47247971450894716
12481.0,23,10,5579.82,20.64966871179722,0.0,150,0.0,-0.695514808803722,0.7474209903361198,0.44338707684035683,-0.014627826239532168,0.0,1.035184545383491,-0.47247971450894716
12483.0,17,8,2484.98,31.407259488477756,0.0,46,0.21333333333333335,-0.7555518711640767,0.48666822973865786,0.06573325338394038,0.01700268617188575,0.0,-0.18276553751006386,0.2902523409840584
12484.0,33,6,4527.32,17.20399297214061,0.0,256,0.3498542274052478,-0.5954530382031307,0.22591546914119598,0.3149537332142313,-0.02475913644750054,0.0,2.276556745255768,0.7783563823272498
12488.0,10,3,1298.66,16.826931830099472,0.0,46,0.38181818181818183,-0.8255951105844906,-0.1652136717549969,-0.07902973398949928,-0.025867808210610296,0.0,-0.18276553751006386,0.8926373166291025
12489.0,336,1,334.93,8.673208227200645,0.0,15,0.0,2.4364186109947856,-0.42596643235245885,-0.1966307470562983,-0.04984217765584258,0.0,-0.5458083506802581,-0.47247971450894716
12490.0,5,10,5417.93,17.133910877765565,0.0,131,0.20408163265306123,-0.8756259958847863,0.7474209903361198,0.4236321371732467,-0.024965198622755737,0.0,0.81267443408563,0.2571746753121678
12491.0,39,1,460.40000000000003,9.367493712916943,0.0,25,0.0,-0.5354159758427759,-0.42596643235245885,-0.1813200281729064,-0.04780077209126012,0.0,-0.42869776578664703,-0.47247971450894716
12492.0,63,2,263.21000000000004,5.372805280200221,0.0,19,0.0,-0.2952677264013568,-0.29559005205372785,-0.2053825184623465,-0.059546342700312685,0.0,-0.49896411672281366,-0.47247971450894716
12493.0,166,2,433.74,5.7762227955256185,0.0,20,0.0,0.7353685107847335,-0.29559005205372785,-0.18457326612166888,-0.058360175370621714,0.0,-0.48725305823345255,-0.47247971450894716
12494.0,16,7,1246.1000000000001,7.523139437715911,0.0,63,0.19480519480519481,-0.7655580482241359,0.3562918494399269,-0.08544346942036783,-0.0532237215233261,0.0,0.016322456809074924,0.22400856668393535
12497.0,82,1,1043.1,44.84968852109857,0.0,14,0.0,-0.10515036226023332,-0.42596643235245885,-0.11021493617201013,0.05652742058338733,0.0,-0.5575194091696192,-0.47247971450894716
12498.0,21,3,403.70000000000005,6.960856110175046,0.0,21,0.0,-0.7155271629238402,-0.1652136717549969,-0.1882389550931927,-0.05487700153180796,0.0,-0.47554199974409145,-0.47247971450894716
12500.0,23,11,4257.82,96.51899053152205,0.0,34,0.0,-0.695514808803722,0.8777973706348507,0.2820674756301545,0.2084505167912079,0.0,-0.3232982393823971,-0.47247971450894716
12501.0,337,1,2169.39,11.642558487285982,0.0,149,0.0,2.446424788054845,-0.42596643235245885,0.027222774604872477,-0.04111140584966149,0.0,1.02347348689413,-0.47247971450894716
12502.0,96,5,3723.87,29.728509806771058,0.0,102,0.0,0.034936116580594506,0.09553908884246501,0.21691119645754672,0.012066663437316502,0.0,0.473053737894158,-0.47247971450894716
12504.0,18,2,482.04999999999995,46.544862617813266,0.0,6,0.0,-0.7455456941040176,-0.29559005205372785,-0.17867814514249727,0.06151173597693064,0.0,-0.651207877084508,-0.47247971450894716
12506.0,233,1,73.5,2.086586656124731,0.0,23,0.0,1.4057823738086952,-0.42596643235245885,-0.22853224731679997,-0.06920880162194928,0.0,-0.45211988276536924,-0.47247971450894716
12507.0,134,3,1304.81,54.53008953561239,0.0,19,0.0,0.41517084486284145,-0.1652136717549969,-0.07827926837116136,0.08499067511625447,0.0,-0.49896411672281366,-0.47247971450894716
12508.0,26,2,397.88,4.4301640849001975,0.0,57,0.25,-0.6654962776235446,-0.29559005205372785,-0.188949151824693,-0.06231798782480324,0.0,-0.053943894127091704,0.4213469130219187
12509.0,284,1,176.5,18.9161684431977,0.0,7,0.0,1.916097403871711,-0.42596643235245885,-0.21596347354626227,-0.01972483196315504,0.0,-0.639496818595147,-0.47247971450894716
12510.0,143,2,982.5699999999999,32.124828805109225,0.0,29,0.0,0.5052264384033736,-0.29559005205372785,-0.11760122623347272,0.019112553115789705,0.0,-0.3818535318292026,-0.47247971450894716
12512.0,66,2,132.18,2.920629700845755,0.0,31,0.0,-0.2652491952211794,-0.29559005205372785,-0.2213717070754878,-0.06675646731909662,0.0,-0.3584314148504804,-0.47247971450894716
12513.0,113,1,612.29,9.986948600695868,0.0,35,0.0,0.2050411266015997,-0.42596643235245885,-0.16278535780390668,-0.045979390712942735,0.0,-0.311587180893036,-0.47247971450894716
12514.0,267,1,1017.68,10.635650297696987,0.0,51,0.0,1.7459923938507056,-0.42596643235245885,-0.1133168607278069,-0.04407201502778647,0.0,-0.12421024506325833,-0.47247971450894716
12515.0,353,1,383.7,22.111873695671594,0.0,16,0.0,2.606523621015791,-0.42596643235245885,-0.19067949368941361,-0.010328509240903316,0.0,-0.534097292190897,-0.47247971450894716
12516.0,78,2,1312.06,32.54597290933833,0.0,20,0.5,-0.14517507050046982,-0.29559005205372785,-0.07739457313003129,0.020350841882517148,0.0,-0.48725305823345255,1.3151735405527845
12517.0,28,5,2481.6,8.363324253769132,0.0,232,0.0,-0.6454839235034263,0.09553908884246501,0.06532080236117904,-0.0507533285883518,0.0,1.9954913415111013,-0.47247971450894716
12518.0,1,5,2056.89,8.975297314683546,0.0,84,0.14516129032258066,-0.9156507041250228,0.09553908884246501,0.01349474500112984,-0.04895394600348276,0.0,0.26225468508565813,0.046516391799297556
12519.0,64,1,330.84,11.00820709877007,0.0,17,0.0,-0.28526154934129766,-0.42596643235245885,-0.1971298371992255,-0.04297658736513127,0.0,-0.5223862337015359,-0.47247971450894716
12520.0,79,5,2634.26,11.726679982218656,0.0,121,0.0,-0.1351688934404107,0.09553908884246501,0.0839494334661333,-0.04086406366638167,0.0,0.695563849192019,-0.47247971450894716
12521.0,143,1,599.68,8.921051867890215,0.0,38,0.0,0.5052264384033736,-0.42596643235245885,-0.16432411738882396,-0.0491134437305927,0.0,-0.2764540054249527,-0.47247971450894716
12522.0,39,2,192.72,4.292248827829067,0.0,11,0.0,-0.5354159758427759,-0.29559005205372785,-0.2139841967447271,-0.06272349964813534,0.0,-0.5926525846377025,-0.47247971450894716
12523.0,19,11,1789.77,5.421290511365846,0.0,84,0.19811320754716982,-0.7355395170439585,0.8777973706348507,-0.01910108848999666,-0.05940378171821256,0.0,0.26225468508565813,0.23583572617588994
12524.0,9,8,4485.72,33.07600885140862,0.0,113,0.22916666666666666,-0.8356012876445498,0.48666822973865786,0.3098774129340919,0.02190930499867272,0.0,0.6018753812771301,0.3468613607276798
12526.0,1,3,1316.66,8.519842518452757,0.0,64,0.0,-0.9156507041250228,-0.1652136717549969,-0.07683324925290046,-0.0502931183966404,0.0,0.028033515298436028,-0.47247971450894716
12527.0,82,3,348.71000000000004,13.665484131048844,0.0,18,0.0,-0.10515036226023332,-0.1652136717549969,-0.1949492159635021,-0.035163403549637116,0.0,-0.5106751752121748,-0.47247971450894716
12528.0,9,6,1933.48,12.022408286335333,0.0,50,0.0,-0.8356012876445498,0.22591546914119598,-0.0015645984068512855,-0.03999453460658075,0.0,-0.13592130355261944,-0.47247971450894716
12530.0,60,4,1662.28,19.07785642520893,0.0,51,0.0,-0.3252862575815342,-0.03483729145626595,-0.03465830177160687,-0.019249421266842846,0.0,-0.12421024506325833,-0.47247971450894716
12531.0,15,1,125.22,6.801954736345584,0.0,17,0.0,-0.775564225284195,-0.42596643235245885,-0.22222101450697268,-0.0553442187723075,0.0,-0.5223862337015359,-0.47247971450894716
12532.0,30,1,349.83000000000004,9.539831562978458,0.0,16,0.0,-0.6254715693833081,-0.42596643235245885,-0.1948125458021137,-0.04729404761935101,0.0,-0.534097292190897,-0.47247971450894716
12534.0,131,1,1089.18,13.107948691309758,0.0,63,0.0,0.38515231368266406,-0.42596643235245885,-0.10459193524631712,-0.036802723357628006,0.0,0.016322456809074924,-0.47247971450894716
12535.0,92,2,716.35,8.9240907753988,0.0,28,0.0,-0.0050885916596420154,-0.29559005205372785,-0.15008723548776925,-0.04910450843981403,0.0,-0.3935645903185637,-0.47247971450894716
12536.0,59,1,4279.71,7.592178656956854,0.0,259,0.0,-0.3352924346415933,-0.42596643235245885,0.2847386451237183,-0.05302072571074983,0.0,2.3116899207238513,-0.47247971450894716
12538.0,29,1,363.95,7.189807997966221,0.0,21,0.0,-0.6354777464433672,-0.42596643235245885,-0.19308952555318176,-0.05420381497184932,0.0,-0.47554199974409145,-0.47247971450894716
12539.0,22,4,5568.35,17.993077023812585,0.0,157,0.0,-0.7055209858637811,-0.03483729145626595,0.44198742795542423,-0.022438994939220937,0.0,1.1171619548090188,-0.47247971450894716
12540.0,20,17,13400.24,29.064644578260108,0.0,277,0.056485355648535567,-0.7255333399838994,1.6600556524272365,1.3976889192732547,0.010114702465214544,0.0,2.5224889735323512,-0.27052725473209877
12541.0,30,3,981.18,12.460669363861442,0.0,46,0.21153846153846154,-0.6254715693833081,-0.1652136717549969,-0.11777084366591006,-0.038705916853786056,0.0,-0.18276553751006386,0.2838351241710162
12544.0,36,1,372.7,10.293882927787461,0.0,19,0.0,-0.5654345070229533,-0.42596643235245885,-0.19202178991733512,-0.04507691261686139,0.0,-0.49896411672281366,-0.47247971450894716
12545.0,75,2,1000.39,14.49607340078051,0.0,42,0.32,-0.1751936016806472,-0.29559005205372785,-0.11542670634423988,-0.03272122437119241,0.0,-0.22960977146750827,0.6716183687305611
12546.0,47,2,1161.5,10.423762822155396,0.0,59,0.0,-0.45536655936230286,-0.29559005205372785,-0.09576694768238231,-0.044695027146770455,0.0,-0.030521777148369494,-0.47247971450894716
12547.0,198,2,207.79999999999998,4.709185552877331,0.0,7,0.0,1.0555661767066258,-0.29559005205372785,-0.21214403064317655,-0.06149758182599595,0.0,-0.639496818595147,-0.47247971450894716
12548.0,166,1,95.19999999999999,5.1154667431232514,0.0,5,1.0,0.7353685107847335,-0.42596643235245885,-0.22588426293990027,-0.06030299444138783,0.0,-0.6629189355738692,3.102826795614516
12550.0,79,1,964.83,17.690194838414094,0.0,57,0.0,-0.1351688934404107,-0.42596643235245885,-0.11976598396832065,-0.023329558535041282,0.0,-0.053943894127091704,-0.47247971450894716
12551.0,358,1,168.0,3.1989581637360205,0.0,10,0.0,2.6565545063160867,-0.42596643235245885,-0.21700070244965616,-0.06593809896110095,0.0,-0.6043636431270636,-0.47247971450894716
12552.0,39,2,437.82,23.762512249782276,0.0,20,0.0,-0.5354159758427759,-0.29559005205372785,-0.18407539624803984,-0.005475141571839276,0.0,-0.48725305823345255,-0.47247971450894716
12553.0,8,10,3692.28,11.880807825798376,0.0,95,0.11518324607329843,-0.8456074647046089,0.7474209903361198,0.21305636574481582,-0.04041088202278714,0.0,0.3910763284686303,-0.06066430496593045
12556.0,50,2,599.56,3.861140237166213,0.0,100,0.0,-0.42534802818212547,-0.29559005205372785,-0.16433876062040131,-0.06399108696491539,0.0,0.4496316209154358,-0.47247971450894716
12557.0,16,5,11990.960000000001,446.19750586925,0.0,15,0.0,-0.7655580482241359,0.09553908884246501,1.2257188076291443,1.2366092234202335,0.0,-0.5458083506802581,-0.47247971450894716
12558.0,8,1,269.96,22.013082391242627,0.0,11,0.0,-0.8456074647046089,-0.42596643235245885,-0.20455883668612193,-0.01061898502174956,0.0,-0.5926525846377025,-0.47247971450894716
12559.0,311,2,561.71,24.540081014342153,0.0,21,0.0,2.1862641844933073,-0.29559005205372785,-0.16895747991374938,-0.003188858428269901,0.0,-0.47554199974409145,-0.47247971450894716
12560.0,5,3,2134.01,17.180256921113195,0.0,91,0.26666666666666666,-0.8756259958847863,-0.1652136717549969,0.02290546182815772,-0.02482892748828341,0.0,0.34423209451118586,0.4809353548573097
12561.0,303,1,238.85,4.683017857108812,0.0,16,0.0,2.1062147680128342,-0.42596643235245885,-0.20835509447254358,-0.06157452262463448,0.0,-0.534097292190897,-0.47247971450894716
12562.0,8,7,3781.7400000000002,19.084931131101076,0.0,99,0.0,-0.8456074647046089,0.3562918494399269,0.22397289488571198,-0.019228619529988004,0.0,0.4379205624260747,-0.47247971450894716
12564.0,261,1,456.9,8.372563611497462,0.0,21,0.0,1.6859553314903508,-0.42596643235245885,-0.18174712242724508,-0.050726162132091634,0.0,-0.47554199974409145,-0.47247971450894716
12565.0,289,1,145.92,4.985759721446672,0.0,9,0.0,1.9661282891720064,-0.42596643235245885,-0.21969505705988404,-0.060684371614414576,0.0,-0.6160747016164247,-0.47247971450894716
12566.0,86,1,351.65,9.859135965605915,0.0,19,0.0,-0.06512565401999679,-0.42596643235245885,-0.19459045678985765,-0.0463551978266798,0.0,-0.49896411672281366,-0.47247971450894716
12567.0,23,10,9401.28,17.3024339679799,0.0,323,0.33183856502242154,-0.695514808803722,0.7474209903361198,0.9097081080360755,-0.024469690677966647,0.0,3.061197664042962,0.7139448673257447
12569.0,2,32,4124.69,14.513757164608462,0.0,92,0.05319148936170213,-0.9056445270649637,3.615701356908201,0.26582203046441,-0.0326692288525998,0.0,0.35594315300054696,-0.2823038363108906
12571.0,40,2,519.61,6.172507623041566,0.0,31,0.0,-0.5254097987827168,-0.29559005205372785,-0.17409481365879442,-0.05719498026184591,0.0,-0.3584314148504804,-0.47247971450894716
12572.0,9,2,1020.42,11.707049057175709,0.0,53,0.0,-0.8356012876445498,-0.29559005205372785,-0.11298250694012463,-0.040921784417348006,0.0,-0.10078812808453612,-0.47247971450894716
12573.0,227,1,160.54000000000002,7.948758213888326,0.0,26,0.0,1.3457453114483404,-0.42596643235245885,-0.21791102334604656,-0.051972275891890005,0.0,-0.41698670729728593,-0.47247971450894716
12574.0,316,1,218.45,6.252552206172219,0.0,11,0.0,2.236295069793603,-0.42596643235245885,-0.2108444438406889,-0.056959625410305255,0.0,-0.5926525846377025,-0.47247971450894716
12576.0,36,5,1315.83,4.8565089619276085,0.0,72,0.0,-0.5654345070229533,0.09553908884246501,-0.07693453160464364,-0.06106440724116617,0.0,0.12172198321332486,-0.47247971450894716
12577.0,35,3,626.6,5.035080889660342,0.0,137,0.0,-0.5754406840830124,-0.1652136717549969,-0.1610391524383106,-0.06053935272907922,0.0,0.8829407850217966,-0.47247971450894716
12578.0,21,2,2794.51,25.465203831639116,0.0,111,0.0,-0.7155271629238402,-0.29559005205372785,0.10350424896835338,-0.0004687225389191373,0.0,0.5784532642984079,-0.47247971450894716
12579.0,78,1,440.42,8.532003659938384,0.0,29,0.0,-0.14517507050046982,-0.42596643235245885,-0.1837581262305311,-0.050257361028221814,0.0,-0.3818535318292026,-0.47247971450894716
12580.0,247,1,415.7,6.165258848310156,0.0,24,0.0,1.545868852649523,-0.42596643235245885,-0.18677463193546015,-0.05721629381279512,0.0,-0.44040882427600814,-0.47247971450894716
12581.0,40,1,197.71,3.7756219292165567,0.0,15,0.0,-0.5254097987827168,-0.42596643235245885,-0.21337528236497,-0.06424253619338657,0.0,-0.5458083506802581,-0.47247971450894716
12582.0,239,2,511.36,22.969411242211955,0.0,21,0.0,1.46581943616905,-0.29559005205372785,-0.17510153582973553,-0.007807094123691405,0.0,-0.47554199974409145,-0.47247971450894716
12583.0,3,15,7281.38,22.17591686712561,0.0,115,0.05668016194331984,-0.8956383500049045,1.3993028918297747,0.6510232195296397,-0.010140203292889933,0.0,0.6252974982558523,-0.26983076251814353
12584.0,4,9,2338.15,16.30945833072536,0.0,44,0.125,-0.8856321729448454,0.6170446100373889,0.04781603927978457,-0.02738933401358227,0.0,-0.20618765448878607,-0.02556640074351424
12585.0,234,2,2040.1,22.168976141315973,0.0,77,0.0,1.4157885508687544,-0.29559005205372785,0.011445912849602388,-0.010160611088503605,0.0,0.18027727566013038,-0.47247971450894716
12586.0,17,1,196.94000000000003,8.664634178922125,0.0,11,0.0,-0.7555518711640767,-0.42596643235245885,-0.2134692431009245,-0.04986738790469103,0.0,-0.5926525846377025,-0.47247971450894716
12587.0,8,1,144.0,10.161364737737413,0.0,4,0.0,-0.8456074647046089,-0.42596643235245885,-0.21992934876512127,-0.04546655545995996,0.0,-0.6746299940632302,-0.47247971450894716
12588.0,39,1,214.89999999999998,9.00508498325005,0.0,10,0.0,-0.5354159758427759,-0.42596643235245885,-0.21127763944151814,-0.04886636140951006,0.0,-0.6043636431270636,-0.47247971450894716
12589.0,29,2,646.68,10.452372920244741,0.0,29,0.0,-0.6354777464433672,-0.29559005205372785,-0.1585888516877048,-0.04461090495979634,0.0,-0.3818535318292026,-0.47247971450894716
12590.0,211,2,9864.26,92.92868335397539,0.0,68,0.0,1.1856464784873944,-0.29559005205372785,0.9662041359999933,0.19789394719326725,0.0,0.07487774925588045,-0.47247971450894716
12591.0,317,1,452.84999999999997,14.520936211606278,0.0,26,0.0,2.2463012468536623,-0.42596643235245885,-0.18224133149297983,-0.03264812032189989,0.0,-0.41698670729728593,-0.47247971450894716
12592.0,92,2,437.6,7.501755785766493,0.0,11,0.0,-0.0050885916596420154,-0.29559005205372785,-0.18410224217259824,-0.053286595812042654,0.0,-0.5926525846377025,-0.47247971450894716
12593.0,109,3,418.09999999999997,7.060304863241017,0.0,14,0.0,0.1650164183613632,-0.1652136717549969,-0.18648176730391366,-0.05458459265667468,0.0,-0.5575194091696192,-0.47247971450894716
12594.0,38,10,3338.2200000000003,15.06336201562172,0.0,50,0.0,-0.545422152902835,0.7474209903361198,0.169851510975917,-0.031053227331233633,0.0,-0.13592130355261944,-0.47247971450894716
12596.0,51,2,618.27,22.139078629520753,0.0,25,0.0,-0.41534185112206634,-0.29559005205372785,-0.16205563676363663,-0.010248518654197512,0.0,-0.42869776578664703,-0.47247971450894716
12597.0,19,4,3811.22,24.5527987143534,0.0,184,0.6213592233009708,-0.7355395170439585,-0.03483729145626595,0.22757024877654156,-0.003151464612461025,0.0,1.4333605340217686,1.7490699616842724
12598.0,10,8,3023.08,14.75940533516818,0.0,84,0.19696969696969696,-0.8255951105844906,0.48666822973865786,0.13139594431526405,-0.03194695026169314,0.0,0.26225468508565813,0.2317473253638562
12599.0,29,7,1032.58,9.57112266697554,0.0,32,0.24193548387096775,-0.6354777464433672,0.3562918494399269,-0.11149865947362232,-0.047202042478618915,0.0,-0.3467203563611193,0.39251379600479397
12600.0,29,10,2599.04,40.75933722999641,0.0,32,0.1875,-0.6354777464433672,0.7474209903361198,0.07965164499818825,0.044500572754157225,0.0,-0.3467203563611193,0.19789025613920222
12601.0,190,5,577.0600000000001,13.235267960620142,0.0,21,0.0,0.9755167602261527,0.09553908884246501,-0.1670843665411498,-0.03642836688583652,0.0,-0.47554199974409145,-0.47247971450894716
12602.0,59,1,153.12,4.742312439383055,0.0,12,0.0,-0.3352924346415933,-0.42596643235245885,-0.2188164631652445,-0.061400178939371705,0.0,-0.5809415261483414,-0.47247971450894716
12603.0,22,1,739.1999999999999,344.5024237940859,0.0,2,0.0,-0.7055209858637811,-0.42596643235245885,-0.14729892014158688,0.9375954737308996,0.0,-0.6980521110419524,-0.47247971450894716
12604.0,79,2,254.18,6.328255025413142,0.0,15,0.0,-0.1351688934404107,-0.29559005205372785,-0.20648442163854025,-0.056737036634315556,0.0,-0.5458083506802581,-0.47247971450894716
12607.0,60,1,1579.51,5.979403091173288,0.0,101,0.0,-0.3252862575815342,-0.42596643235245885,-0.04475847075206712,-0.057762764946982015,0.0,0.4613426794047969,-0.47247971450894716
12609.0,78,3,1126.85,11.517063728264421,0.0,57,0.0,-0.14517507050046982,-0.1652136717549969,-0.09999518080033505,-0.041480397719235486,0.0,-0.053943894127091704,-0.47247971450894716
12610.0,23,5,2099.54,18.07965561038475,0.0,85,0.0,-0.695514808803722,0.09553908884246501,0.018699193557570947,-0.022184428176645225,0.0,0.27396574357501924,-0.47247971450894716
12611.0,52,1,1193.32,16.957082637840106,0.0,65,0.0,-0.4053356740620072,-0.42596643235245885,-0.09188405077579484,-0.025485126174729165,0.0,0.03974457378779713,-0.47247971450894716
12612.0,74,1,704.0400000000001,16.82652448712418,0.0,19,0.0,-0.18519977874070634,-0.42596643235245885,-0.15158938699374322,-0.025869005919958346,0.0,-0.49896411672281366,-0.47247971450894716
12613.0,57,5,3344.38,14.444812522366968,0.0,124,0.0,-0.35530478876171157,0.09553908884246501,0.17060319686355302,-0.03287194658070371,0.0,0.7306970246601023,-0.47247971450894716
12614.0,278,1,315.6,2.840700432528643,0.0,20,0.0,1.8560603415113561,-0.42596643235245885,-0.1989895276095458,-0.06699148311083136,0.0,-0.48725305823345255,-0.47247971450894716
12615.0,2,4,2291.19,18.75354551679627,0.0,82,0.0,-0.9056445270649637,-0.03483729145626595,0.04208565465585786,-0.020202991673698413,0.0,0.2388325681069359,-0.47247971450894716
12616.0,95,2,713.3,14.658441570446485,0.0,25,0.0,0.024929939520535373,-0.29559005205372785,-0.15045941762369297,-0.03224381372112643,0.0,-0.42869776578664703,-0.47247971450894716
12617.0,29,1,352.98,7.666274972319968,0.0,39,0.0,-0.6354777464433672,-0.42596643235245885,-0.19442816097320895,-0.05280286053337072,0.0,-0.2647429469355916,-0.47247971450894716
12618.0,22,1,177.31,8.46423706490485,0.0,11,0.0,-0.7055209858637811,-0.42596643235245885,-0.21586463173311532,-0.05045661494759698,0.0,-0.5926525846377025,-0.47247971450894716
12619.0,16,9,3641.24,52.29322901961952,0.0,50,0.15555555555555556,-0.7655580482241359,0.6170446100373889,0.20682811124726,0.0784136407428057,0.0,-0.13592130355261944,0.0836790759547027
12620.0,15,3,1339.41,7.175569027080603,0.0,89,0.0,-0.775564225284195,-0.1652136717549969,-0.07405713659969916,-0.054245681775920325,0.0,0.32080997753246365,-0.47247971450894716
12621.0,2,20,13689.67,38.81796118358395,0.0,261,0.0,-0.9056445270649637,2.0511847933234293,1.4330071735684655,0.038792350494542036,0.0,2.3351120377025736,-0.47247971450894716
12622.0,232,1,180.1,4.623276091494193,0.0,11,0.0,1.3957761967486362,-0.42596643235245885,-0.21552417659894252,-0.06175018116175317,0.0,-0.5926525846377025,-0.47247971450894716
12623.0,276,1,305.1,8.66373442100155,0.0,18,0.0,1.8360479873912379,-0.42596643235245885,-0.20027081037256178,-0.04987003346024941,0.0,-0.5106751752121748,-0.47247971450894716
12624.0,106,2,641.13,7.714713164962045,0.0,36,0.0,0.1349978871811858,-0.29559005205372785,-0.15926610114815615,-0.052660437858502565,0.0,-0.2998761224036749,-0.47247971450894716
12625.0,212,2,2683.82,33.26730738060531,0.0,73,0.0,1.1956526555474536,-0.29559005205372785,0.08999708810756872,0.02247177949948366,0.0,0.13343304170268597,-0.47247971450894716
12626.0,23,9,6620.48,20.06456022399176,0.0,232,0.0,-0.695514808803722,0.6170446100373889,0.5703756216175195,-0.01634821899937531,0.0,1.9954913415111013,-0.47247971450894716
12627.0,11,7,4478.53,11.934482442148543,0.0,162,0.1608695652173913,-0.8155889335244315,0.3562918494399269,0.30900003930875036,-0.04025306270674453,0.0,1.1757172472558242,0.10267828929352298
12628.0,4,3,786.46,7.599360900599535,0.0,34,0.2682926829268293,-0.8856321729448454,-0.1652136717549969,-0.14153192743871687,-0.052999607780964464,0.0,-0.3232982393823971,0.48674886137783574
12630.0,10,2,1270.88,18.883951614305428,0.0,60,0.0,-0.8255951105844906,-0.29559005205372785,-0.08241964209965012,-0.019819559010064335,0.0,-0.01881071865900839,-0.47247971450894716
12631.0,57,1,640.5,26.501484202705264,0.0,31,0.0,-0.35530478876171157,-0.42596643235245885,-0.15934297811393708,0.002578249577715966,0.0,-0.3584314148504804,-0.47247971450894716
12633.0,59,4,2163.98,30.181442757934796,0.0,73,0.0,-0.3352924346415933,-0.03483729145626595,0.026562608914594738,0.0133984208568663,0.0,0.13343304170268597,-0.47247971450894716
12635.0,90,2,1689.18,13.112677188488433,0.0,96,0.6039603960396039,-0.025100945779760273,-0.29559005205372785,-0.03137577735968973,-0.03678882017132893,0.0,0.4027873869579914,1.686863821308194
12637.0,67,8,6002.9,13.093808620001033,0.0,205,0.0,-0.25524301816112027,0.48666822973865786,0.495014230304814,-0.03684429936756496,0.0,1.6792927622983516,-0.47247971450894716
12638.0,33,1,671.69,23.999062256758673,0.0,39,1.0,-0.5954530382031307,-0.42596643235245885,-0.15553695817313057,-0.004779614284464926,0.0,-0.2647429469355916,3.102826795614516
12639.0,239,1,486.1,22.57095114295885,0.0,22,0.0,1.46581943616905,-0.42596643235245885,-0.17818393607676253,-0.008978685177536005,0.0,-0.46383094125473034,-0.47247971450894716
12640.0,24,3,1174.58,15.644463146454843,0.0,47,0.0,-0.6855086317436628,-0.1652136717549969,-0.09417083544045383,-0.0293446173912692,0.0,-0.17105447902070275,-0.47247971450894716
12641.0,115,1,185.9,8.260037664697554,0.0,10,0.0,0.22505348072171796,-0.42596643235245885,-0.21481642040603843,-0.05105702184136561,0.0,-0.6043636431270636,-0.47247971450894716
12642.0,25,3,1013.26,17.588552924759018,0.0,39,0.0,-0.6755024546836037,-0.1652136717549969,-0.11385621975757172,-0.023628415953781946,0.0,-0.2647429469355916,-0.47247971450894716
12643.0,128,6,3344.64,178.85244586335503,0.0,11,0.0,0.3551337825024867,0.22591546914119598,0.17063492386530388,0.4505353325097751,0.0,-0.5926525846377025,-0.47247971450894716
12644.0,130,1,477.91,5.560847386497311,0.0,31,0.0,0.37514613662260493,-0.42596643235245885,-0.179183336631915,-0.058993443050142626,0.0,-0.3584314148504804,-0.47247971450894716
12645.0,34,4,1775.18,14.852057824200465,0.0,58,0.1917808219178082,-0.5854468611430715,-0.03483729145626595,-0.020881461395939806,-0.031674524421640066,0.0,-0.0422328356377306,0.21319550661062112
12646.0,5,2,1346.97,17.70379111941846,0.0,43,0.0,-0.8756259958847863,-0.29559005205372785,-0.07313461301032767,-0.02328958143013132,0.0,-0.21789871297814717,-0.47247971450894716
12647.0,22,12,3722.82,29.12468444573024,0.0,78,0.30578512396694213,-0.7055209858637811,1.0081737509335817,0.21678306818124515,0.0102912375103392,0.0,0.19198833414949149,0.6207958299089713
12648.0,155,1,318.05,8.957338119691373,0.0,21,0.0,0.6253005631240831,-0.42596643235245885,-0.19869056163150878,-0.04900675137151465,0.0,-0.47554199974409145,-0.47247971450894716
12649.0,107,3,623.51,14.348826522773395,0.0,28,0.0,0.14500406424124493,-0.1652136717549969,-0.16141621565142675,-0.033154173932021844,0.0,-0.3935645903185637,-0.47247971450894716
12650.0,3,1,314.44,23.94229545342191,0.0,20,0.0,-0.8956383500049045,-0.42596643235245885,-0.19913107884812664,-0.004946525548778151,0.0,-0.48725305823345255,-0.47247971450894716
12651.0,335,1,114.0,3.9044045640788823,0.0,9,1.0,2.4264124339347264,-0.42596643235245885,-0.22359015665945262,-0.0638638769921816,0.0,-0.6160747016164247,3.102826795614516
12652.0,331,1,919.98,17.011660034448713,0.0,48,0.0,2.38638772569449,-0.42596643235245885,-0.12523889177034606,-0.025324652416557066,0.0,-0.15934342053134165,-0.47247971450894716
12653.0,149,2,2209.85,62.69382183641587,0.0,37,0.0,0.5652635007637283,-0.29559005205372785,0.032159984185027385,0.10899447310639679,0.0,-0.2881650639143138,-0.47247971450894716
12654.0,11,5,601.98,4.3682877629667844,0.0,31,0.0,-0.8155889335244315,0.09553908884246501,-0.16404345545025856,-0.062499922591566295,0.0,-0.3584314148504804,-0.47247971450894716
12656.0,17,5,4051.17,32.48421949457042,0.0,89,0.0,-0.7555518711640767,0.09553908884246501,0.25685061058470193,0.020169268499330078,0.0,0.32080997753246365,-0.47247971450894716
12657.0,11,4,1643.18,30.52879756792872,0.0,35,0.0,-0.8155889335244315,-0.03483729145626595,-0.03698901613099783,0.014419747179530972,0.0,-0.311587180893036,-0.47247971450894716
12658.0,19,1,686.05,8.707792838091127,0.0,36,0.0,-0.7355395170439585,-0.42596643235245885,-0.15378465146104398,-0.049740488626512085,0.0,-0.2998761224036749,-0.47247971450894716
12659.0,30,1,91.68,5.585738984234764,0.0,5,0.0,-0.6254715693833081,-0.42596643235245885,-0.22631379773283516,-0.05892025435877864,0.0,-0.6629189355738692,-0.47247971450894716
12660.0,11,1,245.1,2.855510866323627,0.0,13,0.0,-0.8155889335244315,-0.42596643235245885,-0.20759242616122456,-0.06694793603605453,0.0,-0.5692304676589803,-0.47247971450894716
12662.0,1,11,3849.78,7.065240961115043,0.0,129,0.13478260869565217,-0.9156507041250228,0.8777973706348507,0.23227560719005552,-0.05457007906266376,0.0,0.7892523171069078,0.009409423812041373
12664.0,8,9,4881.88,98.81014131062572,0.0,10,0.0,-0.8456074647046089,0.6170446100373889,0.35821960144803566,0.2151871806650526,0.0,-0.6043636431270636,-0.47247971450894716
12665.0,325,1,63.0,7.937253933193772,0.0,3,0.0,2.3263506633341353,-0.42596643235245885,-0.22981353007981595,-0.05200610189446321,0.0,-0.6863410525525914,-0.47247971450894716
12667.0,58,1,620.13,26.117632029740165,0.0,33,0.0,-0.34529861170165244,-0.42596643235245885,-0.1618286666741881,0.0014496101664230982,0.0,-0.3350092978717582,-0.47247971450894716
12668.0,12,4,3807.15,28.11642049666051,0.0,115,0.14906832298136646,-0.8055827564643724,-0.03483729145626595,0.22707359917221062,0.0073266419966143154,0.0,0.6252974982558523,0.060485231099519435
12669.0,151,2,1607.73,11.815875799922402,0.0,97,0.0,0.5852758548838466,-0.29559005205372785,-0.041314870792799406,-0.0406018014668341,0.0,0.4144984454473525,-0.47247971450894716
12670.0,10,5,2996.05,19.389599298417107,0.0,58,0.0,-0.8255951105844906,0.09553908884246501,0.1280975564024715,-0.01833280461680655,0.0,-0.0422328356377306,-0.47247971450894716
12672.0,330,1,225.89999999999998,12.750529400773914,0.0,10,0.0,2.376381548634431,-0.42596643235245885,-0.20993534321359664,-0.03785364224272643,0.0,-0.6043636431270636,-0.47247971450894716
12673.0,5,2,610.52,10.091602631403546,0.0,42,0.4523809523809524,-0.8756259958847863,-0.29559005205372785,-0.16300134546967224,-0.04567167677532207,0.0,-0.22960977146750827,1.1449208495945244
12674.0,39,4,1970.6,19.10951263869058,0.0,52,0.0,-0.5354159758427759,-0.03483729145626595,0.002965041227734716,-0.019156342595770856,0.0,-0.11249918657389722,-0.47247971450894716
12676.0,25,6,1331.39,22.285103682990044,0.0,33,0.0,-0.6755024546836037,0.22591546914119598,-0.07503579257678375,-0.00981916162045063,0.0,-0.3350092978717582,-0.47247971450894716
12678.0,42,12,17628.46,155.71285285941283,0.0,105,0.10909090909090909,-0.5053974446625985,1.0081737509335817,1.913645624438914,0.3824980554929782,0.0,0.5081869133622413,-0.08244627704093299
12679.0,59,4,1113.02,17.121998660219766,0.0,43,0.0,-0.3352924346415933,-0.03483729145626595,-0.1016828132396218,-0.025000224080848704,0.0,-0.21789871297814717,-0.47247971450894716
12680.0,1,4,862.81,5.7386538952451005,0.0,33,0.1346153846153846,-0.9156507041250228,-0.03483729145626595,-0.13221517134764355,-0.058470639097238104,0.0,-0.3350092978717582,0.008811546469211343
12681.0,15,22,13787.54,18.867566274905084,0.0,267,0.1206896551724138,-0.775564225284195,2.3119375539208913,1.4449499491890727,-0.019867736775144536,0.0,2.40537838863874,-0.04097720466646018
12682.0,4,31,12279.82,24.998419218570174,0.0,209,0.019083969465648856,-0.8856321729448454,3.48532497660947,1.2609675065743629,-0.001841207959087908,0.0,1.726136996255796,-0.4042486742394154
12683.0,4,15,8476.57,25.063034923300503,0.0,177,0.0,-0.8856321729448454,1.3993028918297747,0.7968685857705033,-0.0016512185931719225,0.0,1.3513831245962409,-0.47247971450894716
12684.0,8,7,2283.63,14.463138910445998,0.0,61,0.0,-0.8456074647046089,0.3562918494399269,0.04116313106648636,-0.032818061555922255,0.0,-0.007099660169647285,-0.47247971450894716
12685.0,28,6,2863.08,11.391930034753,0.0,117,0.08917197452229299,-0.6454839235034263,0.22591546914119598,0.11187163554549674,-0.04184832794895565,0.0,0.6487196152345746,-0.15366257347882942
12686.0,372,1,89.14,3.9516868007761663,0.0,7,0.0,2.7966409851569147,-0.42596643235245885,-0.22662374613455522,-0.0637248531711663,0.0,-0.639496818595147,-0.47247971450894716
12688.0,114,1,4873.8099999999995,25.909800727775,0.0,171,0.0,0.21504730366165883,-0.42596643235245885,0.3572348441244605,0.0008385244026347532,0.0,1.2811167736600741,-0.47247971450894716
12689.0,26,2,1247.61,10.35102443559077,0.0,57,0.0,-0.6654962776235446,-0.29559005205372785,-0.08525920875635318,-0.04490889961011107,0.0,-0.053943894127091704,-0.47247971450894716
12690.0,206,1,389.01,13.081858542144028,0.0,16,0.0,1.1356155931870988,-0.42596643235245885,-0.19003153069211695,-0.036879436146219226,0.0,-0.534097292190897,-0.47247971450894716
12691.0,28,6,1035.8,33.14135354079747,0.0,21,0.1875,-0.6454839235034263,0.22591546914119598,-0.11110573275963075,0.022101437796028658,0.0,-0.47554199974409145,0.19789025613920222
12693.0,127,4,855.91,14.246854036331097,0.0,35,0.28205128205128205,0.34512760544242754,-0.03483729145626595,-0.13305715716333974,-0.03345400333295315,0.0,-0.311587180893036,0.5359400703976707
12694.0,70,2,869.67,15.910949513288465,0.0,32,0.0,-0.22522448698094286,-0.29559005205372785,-0.13137806660913978,-0.028561068313358886,0.0,-0.3467203563611193,-0.47247971450894716
12695.0,7,4,582.1,14.370884541569545,0.0,23,0.0,-0.855613641764668,-0.03483729145626595,-0.16646935081490213,-0.033089316804456134,0.0,-0.45211988276536924,-0.47247971450894716
12697.0,29,3,957.59,17.548235947754087,0.0,37,0.24390243902439024,-0.6354777464433672,-0.1652136717549969,-0.12064945894015262,-0.023746959842280636,0.0,-0.2881650639143138,0.3995462635699463
12700.0,8,4,4939.99,14.368521722278645,0.0,193,0.23134328358208955,-0.8456074647046089,-0.03483729145626595,0.36531058633935554,-0.03309626419504369,0.0,1.5387600604260183,0.35464343335543613
12701.0,80,2,797.71,6.863147029992694,0.0,50,0.0,-0.12516271638035156,-0.29559005205372785,-0.1401591244783426,-0.055164295251895874,0.0,-0.13592130355261944,-0.47247971450894716
12702.0,20,1,219.0,2.744333003912543,0.0,12,1.0,-0.7255333399838994,-0.42596643235245885,-0.21077732902929283,-0.0672748319767787,0.0,-0.5809415261483414,3.102826795614516
12703.0,71,1,283.55,5.230737906607351,0.0,21,0.0,-0.21521830992088373,-0.42596643235245885,-0.20290049070998983,-0.05996406297959936,0.0,-0.47554199974409145,-0.47247971450894716
12704.0,7,8,2340.84,27.9173469702975,0.0,64,0.0,-0.855613641764668,0.48666822973865786,0.048144291720976284,0.006741306694581859,0.0,0.028033515298436028,-0.47247971450894716
12705.0,15,9,6868.29,16.373694993901722,0.0,228,0.15868263473053892,-0.775564225284195,0.6170446100373889,0.6006151150939949,-0.027200459142428732,0.0,1.9486471075536569,0.09485934248669224
12707.0,292,1,603.42,14.285712725243423,0.0,33,0.0,1.996146820352184,-0.42596643235245885,-0.16386773667133067,-0.03333974724462925,0.0,-0.3350092978717582,-0.47247971450894716
12708.0,30,10,2712.91,7.207940993062048,0.0,86,0.0,-0.6254715693833081,0.7474209903361198,0.09354685149577201,-0.054150498579885596,0.0,0.28567680206438034,-0.47247971450894716
12709.0,15,15,9706.52,53.65652422322084,0.0,93,0.09178743961352658,-0.775564225284195,1.3993028918297747,0.946955608091599,0.08242213360641362,0.0,0.36765421148990807,-0.1443114841111413
12710.0,97,3,1149.02,8.775641211555861,0.0,75,0.948051948051948,0.044942293640653636,-0.1652136717549969,-0.09728984376642416,-0.049540994254257016,0.0,0.15685515868140817,2.917096587296414
12712.0,29,13,4396.13,24.125906902041603,0.0,58,0.0,-0.6354777464433672,1.1385501312323127,0.2989450202923203,-0.00440665334830059,0.0,-0.0422328356377306,-0.47247971450894716
12713.0,1,1,848.55,14.375259619153505,0.0,38,0.0,-0.9156507041250228,-0.42596643235245885,-0.13395527536674906,-0.03307645277674833,0.0,-0.2764540054249527,-0.47247971450894716
12714.0,9,5,4708.86,14.33692751641287,0.0,216,0.0,-0.8356012876445498,0.09553908884246501,0.3371065020521285,-0.03318916054530574,0.0,1.8081144056813236,-0.47247971450894716
12715.0,106,1,343.36,15.684684316404432,0.0,20,0.0,0.1349978871811858,-0.42596643235245885,-0.19560206003799122,-0.029226355203972577,0.0,-0.48725305823345255,-0.47247971450894716
12716.0,4,2,1053.49,7.152467813466685,0.0,60,0.0,-0.8856321729448454,-0.29559005205372785,-0.10894707637127335,-0.0543136062061299,0.0,-0.01881071865900839,-0.47247971450894716
12717.0,151,2,1030.98,17.077638169681002,0.0,49,0.0,0.5852758548838466,-0.29559005205372785,-0.11169390256131999,-0.025130657100257157,0.0,-0.14763236204198055,-0.47247971450894716
12718.0,71,1,238.25,8.023529615161902,0.0,19,0.0,-0.21521830992088373,-0.42596643235245885,-0.2084283106304302,-0.051752425761400773,0.0,-0.49896411672281366,-0.47247971450894716
12719.0,5,2,644.95,6.611012721495753,0.0,34,0.5384615384615384,-0.8756259958847863,-0.29559005205372785,-0.15879995827627794,-0.05590564501503658,0.0,-0.3232982393823971,1.4526853294036868
12720.0,3,25,5781.73,10.947516846355194,0.0,211,0.1016949152542373,-0.8956383500049045,2.7030666948170845,0.46802553423850507,-0.04315503473518945,0.0,1.7495591132345183,-0.10888922195401865
12721.0,32,6,2656.13,9.238305665031818,0.0,133,0.0,-0.6054592152631898,0.22591546914119598,0.08661816242110086,-0.048180623327179525,0.0,0.8360965510643522,-0.47247971450894716
12722.0,85,4,997.63,12.79252317289958,0.0,50,0.03773584905660377,-0.07513183108005593,-0.03483729145626595,-0.11576350067051835,-0.037730168078483034,0.0,-0.13592130355261944,-0.33756248771183534
12723.0,4,5,725.07,10.702049000696043,0.0,53,0.0,-0.8856321729448454,0.09553908884246501,-0.14902316065981697,-0.043876783117323175,0.0,-0.10078812808453612,-0.47247971450894716
12724.0,5,4,1031.41,8.80805584396255,0.0,47,0.2830188679245283,-0.8756259958847863,-0.03483729145626595,-0.11164143098150123,-0.049445685606258075,0.0,-0.17105447902070275,0.5393994864693915
12725.0,371,1,427.8,8.889099333257658,0.0,24,0.0,2.7866348080968555,-0.42596643235245885,-0.1852981060847465,-0.04920739367387016,0.0,-0.44040882427600814,-0.47247971450894716
12726.0,28,7,2609.1,11.24606736753999,0.0,57,0.12096774193548387,-0.6454839235034263,0.3562918494399269,0.08087923591208736,-0.04227720751887245,0.0,-0.053943894127091704,-0.03998295925207658
12727.0,11,7,3980.7,28.31090698735873,0.0,109,0.22302158273381295,-0.8155889335244315,0.3562918494399269,0.24825137284091756,0.007898490051219478,0.0,0.5550311473196857,0.3248908021372929
12728.0,71,4,836.33,7.958721066508913,0.0,38,0.17391304347826086,-0.21521830992088373,-0.03483729145626595,-0.13544644444904,-0.0519429821457334,0.0,-0.2764540054249527,0.14931272203426382
12729.0,114,1,453.01,6.143852174203213,0.0,26,0.0,0.21504730366165883,-0.42596643235245885,-0.18222180718421005,-0.0572792357934935,0.0,-0.41698670729728593,-0.47247971450894716
12731.0,24,12,18895.91,71.08949033719003,0.0,109,0.0,-0.6855086317436628,1.0081737509335817,2.0683086566279236,0.13368023242079144,0.0,0.5550311473196857,-0.47247971450894716
12732.0,180,1,236.26000000000002,11.983077335319273,0.0,12,0.0,0.8754549896255615,-0.42596643235245885,-0.2086711442207542,-0.04011017928577445,0.0,-0.5809415261483414,-0.47247971450894716
12733.0,234,1,383.95,16.137965273236063,0.0,22,0.0,1.4157885508687544,-0.42596643235245885,-0.19064898695696084,-0.02789357454438456,0.0,-0.46383094125473034,-0.47247971450894716
12734.0,353,1,110.39999999999999,22.170250336881626,0.0,4,0.0,2.606523621015791,-0.42596643235245885,-0.22402945360677237,-0.010156864575042494,0.0,-0.6746299940632302,-0.47247971450894716
12735.0,315,2,779.5699999999999,11.09023099795671,0.0,38,0.0,2.226288892733544,-0.29559005205372785,-0.14237269298511498,-0.04273541273643281,0.0,-0.2764540054249527,-0.47247971450894716
12736.0,333,1,234.0,21.068459839295333,0.0,4,0.0,2.4064000798146084,-0.42596643235245885,-0.20894692508212714,-0.01339645592334244,0.0,-0.6746299940632302,-0.47247971450894716
12738.0,372,1,155.35,3.433319358606452,0.0,11,0.0,2.7966409851569147,-0.42596643235245885,-0.2185443431117659,-0.06524900743150185,0.0,-0.5926525846377025,-0.47247971450894716
12739.0,78,2,1013.04,30.687671244810794,0.0,38,0.0,-0.14517507050046982,-0.29559005205372785,-0.11388306568213015,0.014886882982777865,0.0,-0.2764540054249527,-0.47247971450894716
12740.0,64,1,427.6,6.322009670018408,0.0,27,0.0,-0.28526154934129766,-0.42596643235245885,-0.1853225114707087,-0.05675539983435055,0.0,-0.4052756488079248,-0.47247971450894716
12743.0,134,2,540.13,3.576922201680672,0.0,114,0.0,0.41517084486284145,-0.29559005205372785,-0.17159082105907175,-0.06482677241583085,0.0,0.6135864397664912,-0.47247971450894716
12744.0,56,5,9522.29,37.49949708293364,0.0,178,0.0,-0.3653109658217707,0.09553908884246501,0.9244745868125102,0.03491567439062938,0.0,1.3630941830856018,-0.47247971450894716
12747.0,2,11,4196.01,46.595948034709835,0.0,42,0.06796116504854369,-0.9056445270649637,0.8777973706348507,0.27452499109853384,0.06166194227746143,0.0,-0.22960977146750827,-0.22949771867531374
12748.0,1,209,33053.19,22.18289069281919,0.0,1768,0.1543517679057117,-0.9156507041250228,26.69232066978358,3.795878069503244,-0.010119698173785203,0.0,19.983677181169757,0.07937516613340974
12749.0,4,5,4090.88,11.160059878220078,0.0,160,0.0,-0.8856321729448454,0.09553908884246501,0.2616962999674986,-0.04253009508588285,0.0,1.152295130277102,-0.47247971450894716
12750.0,129,1,275.88,7.752775724124324,0.0,15,0.0,0.3651399595625458,-0.42596643235245885,-0.20383643726164058,-0.052548522628133094,0.0,-0.5458083506802581,-0.47247971450894716
12752.0,81,1,4366.78,73.19723033217778,0.0,53,0.0,-0.11515653932029245,-0.42596643235245885,0.29536352990236603,0.13987761410740676,0.0,-0.10078812808453612,-0.47247971450894716
12753.0,23,6,21429.39,72.44463078264968,0.0,132,0.2436548223350254,-0.695514808803722,0.22591546914119598,2.3774614427656116,0.13766474787310282,0.0,0.8243854925749912,0.3986609580084449
12754.0,236,3,3010.74,95.04691831946813,0.0,49,0.0,1.4358009049888727,-0.1652136717549969,0.1298901320013957,0.20412218721068423,0.0,-0.14763236204198055,-0.47247971450894716
12755.0,281,1,17.549999999999997,4.150903516103451,0.0,3,0.0,1.8860788726915334,-0.42596643235245885,-0.23535965403972797,-0.06313909685104478,0.0,-0.6863410525525914,-0.47247971450894716
12756.0,87,1,112.07999999999998,22.64865558923973,0.0,4,0.0,-0.055119476959937665,-0.42596643235245885,-0.22382444836468984,-0.0087502110234682,0.0,-0.6746299940632302,-0.47247971450894716
12757.0,16,11,5350.6900000000005,42.87604786922566,0.0,237,0.0,-0.7655580482241359,0.8777973706348507,0.415427046412752,0.05072433079956045,0.0,2.054046633957907,-0.47247971450894716
12758.0,117,2,2791.59,17.02908848653182,0.0,84,0.0,0.24506583484183622,-0.29559005205372785,0.10314793033330512,-0.025273407590334314,0.0,0.26225468508565813,-0.47247971450894716
12759.0,52,3,1531.44,7.374191757484192,0.0,81,0.0,-0.4053356740620072,-0.1652136717549969,-0.05062430526808407,-0.0536616719479169,0.0,0.2271215096175748,-0.47247971450894716
12762.0,8,2,1898.52,27.00914614199592,0.0,62,0.0,-0.8456074647046089,-0.29559005205372785,-0.005830659873045446,0.0040709264795317545,0.0,0.00461139831971382,-0.47247971450894716
12763.0,138,2,494.08,26.31112421612463,0.0,16,1.0,0.45519555310307797,-0.29559005205372785,-0.1772101611768704,0.0020185346709890462,0.0,-0.534097292190897,3.102826795614516
12764.0,317,1,1693.88,29.117840071063654,0.0,45,0.0,2.2463012468536623,-0.42596643235245885,-0.030802250789577813,0.010271113015707083,0.0,-0.19447659599942496,-0.47247971450894716
12766.0,4,7,6989.63,17.53714680295252,0.0,205,0.11290322580645161,-0.8856321729448454,0.3562918494399269,0.6154218627572672,-0.023779565222012897,0.0,1.6792927622983516,-0.0688160762692013
12769.0,239,1,1143.6,32.8962824647406,0.0,32,0.0,1.46581943616905,-0.42596643235245885,-0.09795122972600004,0.021380856034385536,0.0,-0.3467203563611193,-0.47247971450894716
12770.0,211,1,1351.45,71.95736243313351,0.0,12,0.0,1.1856464784873944,-0.42596643235245885,-0.07258793236477418,0.1362320341831126,0.0,-0.5809415261483414,-0.47247971450894716
12772.0,60,1,892.47,18.005438895835056,0.0,55,0.0,-0.3252862575815342,-0.42596643235245885,-0.12859585260944792,-0.022402647363397296,0.0,-0.07736601110581391,-0.47247971450894716
12775.0,17,5,1386.04,10.730962087312923,0.0,47,0.0,-0.7555518711640767,0.09553908884246501,-0.06836702086261012,-0.043791770054075765,0.0,-0.17105447902070275,-0.47247971450894716
12778.0,20,6,822.23,9.273260706054208,0.0,40,0.16,-0.7255333399838994,0.22591546914119598,-0.13716702415937576,-0.04807784512322543,0.0,-0.2530318884462305,0.09956932711080699
12779.0,38,8,3981.36,16.394010021182787,0.0,88,0.0,-0.545422152902835,0.48666822973865786,0.2483319106145929,-0.02714072692767067,0.0,0.30909891904310255,-0.47247971450894716
12781.0,64,2,826.74,15.677647697704316,0.0,25,0.0,-0.28526154934129766,-0.29559005205372785,-0.13661668270592794,-0.02924704495316911,0.0,-0.42869776578664703,-0.47247971450894716
12782.0,5,5,2330.92,17.958129376375716,0.0,81,0.0,-0.8756259958847863,0.09553908884246501,0.046933784577250705,-0.022541751403837344,0.0,0.2271215096175748,-0.47247971450894716
12783.0,2,6,2225.91,47.779489752475214,0.0,76,0.21428571428571427,-0.9056445270649637,0.22591546914119598,0.03411973667779277,0.0651419064971787,0.0,0.16856621717076928,0.2936573948032235
12784.0,9,2,532.8199999999999,10.034853194446105,0.0,54,0.0,-0.8356012876445498,-0.29559005205372785,-0.1724828379159905,-0.045838536977321424,0.0,-0.08907706959517502,-0.47247971450894716
12785.0,364,1,311.95,11.81904602330911,0.0,14,0.0,2.7165915686764417,-0.42596643235245885,-0.19943492590335613,-0.040592480068366556,0.0,-0.5575194091696192,-0.47247971450894716
12787.0,10,3,463.66,13.110849304056705,0.0,17,0.0,-0.8255951105844906,-0.1652136717549969,-0.1809222203817224,-0.03679419469452884,0.0,-0.5223862337015359,-0.47247971450894716
12789.0,65,1,91.85,11.506547049397577,0.0,4,0.0,-0.27525537228123853,-0.42596643235245885,-0.2262930531547673,-0.041511319879069426,0.0,-0.6746299940632302,-0.47247971450894716
12790.0,192,1,324.92,8.612819459829577,0.0,21,0.0,0.995529114346271,-0.42596643235245885,-0.19785223662370688,-0.05001973857031625,0.0,-0.47554199974409145,-0.47247971450894716
12791.0,374,1,192.60000000000002,114.97556262093264,0.0,2,0.0,2.8166533392770328,-0.42596643235245885,-0.21399883997630442,0.2627183212341718,0.0,-0.6980521110419524,-0.47247971450894716
12792.0,257,1,400.53999999999996,9.03351384198493,0.0,25,0.0,1.6459306232501143,-0.42596643235245885,-0.18862456019139562,-0.04878277212007498,0.0,-0.42869776578664703,-0.47247971450894716
12793.0,335,2,545.48,14.02010688623483,0.0,21,0.7083333333333334,2.4264124339347264,-0.29559005205372785,-0.17093797698458266,-0.03412070730917437,0.0,-0.47554199974409145,2.060029063495173
12794.0,53,2,860.41,10.090821997531156,0.0,43,0.0,-0.3953294970019481,-0.29559005205372785,-0.13250803597919003,-0.04567397207079314,0.0,-0.21789871297814717,-0.47247971450894716
12795.0,19,1,430.48,26.537868982077104,0.0,14,0.0,-0.7355395170439585,-0.42596643235245885,-0.1849710739128529,0.0026852316371193084,0.0,-0.5575194091696192,-0.47247971450894716
12797.0,366,1,254.03,8.312727652560323,0.0,13,0.0,2.7366039227965597,-0.42596643235245885,-0.2065027256780119,-0.050902097625558536,0.0,-0.5692304676589803,-0.47247971450894716
12798.0,44,2,3325.44,569.0267034657888,0.0,6,0.0,-0.48538509054248025,-0.29559005205372785,0.16829200681293183,1.5977635506032073,0.0,-0.651207877084508,-0.47247971450894716
12802.0,187,1,427.58,8.190750230188524,0.0,25,0.0,0.9454982290459754,-0.42596643235245885,-0.18532495200930493,-0.05126074748056208,0.0,-0.42869776578664703,-0.47247971450894716
12808.0,37,3,483.65000000000003,3.548799539929408,0.0,27,0.0,-0.5554283299628942,-0.1652136717549969,-0.17848290205479958,-0.06490946139517868,0.0,-0.4052756488079248,-0.47247971450894716
12809.0,178,1,489.31,14.570298349725032,0.0,25,0.0,0.8554426355054432,-0.42596643235245885,-0.1777922296320691,-0.03250298097287353,0.0,-0.42869776578664703,-0.47247971450894716
12811.0,261,3,514.85,5.687414420956057,0.0,27,0.0,1.6859553314903508,-0.1652136717549969,-0.17467566184469496,-0.05862129837226532,0.0,-0.4052756488079248,-0.47247971450894716
12812.0,45,1,229.64000000000001,5.879105212125234,0.0,15,0.0,-0.4753789134824211,-0.42596643235245885,-0.2094789624961033,-0.058057670504734364,0.0,-0.5458083506802581,-0.47247971450894716
12814.0,102,1,125.92,32.470343392086264,0.0,2,0.0,0.09497317894094928,-0.42596643235245885,-0.22213559565610494,0.020128468636148946,0.0,-0.6980521110419524,-0.47247971450894716
12815.0,148,2,1063.46,18.546249955693373,0.0,38,0.0,0.5552573237036692,-0.29559005205372785,-0.10773046788105722,-0.02081250220021058,0.0,-0.2764540054249527,-0.47247971450894716
12816.0,96,2,572.2,13.632566141629802,0.0,27,0.0,0.034936116580594506,-0.29559005205372785,-0.1676774174200315,-0.03526019221677391,0.0,-0.4052756488079248,-0.47247971450894716
12817.0,281,1,166.04,13.358657617190936,0.0,4,0.0,1.8860788726915334,-0.42596643235245885,-0.21723987523208582,-0.036065564642785645,0.0,-0.6746299940632302,-0.47247971450894716
12818.0,262,1,1542.08,118.99735400142585,0.0,14,0.0,1.69596150855041,-0.42596643235245885,-0.04932593873489456,0.27454358256058164,0.0,-0.5575194091696192,-0.47247971450894716
12820.0,3,4,942.34,5.279517831490073,0.0,55,0.0,-0.8956383500049045,-0.03483729145626595,-0.12251036961977106,-0.05982063551043261,0.0,-0.07736601110581391,-0.47247971450894716
12821.0,214,1,92.72,4.392114145450533,0.0,6,0.0,1.2156650096675718,-0.42596643235245885,-0.22618688972583167,-0.06242986594946896,0.0,-0.651207877084508,-0.47247971450894716
12822.0,71,2,948.88,14.571163594662421,0.0,41,0.0,-0.21521830992088373,-0.29559005205372785,-0.12171231349880683,-0.032500436895737755,0.0,-0.24132082995686938,-0.47247971450894716
12823.0,75,5,1759.5,138.96915125307487,0.0,1,0.0,-0.1751936016806472,0.09553908884246501,-0.02279484365537701,0.3332665990761379,0.0,-0.7097631695313136,-0.47247971450894716
12824.0,60,1,397.12,8.947605415230752,0.0,25,0.0,-0.3252862575815342,-0.42596643235245885,-0.18904189229134938,-0.049035368413715724,0.0,-0.42869776578664703,-0.47247971450894716
12826.0,3,7,1474.72,5.609080761062992,0.0,58,0.0,-0.8956383500049045,0.3562918494399269,-0.05754567272696658,-0.05885162260126001,0.0,-0.0422328356377306,-0.47247971450894716
12827.0,6,3,430.15000000000003,8.320543852417341,0.0,19,0.2,-0.8656198188247272,-0.1652136717549969,-0.18501134279969053,-0.05087911567618717,0.0,-0.49896411672281366,0.24258158751574554
12828.0,3,6,1018.71,9.187188522858637,0.0,46,0.0,-0.8956383500049045,0.22591546914119598,-0.11319117299010151,-0.04833092290944751,0.0,-0.18276553751006386,-0.47247971450894716
12829.0,337,2,293.0,21.020824090756893,0.0,9,0.0,2.446424788054845,-0.29559005205372785,-0.20174733622327545,-0.013536519174180956,0.0,-0.6160747016164247,-0.47247971450894716
12830.0,38,6,6814.64,134.07934370776076,0.0,13,0.0,-0.545422152902835,0.22591546914119598,0.5940683703096323,0.31888911238211176,0.0,-0.5692304676589803,-0.47247971450894716
12831.0,262,1,215.05,9.833629939029523,0.0,9,0.0,1.69596150855041,-0.42596643235245885,-0.21125933540204647,-0.04643019312134553,0.0,-0.6160747016164247,-0.47247971450894716
12832.0,32,2,383.03,3.5025311157110677,0.0,27,0.0,-0.6054592152631898,-0.29559005205372785,-0.190761251732387,-0.06504550430635424,0.0,-0.4052756488079248,-0.47247971450894716
12833.0,145,1,417.38,5.030143845005755,0.0,24,1.0,0.5252387925234918,-0.42596643235245885,-0.18656962669337762,-0.06055386910690624,0.0,-0.44040882427600814,3.102826795614516
12834.0,283,1,312.38,4.183209044321924,0.0,18,0.0,1.9060912268116517,-0.42596643235245885,-0.1993824543235374,-0.06304410900176845,0.0,-0.5106751752121748,-0.47247971450894716
12836.0,59,4,2610.36,12.980186558500694,0.0,148,0.0,-0.3352924346415933,-0.03483729145626595,0.0810329898436493,-0.03717838197965762,0.0,1.0117624284047688,-0.47247971450894716
12837.0,173,1,134.1,6.875995795651578,0.0,12,1.0,0.8054117502051474,-0.42596643235245885,-0.2211374153702506,-0.05512651606415008,0.0,-0.5809415261483414,3.102826795614516
12838.0,34,2,671.95,5.674163085044902,0.0,115,0.5083333333333333,-0.5854468611430715,-0.29559005205372785,-0.1555052311713797,-0.05866026123613575,0.0,0.6252974982558523,1.3449677614704798
12839.0,3,14,5591.42,8.728569905895478,0.0,95,0.0,-0.8956383500049045,1.2689265115310437,0.444802589226165,-0.04967939787536704,0.0,0.3910763284686303,-0.47247971450894716
12840.0,144,4,2726.77,10.537611270113604,0.0,67,0.0,0.5152326154634327,-0.03483729145626595,0.09523814474295311,-0.04436027889124386,0.0,0.06316669076651935,-0.47247971450894716
12841.0,5,25,3991.58,10.26473943740959,0.0,229,0.3188405797101449,-0.8756259958847863,2.7030666948170845,0.24957902583726174,-0.04516260313560724,0.0,1.960358166043018,0.6674730858202729
12842.0,70,2,1118.99,30.52241065704494,0.0,34,0.0,-0.22522448698094286,-0.29559005205372785,-0.10095431246864986,0.014400967764309307,0.0,-0.3232982393823971,-0.47247971450894716
12843.0,66,8,1702.26,12.3585156172554,0.0,69,0.1553398058252427,-0.2652491952211794,0.48666822973865786,-0.029779665117761263,-0.03900627921344186,0.0,0.08658880774524155,0.08290770453935778
12844.0,29,2,325.96000000000004,5.307772098117113,0.0,47,0.0,-0.6354777464433672,-0.29559005205372785,-0.1977253286167034,-0.05973755957365693,0.0,-0.17105447902070275,-0.47247971450894716
12845.0,267,4,354.09,41.46181119029277,0.0,26,0.0,1.7459923938507056,-0.03483729145626595,-0.19429271108111867,0.04656605486638051,0.0,-0.41698670729728593,-0.47247971450894716
12847.0,22,1,843.64,12.266688689521004,0.0,72,0.0,-0.7055209858637811,-0.42596643235245885,-0.13455442759212127,-0.03927627765804726,0.0,0.12172198321332486,-0.47247971450894716
12849.0,31,2,1010.29,20.556396554780118,0.0,47,0.0,-0.6154653923232489,-0.29559005205372785,-0.11421863973911052,-0.014902074087532151,0.0,-0.17105447902070275,-0.47247971450894716
12851.0,97,1,131.81,2.8538896481748024,0.0,43,1.0,0.044942293640653636,-0.42596643235245885,-0.2214168570395179,-0.06695270289899276,0.0,-0.21789871297814717,3.102826795614516
12852.0,295,1,311.55,5.111357379865535,0.0,17,0.0,2.026165351532361,-0.42596643235245885,-0.19948373667528055,-0.06031507719004638,0.0,-0.5223862337015359,-0.47247971450894716
12853.0,135,6,1957.1000000000001,16.09245839255821,0.0,66,0.0,0.4251770219229006,0.22591546914119598,0.0013176776752856273,-0.02802737829133559,0.0,0.051455632277158235,-0.47247971450894716
12854.0,79,3,1316.25,15.104773673134451,0.0,95,0.0,-0.1351688934404107,-0.1652136717549969,-0.07688328029412299,-0.030931464756868633,0.0,0.3910763284686303,-0.47247971450894716
12855.0,373,1,38.1,4.330127018922195,0.0,3,0.0,2.8066471622169735,-0.42596643235245885,-0.232852000632111,-0.06261212651465546,0.0,-0.6863410525525914,-0.47247971450894716
12856.0,8,6,2170.78,6.436329248379729,0.0,155,0.0,-0.8456074647046089,0.22591546914119598,0.02739239203730987,-0.05641926631549016,0.0,1.0937398378302965,-0.47247971450894716
12857.0,211,2,1106.4,11.809233470851616,0.0,37,0.0,1.1856464784873944,-0.29559005205372785,-0.10249063151497091,-0.040621331887397194,0.0,-0.2881650639143138,-0.47247971450894716
12863.0,52,1,521.2,133.6212108910857,0.0,5,0.0,-0.4053356740620072,-0.42596643235245885,-0.17390079084039484,0.3175420658133456,0.0,-0.6629189355738692,-0.47247971450894716
12864.0,138,1,147.12,61.143542586278066,0.0,3,1.0,0.45519555310307797,-0.42596643235245885,-0.21954862474411077,0.10443619160261025,0.0,-0.6863410525525914,3.102826795614516
12865.0,26,2,1568.23,7.028926169103318,0.0,86,0.3894736842105263,-0.6654962776235446,-0.29559005205372785,-0.04613493452033571,-0.05467685533843871,0.0,0.28567680206438034,0.9200080841707173
12866.0,283,1,559.12,12.81863463268042,0.0,26,0.0,1.9060912268116517,-0.42596643235245885,-0.16927352966195996,-0.0376533926303531,0.0,-0.41698670729728593,-0.47247971450894716
12867.0,26,7,4009.34,7.132697760988305,0.0,240,0.36142322097378277,-0.6654962776235446,0.3562918494399269,0.2517462241107059,-0.05437173603308403,0.0,2.0891798094259904,0.8197190803484093
12868.0,186,6,1607.0600000000002,5.904255373135322,0.0,72,0.0,0.9354920519859162,0.22591546914119598,-0.04139662883577279,-0.057983721560542954,0.0,0.12172198321332486,-0.47247971450894716
12871.0,84,2,380.64,47.24727870951453,0.0,8,0.0,-0.08513800814011506,-0.29559005205372785,-0.1910528960946354,0.06357704793829456,0.0,-0.6277857601057858,-0.47247971450894716
12872.0,327,2,599.97,8.675186973257638,0.0,58,0.0,2.3463630174542534,-0.29559005205372785,-0.16428872957917875,-0.049836359554651155,0.0,-0.0422328356377306,-0.47247971450894716
12873.0,282,1,374.0,17.0,0.0,4,0.0,1.8960850497515926,-0.42596643235245885,-0.19186315490858075,-0.02535893638143395,0.0,-0.6746299940632302,-0.47247971450894716
12875.0,143,1,49.470000000000006,0.0,0.0,1,0.0,0.5052264384033736,-0.42596643235245885,-0.2314645544401594,-0.07534398620873628,0.0,-0.7097631695313136,-0.47247971450894716
12876.0,58,2,2218.02,20.992060032254077,0.0,67,0.0,-0.34529861170165244,-0.29559005205372785,0.03315694420158364,-0.013621094050504408,0.0,0.06316669076651935,-0.47247971450894716
12877.0,4,12,1535.77,12.410395419152579,0.0,100,0.11688311688311688,-0.8856321729448454,1.0081737509335817,-0.050095928662002256,-0.03885373718503826,0.0,0.4496316209154358,-0.054586745793217685
12878.0,236,2,854.99,6.617481662404997,0.0,38,0.5957446808510638,1.4358009049888727,-0.29559005205372785,-0.1331694219387659,-0.055886624407173145,0.0,-0.2764540054249527,1.657490121309286
12879.0,45,3,573.22,56.14766519336905,0.0,7,0.0,-0.4753789134824211,-0.1652136717549969,-0.16755294995162423,0.08974682804874846,0.0,-0.639496818595147,-0.47247971450894716
12881.0,276,1,298.0,67.25485643643673,0.0,7,0.0,1.8360479873912379,-0.42596643235245885,-0.20113720157422021,0.12240526967969634,0.0,-0.639496818595147,-0.47247971450894716
12882.0,9,2,1463.04,61.75429078832685,0.0,12,0.38461538461538464,-0.8356012876445498,-0.29559005205372785,-0.05897094726715961,0.10623197273857164,0.0,-0.5809415261483414,0.9026381740000774
12883.0,25,4,703.47,4.118723098868968,0.0,39,0.4523809523809524,-0.6755024546836037,-0.03483729145626595,-0.15165894234373553,-0.06323371683686413,0.0,-0.2647429469355916,1.1449208495945244
12884.0,88,1,309.05,55.695937912921444,0.0,7,0.0,-0.045113299899878535,-0.42596643235245885,-0.19978880399980817,0.08841861565924697,0.0,-0.639496818595147,-0.47247971450894716
12885.0,63,3,1175.22,6.173301609069431,0.0,66,0.0,-0.2952677264013568,-0.1652136717549969,-0.09409273820537475,-0.057192645707071506,0.0,0.051455632277158235,-0.47247971450894716
12886.0,68,2,1378.4,5.871800778655694,0.0,75,0.0,-0.24523684110106111,-0.29559005205372785,-0.06929930660636649,-0.058079147708907014,0.0,0.15685515868140817,-0.47247971450894716
12888.0,214,2,354.12,30.414159202581946,0.0,4,0.0,1.2156650096675718,-0.29559005205372785,-0.19428905027322432,0.014082676332238088,0.0,-0.6746299940632302,-0.47247971450894716
12890.0,24,1,376.71999999999997,6.7726714674183475,0.0,78,0.0,-0.6855086317436628,-0.42596643235245885,-0.1915312416594947,-0.055430320281509515,0.0,0.19198833414949149,-0.47247971450894716
12891.0,186,3,331.0,83.91861136442462,0.0,2,0.3333333333333333,0.9354920519859162,-0.1652136717549969,-0.19711031289045572,0.17140165911413338,0.0,-0.6980521110419524,0.7192891221988739
12893.0,31,1,176.55,6.817009545232054,0.0,27,0.0,-0.6154653923232489,-0.42596643235245885,-0.21595737219977174,-0.05529995316217041,0.0,-0.4052756488079248,-0.47247971450894716
12895.0,42,2,372.8,3.0378528245373873,0.0,22,0.0,-0.5053974446625985,-0.29559005205372785,-0.19200958722435402,-0.06641179651447084,0.0,-0.46383094125473034,-0.47247971450894716
12897.0,205,2,216.5,17.365363034884513,0.0,3,0.0,1.1256094161270396,-0.29559005205372785,-0.21108239635382045,-0.024284660528271784,0.0,-0.6863410525525914,-0.47247971450894716
12901.0,10,26,12960.74,217.11977906423198,0.0,30,0.018018018018018018,-0.8255951105844906,2.8334430751158153,1.3440580836213,0.5630526593805878,0.0,-0.3701424733398415,-0.40805977738960547
12902.0,265,1,138.68,4.766596269876441,0.0,10,1.0,1.7259800397305873,-0.42596643235245885,-0.220578532031716,-0.06132877726424173,0.0,-0.6043636431270636,3.102826795614516
12904.0,18,2,496.06,7.420471447219101,0.0,59,0.0,-0.7455456941040176,-0.29559005205372785,-0.17696854785584454,-0.053525595912776225,0.0,-0.030521777148369494,-0.47247971450894716
12906.0,12,5,2919.81,55.308113924618844,0.0,55,0.0,-0.8055827564643724,0.09553908884246501,0.11879422327367736,0.08727829793103942,0.0,-0.07736601110581391,-0.47247971450894716
12908.0,176,2,750.0,80.61017305526642,0.0,1,0.0,0.8354302813853249,-0.29559005205372785,-0.14598102929962758,0.1616738677180258,0.0,-0.7097631695313136,-0.47247971450894716
12909.0,40,5,2178.67,34.821976508183845,0.0,78,0.24175824175824176,-0.5254097987827168,0.09553908884246501,0.028355184513519004,0.02704296854695317,0.0,0.19198833414949149,0.3918801011252967
12910.0,23,8,3075.04,26.802477088696296,0.0,48,0.0,-0.695514808803722,0.48666822973865786,0.13773646358824598,0.0034632580720645127,0.0,-0.15934342053134165,-0.47247971450894716
12912.0,3,5,1662.3,33.47994769748136,0.0,17,0.2916666666666667,-0.8956383500049045,0.09553908884246501,-0.034655861233010656,0.02309700519562146,0.0,-0.5223862337015359,0.5703180176103964
12913.0,5,5,2483.63,46.67830089811212,0.0,37,0.0,-0.8756259958847863,0.09553908884246501,0.06556851702869548,0.061904084158672275,0.0,-0.2881650639143138,-0.47247971450894716
12915.0,149,2,363.65,5.461284932768397,0.0,19,0.0,0.5652635007637283,-0.29559005205372785,-0.1931261336321251,-0.05928618623899959,0.0,-0.49896411672281366,-0.47247971450894716
12916.0,139,4,2944.95,25.8685347678158,0.0,53,1.0,0.4652017301631371,-0.03483729145626595,0.12186198028912704,0.0007171902223563926,0.0,-0.10078812808453612,3.102826795614516
12917.0,128,1,594.0,0.0,0.0,2,0.0,0.3551337825024867,-0.42596643235245885,-0.1650172303501507,-0.07534398620873628,0.0,-0.6980521110419524,-0.47247971450894716
12919.0,8,6,1335.19,19.894144445652586,0.0,34,0.0,-0.8456074647046089,0.22591546914119598,-0.07457209024350178,-0.016849292009471904,0.0,-0.3232982393823971,-0.47247971450894716
12920.0,17,1,162.78,4.576972742673861,0.0,27,0.0,-0.7555518711640767,-0.42596643235245885,-0.21763768302326983,-0.061886326761632894,0.0,-0.4052756488079248,-0.47247971450894716
12921.0,9,37,16587.09,15.952469249561519,0.0,233,0.05555555555555555,-0.8356012876445498,4.267583258401856,1.7865704405415854,-0.028438987955333884,0.0,2.0072024000004625,-0.2738515750576436
12922.0,161,1,405.38,5.352446555266491,0.0,28,0.0,0.6853376254844379,-0.42596643235245885,-0.18803394985111016,-0.05960620339914992,0.0,-0.3935645903185637,-0.47247971450894716
12923.0,64,1,172.82,5.319382696811001,0.0,28,0.0,-0.28526154934129766,-0.42596643235245885,-0.21641253264796692,-0.05970342096458406,0.0,-0.3935645903185637,-0.47247971450894716
12924.0,88,4,933.7,34.26401372842373,0.0,22,0.06666666666666667,-0.045113299899878535,-0.03483729145626595,-0.1235646822933385,0.025402392232359666,0.0,-0.46383094125473034,-0.23412594716738294
12925.0,5,2,694.05,6.168163864112678,0.0,42,0.0,-0.8756259958847863,-0.29559005205372785,-0.1528084360225556,-0.057207752203404634,0.0,-0.22960977146750827,-0.47247971450894716
12928.0,35,5,2062.7000000000003,18.719978318327964,0.0,59,0.0,-0.5754406840830124,0.09553908884246501,0.014203721463332064,-0.020301689208286715,0.0,-0.030521777148369494,-0.47247971450894716
12929.0,312,1,117.85,3.065352170399257,0.0,8,0.0,2.1962703615533665,-0.42596643235245885,-0.2231203529796801,-0.06633094026899297,0.0,-0.6277857601057858,-0.47247971450894716
12930.0,78,2,415.8,5.447373220186039,0.0,20,0.0,-0.14517507050046982,-0.29559005205372785,-0.18676242924247904,-0.05932709080644737,0.0,-0.48725305823345255,-0.47247971450894716
12931.0,22,15,34771.96,374.081273367077,0.0,28,0.0,-0.7055209858637811,1.3993028918297747,4.005614295654575,1.0245660778332666,0.0,-0.3935645903185637,-0.47247971450894716
12933.0,24,3,607.53,6.427519174638178,0.0,102,0.0,-0.6855086317436628,-0.1652136717549969,-0.16336620598980728,-0.056445170549310954,0.0,0.473053737894158,-0.47247971450894716
12935.0,2,7,2160.7,6.150210413461067,0.0,80,0.13953488372093023,-0.9056445270649637,0.3562918494399269,0.026162360584814484,-0.05726054068136892,0.0,0.2154104511282137,0.02640026364781516
12936.0,17,4,1063.9,20.085317365297662,0.0,56,0.0,-0.7555518711640767,-0.03483729145626595,-0.10767677603194035,-0.016287186838054843,0.0,-0.06565495261645281,-0.47247971450894716
12937.0,15,4,1504.27,12.058335782426063,0.0,81,0.0,-0.775564225284195,-0.03483729145626595,-0.05393977695105019,-0.03988889709585926,0.0,0.2271215096175748,-0.47247971450894716
12938.0,26,1,114.14,4.102614342641099,0.0,9,0.0,-0.6654962776235446,-0.42596643235245885,-0.22357307288927908,-0.0632810813652586,0.0,-0.6160747016164247,-0.47247971450894716
12939.0,64,8,11581.8,172.7906293455731,0.0,21,0.23404255319148937,-0.28526154934129766,0.48666822973865786,1.1757902690276567,0.43271179129299314,0.0,-0.47554199974409145,0.3642941495625017
12940.0,55,2,899.69,7.824960197617511,0.0,87,0.8020833333333334,-0.3753171428818298,-0.29559005205372785,-0.12771481817621216,-0.05233627883376164,0.0,0.29738786055374145,2.3952140488192475
12942.0,131,3,675.6,7.261847947373042,0.0,68,0.6571428571428571,0.38515231368266406,-0.1652136717549969,-0.15505983287756936,-0.05399199612122248,0.0,0.07487774925588045,1.877007420715043
12944.0,36,2,604.51,7.678847113239446,0.0,29,0.0,-0.5654345070229533,-0.29559005205372785,-0.16373472731783661,-0.05276589470452979,0.0,-0.3818535318292026,-0.47247971450894716
12945.0,288,1,462.95,8.695647109682318,0.0,23,0.0,1.9561221121119474,-0.42596643235245885,-0.18100885950188825,-0.049776200675906386,0.0,-0.45211988276536924,-0.47247971450894716
12947.0,144,6,1603.99,14.68011230229196,0.0,83,0.0,0.5152326154634327,0.22591546914119598,-0.04177125151029272,-0.03218009533223878,0.0,0.25054362659629703,-0.47247971450894716
12948.0,16,7,2064.95,7.229478967355137,0.0,82,0.21551724137931033,-0.7655580482241359,0.3562918494399269,0.014478282055406862,-0.05408717053763742,0.0,0.2388325681069359,0.2980604816383509
12949.0,31,8,4167.22,8.404646395828001,0.0,166,0.0,-0.6154653923232489,0.48666822973865786,0.27101183578927385,-0.050631829216011594,0.0,1.2225614812132686,-0.47247971450894716
12950.0,2,3,1843.0,66.61718611714254,0.0,13,0.0,-0.9056445270649637,-0.1652136717549969,-0.012605595016154698,0.12053032952185447,0.0,-0.5692304676589803,-0.47247971450894716
12951.0,9,6,1064.07,6.441978257567138,0.0,53,0.1111111111111111,-0.8356012876445498,0.22591546914119598,-0.1076560314538725,-0.05640265655044854,0.0,-0.10078812808453612,-0.07522343560634014
12952.0,6,4,1387.79,5.732306412451426,0.0,64,0.22784810126582278,-0.8656198188247272,-0.03483729145626595,-0.0681534737354408,-0.0584893025821628,0.0,0.028033515298436028,0.3421470852660191
12953.0,10,1,329.85,5.789766580685576,0.0,17,0.0,-0.8255951105844906,-0.42596643235245885,-0.1972506438597384,-0.05832035261908814,0.0,-0.5223862337015359,-0.47247971450894716
12955.0,1,11,4757.16,21.355406689181432,0.0,81,0.0,-0.9156507041250228,0.8777973706348507,0.34300040276200205,-0.012552746947498668,0.0,0.2271215096175748,-0.47247971450894716
12956.0,306,1,108.07,3.7924421609115733,0.0,19,1.0,2.1362332991930115,-0.42596643235245885,-0.22431377635323213,-0.06419307971577586,0.0,-0.49896411672281366,3.102826795614516
12957.0,10,8,4017.54,7.420974880508916,0.0,208,0.0,-0.8255951105844906,0.48666822973865786,0.2527468449351565,-0.05352411566935998,0.0,1.7144259377664348,-0.47247971450894716
12962.0,7,2,266.39,7.712389572413123,0.0,15,0.0,-0.855613641764668,-0.29559005205372785,-0.20499447282554736,-0.05266726991081646,0.0,-0.5458083506802581,-0.47247971450894716
12963.0,8,8,1856.63,8.55868400209427,0.0,75,0.0,-0.8456074647046089,0.48666822973865786,-0.010942367962830133,-0.0501789128969235,0.0,0.15685515868140817,-0.47247971450894716
12965.0,89,1,769.8100000000001,5.507692674783292,0.0,108,1.0,-0.035107122839819406,-0.42596643235245885,-0.14356367582007076,-0.05914973369211799,0.0,0.5433200888303246,3.102826795614516
12966.0,10,1,160.18,3.963964906224295,0.0,10,0.0,-0.8255951105844906,-0.42596643235245885,-0.21795495304077853,-0.06368875189395397,0.0,-0.6043636431270636,-0.47247971450894716
12967.0,358,2,1660.9,58.14987592570974,0.0,19,0.0,2.6565545063160867,-0.29559005205372785,-0.034826698934746096,0.09563392235585488,0.0,-0.49896411672281366,-0.47247971450894716
12968.0,112,1,135.95,21.266182073893752,0.0,5,0.0,0.19503494954154058,-0.42596643235245885,-0.22091166555010017,-0.012815093820497291,0.0,-0.6629189355738692,-0.47247971450894716
12970.0,7,4,405.47,3.516915815139054,0.0,116,0.0,-0.855613641764668,-0.03483729145626595,-0.18802296742742713,-0.0650032090170802,0.0,0.6370085567452135,-0.47247971450894716
12971.0,4,86,11189.91,36.56015994058782,0.0,94,0.05901639344262295,-0.8856321729448454,10.656025893039672,1.127969135504006,0.032153744163288714,0.0,0.37936526997926917,-0.26147801882952965
12974.0,198,1,144.8,7.626504535406206,0.0,8,0.0,1.0555661767066258,-0.42596643235245885,-0.21983172722127242,-0.05291979743165237,0.0,-0.6277857601057858,-0.47247971450894716
12976.0,212,1,738.6,46.288799239826204,0.0,22,0.0,1.1956526555474536,-0.42596643235245885,-0.1473721362994735,0.060758833582364134,0.0,-0.46383094125473034,-0.47247971450894716
12977.0,156,1,39.239999999999995,6.578022119147973,0.0,9,0.0,0.6353067401841422,-0.42596643235245885,-0.2327128899321264,-0.056002647185753436,0.0,-0.6160747016164247,-0.47247971450894716
12980.0,158,9,7374.900000000001,265.2201760900991,0.0,6,0.15,0.6553190943042605,0.6170446100373889,0.6624351780055687,0.7044821147953519,0.0,-0.651207877084508,0.06381626200957231
12981.0,30,2,372.21999999999997,7.948374146889875,0.0,12,0.0,-0.6254715693833081,-0.29559005205372785,-0.1920803628436444,-0.05197340516295204,0.0,-0.5809415261483414,-0.47247971450894716
12982.0,243,1,390.54,5.381140149835285,0.0,28,0.0,1.5058441444092865,-0.42596643235245885,-0.18984482948950607,-0.059521835707723694,0.0,-0.3935645903185637,-0.47247971450894716
12984.0,19,1,97.5,6.551526539669972,0.0,4,0.0,-0.7355395170439585,-0.42596643235245885,-0.2256036010013349,-0.05608055205989527,0.0,-0.6746299940632302,-0.47247971450894716
12985.0,1,2,1239.38,7.834755876804509,0.0,73,0.0,-0.9156507041250228,-0.29559005205372785,-0.08626349038869806,-0.05230747662715845,0.0,0.13343304170268597,-0.47247971450894716
12987.0,74,2,558.7,9.110788563783503,0.0,27,0.0,-0.18519977874070634,-0.29559005205372785,-0.16932478097248063,-0.04855556148363425,0.0,-0.4052756488079248,-0.47247971450894716
12988.0,292,1,505.82,5.620339396157913,0.0,75,1.0,1.996146820352184,-0.42596643235245885,-0.17577756502088873,-0.05881851886971842,0.0,0.15685515868140817,3.102826795614516
12989.0,3,15,6924.110000000001,151.26036573483847,0.0,41,0.015625,-0.8956383500049045,1.3993028918297747,0.6074266583160475,0.36940642074137403,0.0,-0.24132082995686938,-0.416615550288268
12990.0,31,3,409.5,13.227181609599732,0.0,8,0.0,-0.6154653923232489,-0.1652136717549969,-0.18753119890028863,-0.0364521431598763,0.0,-0.6277857601057858,-0.47247971450894716
12991.0,23,2,503.76,7.491363687104849,0.0,31,0.0,-0.695514808803722,-0.29559005205372785,-0.17602894049629947,-0.053317151669066906,0.0,-0.3584314148504804,-0.47247971450894716
12993.0,23,4,414.76,3.7324900986047287,0.0,26,0.0,-0.695514808803722,-0.03483729145626595,-0.18688933724948253,-0.06436935658763805,0.0,-0.41698670729728593,-0.47247971450894716
12994.0,4,3,974.4200000000001,4.064516526004531,0.0,52,0.0,-0.8856321729448454,-0.1652136717549969,-0.11859574571143272,-0.06339310026307567,0.0,-0.11249918657389722,-0.47247971450894716
12995.0,85,1,211.32,55.91060006832336,0.0,3,0.0,-0.07513183108005593,-0.42596643235245885,-0.21171449585024166,0.08904978616123527,0.0,-0.6863410525525914,-0.47247971450894716
12997.0,22,4,1226.89,15.831898001528455,0.0,45,0.3050847457627119,-0.7055209858637811,-0.03483729145626595,-0.08778760674203802,-0.02879350324007934,0.0,-0.19447659599942496,0.6182917631558383
12999.0,196,3,455.88,13.59014558946508,0.0,25,0.0,1.0355538225865075,-0.1652136717549969,-0.18187158989565236,-0.03538492124110657,0.0,-0.42869776578664703,-0.47247971450894716
13000.0,107,3,534.85,12.551081331130206,0.0,30,0.0,0.14500406424124493,-0.1652136717549969,-0.17223512324847404,-0.038440078813261724,0.0,-0.3701424733398415,-0.47247971450894716
13001.0,4,13,9785.970000000001,45.33561715168746,0.0,166,0.032640949554896145,-0.8856321729448454,1.1385501312323127,0.9566506476650867,0.05795619510176959,0.0,1.2225614812132686,-0.3557783150687154
13002.0,318,1,120.94999999999999,5.140351572189812,0.0,7,0.0,2.256307423913721,-0.42596643235245885,-0.22274206949726585,-0.06022982565192689,0.0,-0.639496818595147,-0.47247971450894716
13003.0,106,3,149.05,18.582314620807242,0.0,4,0.0,0.1349978871811858,-0.1652136717549969,-0.2193131127695755,-0.020706461371815185,0.0,-0.6746299940632302,-0.47247971450894716
13004.0,12,18,5655.91,5.668397369130754,0.0,277,0.04702970297029703,-0.8055827564643724,1.7904320327259675,0.4526721059296793,-0.05867721415362156,0.0,2.5224889735323512,-0.3043341113100714
13005.0,174,2,513.7,12.149935738988024,0.0,21,0.3076923076923077,0.8154179272652066,-0.29559005205372785,-0.17481599281397767,-0.039619566013922296,0.0,-0.47554199974409145,0.6276145962982723
13006.0,56,1,81.57,17.128158832752572,0.0,4,0.0,-0.3653109658217707,-0.42596643235245885,-0.22754748999322486,-0.024982111343731232,0.0,-0.6746299940632302,-0.47247971450894716
13008.0,323,1,229.46999999999997,6.893913105928149,0.0,14,0.0,2.306338309214017,-0.42596643235245885,-0.20949970707417118,-0.05507383384962386,0.0,-0.5575194091696192,-0.47247971450894716
13011.0,372,1,50.550000000000004,1.6039014932345452,0.0,3,0.0,2.7966409851569147,-0.42596643235245885,-0.23133276535596348,-0.07062803938182961,0.0,-0.6863410525525914,-0.47247971450894716
13012.0,9,8,1646.8400000000001,7.885784480012358,0.0,67,0.0,-0.8356012876445498,0.48666822973865786,-0.03654239756788939,-0.05215743737574892,0.0,0.06316669076651935,-0.47247971450894716
13013.0,1,13,4810.9400000000005,13.661634085581285,0.0,155,0.0,-0.9156507041250228,1.1385501312323127,0.34956301104724014,-0.03517472382696261,0.0,1.0937398378302965,-0.47247971450894716
13014.0,11,10,3466.2799999999997,29.48633571505251,0.0,67,0.0,-0.8155889335244315,0.7474209903361198,0.18547827960751945,0.011354599670173363,0.0,0.06316669076651935,-0.47247971450894716
13015.0,53,5,3339.64,21.81940221420426,0.0,156,0.0,-0.3953294970019481,0.09553908884246501,0.17002478921624864,-0.011188462274680355,0.0,1.1054508963196576,-0.47247971450894716
13016.0,73,3,789.89,5.488934541892478,0.0,39,0.0,-0.19520595580076547,-0.1652136717549969,-0.14111337506946497,-0.05920488817489532,0.0,-0.2647429469355916,-0.47247971450894716
13017.0,7,1,204.0,0.0,0.0,1,0.0,-0.855613641764668,-0.42596643235245885,-0.21260773297645852,-0.07534398620873628,0.0,-0.7097631695313136,-0.47247971450894716
13018.0,16,28,7277.7,7.516190225475124,0.0,313,0.1943231441048035,-0.7655580482241359,3.0941958357132773,0.650574160427935,-0.05324415427156823,0.0,2.9440870791493507,0.2222850876766167
13021.0,4,9,2616.38,11.858549128537613,0.0,101,0.26717557251908397,-0.8856321729448454,0.6170446100373889,0.0817675919611118,-0.040476329204650094,0.0,0.4613426794047969,0.48275484926449724
13023.0,64,2,689.9,7.781974816926746,0.0,36,0.0,-0.28526154934129766,-0.29559005205372785,-0.15331484778127144,-0.05246266862174244,0.0,-0.2998761224036749,-0.47247971450894716
13026.0,1,5,975.36,27.828289314182534,0.0,32,0.0,-0.9156507041250228,0.09553908884246501,-0.11848104039741034,0.006479450731146012,0.0,-0.3467203563611193,-0.47247971450894716
13027.0,114,6,5856.0,93.80089922624504,0.0,6,0.0,0.21504730366165883,0.22591546914119598,0.47708847431557144,0.20045852094830036,0.0,-0.651207877084508,-0.47247971450894716
13028.0,23,2,661.3199999999999,7.145371801510276,0.0,40,0.0,-0.695514808803722,-0.29559005205372785,-0.15680237743527112,-0.05433447058914262,0.0,-0.2530318884462305,-0.47247971450894716
13029.0,31,3,1247.5,177.64859976931987,0.0,8,0.6,-0.6154653923232489,-0.1652136717549969,-0.08527263171863238,0.44699566739243685,0.0,-0.6277857601057858,1.6727041915651306
13030.0,11,2,752.4399999999999,8.810393988694537,0.0,76,0.0,-0.8155889335244315,-0.29559005205372785,-0.14568328359088867,-0.04943881076620326,0.0,0.16856621717076928,-0.47247971450894716
13032.0,52,2,1010.18,8.868401195173307,0.0,55,0.0,-0.4053356740620072,-0.29559005205372785,-0.11423206270138975,-0.049268252348192446,0.0,-0.07736601110581391,-0.47247971450894716
13033.0,357,1,190.55,3.493806207874418,0.0,11,0.0,2.6465483292560275,-0.42596643235245885,-0.21424899518241708,-0.06507115812711622,0.0,-0.5926525846377025,-0.47247971450894716
13034.0,55,2,642.77,4.891347880092366,0.0,37,1.0,-0.3753171428818298,-0.29559005205372785,-0.15906597698326602,-0.06096197047290766,0.0,-0.2881650639143138,3.102826795614516
13035.0,74,2,921.88,25.226183611500563,0.0,23,0.0,-0.18519977874070634,-0.29559005205372785,-0.12500704060370507,-0.001171512986763745,0.0,-0.45211988276536924,-0.47247971450894716
13037.0,138,3,881.07,8.47357266113987,0.0,44,0.3125,0.45519555310307797,-0.1652136717549969,-0.12998695960929385,-0.05042916552153962,0.0,-0.20618765448878607,0.6448035699046352
13038.0,80,3,908.46,30.38389369873941,0.0,24,0.0,-0.12516271638035156,-0.1652136717549969,-0.12664464200176928,0.013993686760613527,0.0,-0.44040882427600814,-0.47247971450894716
13040.0,9,2,676.99,4.582475490041686,0.0,38,0.4883720930232558,-0.8356012876445498,-0.29559005205372785,-0.15489021544513204,-0.06187014704978772,0.0,-0.2764540054249527,1.2736002090397207
13043.0,273,1,516.42,28.31508920916685,0.0,13,0.0,1.8060294562110604,-0.42596643235245885,-0.17448407956489165,0.00791078702565875,0.0,-0.5692304676589803,-0.47247971450894716
13044.0,291,1,560.47,10.485896462449555,0.0,33,0.0,1.9861406432921247,-0.42596643235245885,-0.16910879330671508,-0.044512335787590736,0.0,-0.3350092978717582,-0.47247971450894716
13045.0,99,1,305.28000000000003,9.790266474772729,0.0,18,0.0,0.0649546477607719,-0.42596643235245885,-0.2002488455251958,-0.04655769458731967,0.0,-0.5106751752121748,-0.47247971450894716
13046.0,31,2,629.31,12.478408289737041,0.0,33,0.0,-0.6154653923232489,-0.29559005205372785,-0.1607084594585227,-0.03865375914238754,0.0,-0.3350092978717582,-0.47247971450894716
13047.0,32,10,3237.54,8.573930276655911,0.0,106,0.18604651162790697,-0.6054592152631898,0.7474209903361198,0.1575658396825409,-0.05013408432082676,0.0,0.5198979718516024,0.19269358970006925
13048.0,14,4,1819.41,7.601956922709203,0.0,77,0.2962962962962963,-0.7855704023442541,-0.03483729145626595,-0.015484210290397255,-0.05299197470481714,0.0,0.18027727566013038,0.5868703625646715
13049.0,64,2,656.6800000000001,45.15949678030691,0.0,14,0.0,-0.28526154934129766,-0.29559005205372785,-0.15736858238959436,0.057438348893589605,0.0,-0.5575194091696192,-0.47247971450894716
13050.0,15,17,5836.86,8.536053650935946,0.0,246,0.04218362282878412,-0.775564225284195,1.6600556524272365,0.474752878878988,-0.050245452851644556,0.0,2.159446160362157,-0.3216603331886025
13052.0,212,1,348.15000000000003,15.400303759418287,0.0,18,0.0,1.1956526555474536,-0.42596643235245885,-0.19501755104419627,-0.0300625185163766,0.0,-0.5106751752121748,-0.47247971450894716
13055.0,78,3,1214.41,5.7344982175441945,0.0,74,0.0,-0.14517507050046982,-0.1652136717549969,-0.08931050282607987,-0.05848285802411728,0.0,0.14514410019204707,-0.47247971450894716
13058.0,25,3,271.40000000000003,37.248451549791206,0.0,5,0.0,-0.6755024546836037,-0.1652136717549969,-0.20438311790719402,0.0341775259504502,0.0,-0.6629189355738692,-0.47247971450894716
13059.0,250,1,183.4,27.509076424232887,0.0,8,0.0,1.5758873838297005,-0.42596643235245885,-0.21512148773056605,0.00554087001293129,0.0,-0.6277857601057858,-0.47247971450894716
13060.0,254,1,307.53,12.509541615445844,0.0,15,0.0,1.615912092069937,-0.42596643235245885,-0.19997428493312097,-0.03856221791669083,0.0,-0.5458083506802581,-0.47247971450894716
13061.0,72,1,248.61,15.128490010572769,0.0,10,0.0,-0.2052121328608246,-0.42596643235245885,-0.20716411163758777,-0.030861731679893607,0.0,-0.6043636431270636,-0.47247971450894716
13062.0,191,1,346.98,28.29439777508165,0.0,11,0.0,0.9855229372862119,-0.42596643235245885,-0.19516032255207522,0.007849948063085392,0.0,-0.5926525846377025,-0.47247971450894716
13064.0,13,4,1105.59,10.572148132360445,0.0,51,0.8235294117647058,-0.7955765794043133,-0.03483729145626595,-0.10258947332811788,-0.04425873025710933,0.0,-0.12421024506325833,2.4718903526515517
13065.0,373,1,205.86,4.704480212088693,0.0,14,0.0,2.8066471622169735,-0.42596643235245885,-0.21238076288701,-0.06151141692562974,0.0,-0.5575194091696192,-0.47247971450894716
13066.0,24,2,470.8,7.57980697372072,0.0,48,0.0,-0.6855086317436628,-0.29559005205372785,-0.18005094810287153,-0.053057102134456045,0.0,-0.15934342053134165,-0.47247971450894716
13067.0,82,1,115.46000000000001,4.930962622141075,0.0,14,1.0,-0.10515036226023332,-0.42596643235245885,-0.2234119973419285,-0.060845491363778224,0.0,-0.5575194091696192,3.102826795614516
13068.0,10,2,344.0,9.899494936611665,0.0,1,0.0,-0.8255951105844906,-0.29559005205372785,-0.19552396280291212,-0.046236530463344444,0.0,-0.7097631695313136,-0.47247971450894716
13069.0,1,24,4186.64,11.419443710330242,0.0,281,0.2718676122931442,-0.9156507041250228,2.5726903145183533,0.2733815987662043,-0.04176742956985796,0.0,2.5693332074897954,0.49953032961445304
13070.0,192,1,228.8,9.171937878357248,0.0,9,0.0,0.995529114346271,-0.42596643235245885,-0.2095814651171446,-0.04837576433446518,0.0,-0.6160747016164247,-0.47247971450894716
13072.0,267,1,177.15,9.165443641355129,0.0,7,0.0,1.7459923938507056,-0.42596643235245885,-0.21588415604188507,-0.048394859320355844,0.0,-0.639496818595147,-0.47247971450894716
13075.0,130,1,919.61,24.03382863447205,0.0,22,0.0,0.37514613662260493,-0.42596643235245885,-0.12528404173437616,-0.004677390806681513,0.0,-0.46383094125473034,-0.47247971450894716
13077.0,1,4,728.02,9.511003877530213,0.0,99,0.0,-0.9156507041250228,-0.03483729145626595,-0.14866318121687438,-0.04737880957779431,0.0,0.4379205624260747,-0.47247971450894716
13078.0,3,26,12627.94,39.6615496696054,0.0,95,0.07541899441340782,-0.8956383500049045,2.8334430751158153,1.3034475213801842,0.041272751230278557,0.0,0.3910763284686303,-0.20283369279572505
13079.0,4,5,220.10000000000002,29.517954987882653,0.0,2,0.3333333333333333,-0.8856321729448454,0.09553908884246501,-0.21064309940650067,0.011447569724756766,0.0,-0.6980521110419524,0.7192891221988739
13080.0,179,1,58.08,4.95916121939991,0.0,6,0.0,0.8654488125655023,-0.42596643235245885,-0.2304139025744863,-0.06076257911148158,0.0,-0.651207877084508,-0.47247971450894716
13081.0,12,11,28337.38,28.966126780263146,0.0,503,0.0,-0.8055827564643724,0.8777973706348507,3.2204222536310168,0.009825030874523117,0.0,5.169188192127961,-0.47247971450894716
13082.0,126,9,2749.63,61.00875003801582,0.0,63,0.0,0.3351214283823684,0.6170446100373889,0.09802768035843364,0.10403986147077275,0.0,0.016322456809074924,-0.47247971450894716
13083.0,4,2,303.75,9.5240465016035,0.0,15,0.7777777777777778,-0.8856321729448454,-0.29559005205372785,-0.20043554672780672,-0.04734046038872478,0.0,-0.5458083506802581,2.308314237809302
13085.0,158,2,416.08000000000004,11.616394072835652,0.0,17,0.0,0.6553190943042605,-0.29559005205372785,-0.18672826170213194,-0.04118833700024983,0.0,-0.5223862337015359,-0.47247971450894716
13089.0,3,97,58762.08,40.47424049642289,0.0,636,0.05733186328555678,-0.8956383500049045,12.090166076325712,6.933054985053138,0.043662303669847004,0.0,6.7267589712129885,-0.2675007304665876
13090.0,9,14,8910.82,90.50230828623191,0.0,98,0.07096774193548387,-0.8356012876445498,1.2689265115310437,0.84985878004095,0.19075968374262717,0.0,0.4262095039367136,-0.21874828475824976
13091.0,28,1,345.82,8.254456920210986,0.0,21,0.0,-0.6454839235034263,-0.42596643235245885,-0.19530187379065603,-0.05107343088790883,0.0,-0.47554199974409145,-0.47247971450894716
13092.0,71,5,477.83,7.727154888228051,0.0,19,0.0,-0.21521830992088373,0.09553908884246501,-0.17919309878629988,-0.05262385549630323,0.0,-0.49896411672281366,-0.47247971450894716
13093.0,276,8,7832.47,48.52181164201813,0.0,97,0.0,1.8360479873912379,0.48666822973865786,0.7182710402792088,0.06732455335816104,0.0,0.4144984454473525,-0.47247971450894716
13094.0,21,12,1927.3200000000002,23.22147900019553,0.0,4,0.125,-0.7155271629238402,1.0081737509335817,-0.0023162842944873087,-0.007065940038828736,0.0,-0.6746299940632302,-0.02556640074351424
13095.0,71,1,74.39999999999999,3.5155426323684367,0.0,6,0.0,-0.21521830992088373,-0.42596643235245885,-0.22842242307997002,-0.06500724658232793,0.0,-0.651207877084508,-0.47247971450894716
13097.0,33,10,6003.22,12.294050793466745,0.0,214,0.28741092636579574,-0.5954530382031307,0.7474209903361198,0.4950532789223536,-0.039195824944570336,0.0,1.7846922887026015,0.5551024416072977
13098.0,1,28,28882.44,57.63690753378791,0.0,156,0.012237762237762238,-0.9156507041250228,3.0941958357132773,3.2869342519938254,0.09412564290702877,0.0,1.1054508963196576,-0.42872596351093273
13099.0,99,1,207.35999999999999,0.0,0.0,1,0.0,0.0649546477607719,-0.42596643235245885,-0.2121977224922934,-0.07534398620873628,0.0,-0.7097631695313136,-0.47247971450894716
13101.0,234,1,101.19,6.812992708263906,0.0,8,0.0,1.4157885508687544,-0.42596643235245885,-0.2251533216303321,-0.05531176385605282,0.0,-0.6277857601057858,-0.47247971450894716
13102.0,1,24,6424.09,18.067166802649286,0.0,140,0.125,-0.9156507041250228,2.5726903145183533,0.5464107528719284,-0.022221148981171158,0.0,0.91807396048988,-0.02556640074351424
13103.0,40,1,243.94,15.509403368832176,0.0,8,0.0,-0.5254097987827168,-0.42596643235245885,-0.20773397739980534,-0.029741733256806457,0.0,-0.6277857601057858,-0.47247971450894716
13104.0,3,6,1098.48,49.456278873364504,0.0,14,0.0,-0.8956383500049045,0.22591546914119598,-0.10345708479907441,0.0700721646005628,0.0,-0.5575194091696192,-0.47247971450894716
13106.0,133,1,76.5,0.0,0.0,1,0.0,0.4051646678027823,-0.42596643235245885,-0.22816616652736685,-0.07534398620873628,0.0,-0.7097631695313136,-0.47247971450894716
13107.0,44,4,1531.6200000000001,20.567550220701172,0.0,54,0.0,-0.48538509054248025,-0.03483729145626595,-0.05060234042071808,-0.014869278996542685,0.0,-0.08907706959517502,-0.47247971450894716
13108.0,373,1,350.06,27.228325202504344,0.0,10,0.0,2.8066471622169735,-0.42596643235245885,-0.1947844796082572,0.004715378024273805,0.0,-0.6043636431270636,-0.47247971450894716
13109.0,60,2,786.54,7.0961082023086,0.0,41,0.0,-0.3252862575815342,-0.29559005205372785,-0.14152216528433198,-0.05447932020448192,0.0,-0.24132082995686938,-0.47247971450894716
13110.0,31,7,1488.67,9.160880829736207,0.0,109,0.2206896551724138,-0.6154653923232489,0.3562918494399269,-0.055843397056102494,-0.04840827534189257,0.0,0.5550311473196857,0.3165534463458861
13113.0,1,24,12245.960000000001,134.30676321835378,0.0,95,0.11,-0.9156507041250228,2.5726903145183533,1.256835674730961,0.3195577932979172,0.0,0.3910763284686303,-0.07919599839536619
13115.0,12,4,2294.78,10.34848472513936,0.0,88,0.0,-0.8055827564643724,-0.03483729145626595,0.04252373133387953,-0.04491636711325581,0.0,0.30909891904310255,-0.47247971450894716
13116.0,138,1,501.14,8.02050937127516,0.0,30,1.0,0.45519555310307797,-0.42596643235245885,-0.1763486510524044,-0.05176130617558721,0.0,-0.3701424733398415,3.102826795614516
13117.0,22,8,984.91,6.254219340685414,0.0,66,0.0,-0.7055209858637811,0.48666822973865786,-0.11731568321771486,-0.05695472353961638,0.0,0.051455632277158235,-0.47247971450894716
13118.0,20,5,1197.81,14.898066702220476,0.0,68,0.5822784810126582,-0.7255333399838994,0.09553908884246501,-0.09133614986094325,-0.031539244653385444,0.0,0.07487774925588045,1.609344329360411
13120.0,239,1,30.599999999999998,0.0,0.0,1,0.0,1.46581943616905,-0.42596643235245885,-0.23376720260569384,-0.07534398620873628,0.0,-0.7097631695313136,-0.47247971450894716
13121.0,269,1,283.73,3.7968145671263507,0.0,50,0.0,1.7660047479708239,-0.42596643235245885,-0.20287852586262384,-0.06418022354268699,0.0,-0.13592130355261944,-0.47247971450894716
13122.0,94,2,922.39,4.765605497476239,0.0,54,0.0,0.014923762460476244,-0.29559005205372785,-0.12494480686950143,-0.06133169042940595,0.0,-0.08907706959517502,-0.47247971450894716
13124.0,90,3,3756.33,14.093029351615321,0.0,185,0.35585585585585583,-0.025100945779760273,-0.1652136717549969,0.22087219059921326,-0.03390629359943474,0.0,1.4450715925111297,0.799814043598051
13126.0,5,8,2099.64,8.181387401596695,0.0,124,0.0,-0.8756259958847863,0.48666822973865786,0.018711396250552043,-0.05128827697783779,0.0,0.7306970246601023,-0.47247971450894716
13127.0,78,1,259.17,6.868984329162917,0.0,15,0.0,-0.14517507050046982,-0.42596643235245885,-0.20587550725878312,-0.0551471318583735,0.0,-0.5458083506802581,-0.47247971450894716
13130.0,94,1,64.0,9.899494936611665,0.0,2,0.0,0.014923762460476244,-0.42596643235245885,-0.22969150315000492,-0.046236530463344444,0.0,-0.6980521110419524,-0.47247971450894716
13131.0,23,3,1073.3,24.59772534130287,0.0,30,0.3181818181818182,-0.695514808803722,-0.1652136717549969,-0.10652972289171654,-0.0030193669838350363,0.0,-0.3701424733398415,0.6651178114394275
13132.0,262,1,77.3,16.67822932248305,0.0,3,0.0,1.69596150855041,-0.42596643235245885,-0.228068544983518,-0.02630503775488393,0.0,-0.6863410525525914,-0.47247971450894716
13133.0,274,2,109.8,4.145752272478651,0.0,7,0.0,1.8160356332711196,-0.29559005205372785,-0.22410266976465903,-0.06315424303747173,0.0,-0.639496818595147,-0.47247971450894716
13134.0,86,4,1793.58,8.53061803237648,0.0,94,0.0,-0.06512565401999679,-0.03483729145626595,-0.018636165887416584,-0.05026143518485262,0.0,0.37936526997926917,-0.47247971450894716
13136.0,56,5,2607.61,8.588852821442538,0.0,94,0.0,-0.3653109658217707,0.09553908884246501,0.08069741578666893,-0.05009020760643208,0.0,0.37936526997926917,-0.47247971450894716
13137.0,11,8,3603.29,4.980639334844974,0.0,345,0.39592430858806404,-0.8155889335244315,0.48666822973865786,0.20219718926093083,-0.06069942707202758,0.0,3.318840950808906,0.9430710435020891
13138.0,22,6,962.39,3.9158336728996344,0.0,31,0.0,-0.7055209858637811,0.22591546914119598,-0.12006372967705961,-0.06383027201724707,0.0,-0.3584314148504804,-0.47247971450894716
13139.0,16,7,5064.94,18.783841726427546,0.0,132,0.17058823529411765,-0.7655580482241359,0.3562918494399269,0.3805578512192456,-0.020113911817933837,0.0,0.8243854925749912,0.13742551368858483
13140.0,108,3,422.47,6.968258648030985,0.0,40,0.0,0.15501024130130406,-0.1652136717549969,-0.18594850962063936,-0.054855235871597505,0.0,-0.2530318884462305,-0.47247971450894716
13141.0,85,5,2388.75,10.04593343631965,0.0,113,0.0,-0.07513183108005593,0.09553908884246501,0.05399060192822346,-0.04580595777484214,0.0,0.6018753812771301,-0.47247971450894716
13142.0,19,1,307.09,7.405796656043964,0.0,23,1.0,-0.7355395170439585,-0.42596643235245885,-0.20002797678223783,-0.053568744157958245,0.0,-0.45211988276536924,3.102826795614516
13144.0,333,1,110.95,23.180613307963473,0.0,3,0.0,2.4064000798146084,-0.42596643235245885,-0.2239623387953763,-0.007186097313090298,0.0,-0.6863410525525914,-0.47247971450894716
13145.0,40,4,618.52,104.31928041674112,0.0,5,0.0,-0.5254097987827168,-0.03483729145626595,-0.16202513003118388,0.23138568611944782,0.0,-0.6629189355738692,-0.47247971450894716
13146.0,26,1,228.91,14.158323134135209,0.0,16,1.0,-0.6654962776235446,-0.42596643235245885,-0.20956804215486535,-0.033714310483395356,0.0,-0.534097292190897,3.102826795614516
13147.0,10,4,712.8000000000001,68.58921197972755,0.0,1,0.0,-0.8255951105844906,-0.03483729145626595,-0.1505204310885985,0.12632867134550393,0.0,-0.7097631695313136,-0.47247971450894716
13148.0,29,12,3683.26,9.106043710156573,0.0,231,0.46153846153846156,-0.6354777464433672,1.0081737509335817,0.21195568283792018,-0.04856951276274985,0.0,1.9837802830217404,1.177661751701882
13149.0,14,4,1676.06,12.539046086985477,0.0,76,0.0,-0.7855704023442541,-0.03483729145626595,-0.03297677067881066,-0.03847546600610043,0.0,0.16856621717076928,-0.47247971450894716
13151.0,296,1,1257.8700000000001,9.517896244776134,0.0,73,0.0,2.0361715285924205,-0.42596643235245885,-0.08400721245649183,-0.047358543970722825,0.0,0.13343304170268597,-0.47247971450894716
13153.0,6,1,486.22,40.68028688385052,0.0,15,1.0,-0.8656198188247272,-0.42596643235245885,-0.1781692928451852,0.044268141254688524,0.0,-0.5458083506802581,3.102826795614516
13155.0,33,4,971.76,8.932254675356841,0.0,67,0.07058823529411765,-0.5954530382031307,-0.03483729145626595,-0.1189203373447301,-0.049080504148861816,0.0,0.06316669076651935,-0.2201051373237615
13157.0,49,4,1741.22,9.976240665371847,0.0,69,0.0,-0.4353542052421846,-0.03483729145626595,-0.025025495932322922,-0.04601087522357325,0.0,0.08658880774524155,-0.47247971450894716
13158.0,95,4,1201.06,6.350932643304625,0.0,59,0.0,0.024929939520535373,-0.03483729145626595,-0.09093956233905735,-0.05667035770135848,0.0,-0.030521777148369494,-0.47247971450894716
13159.0,9,4,1429.35,7.75578294001354,0.0,114,0.0,-0.8356012876445498,-0.03483729145626595,-0.06308203453249374,-0.052539680520129334,0.0,0.6135864397664912,-0.47247971450894716
13160.0,22,1,91.8,9.367496997597597,0.0,4,0.0,-0.7055209858637811,-0.42596643235245885,-0.22629915450125784,-0.047800762433323284,0.0,-0.6746299940632302,-0.47247971450894716
13161.0,313,1,112.75,8.528458138156376,0.0,8,1.0,2.2062765386134258,-0.42596643235245885,-0.22374269032171643,-0.05026778591545343,0.0,-0.6277857601057858,3.102826795614516
13162.0,122,4,1688.29,14.115659768421217,0.0,74,0.46835443037974683,0.2950967201421319,-0.03483729145626595,-0.031484381327221575,-0.03383975345169031,0.0,0.14514410019204707,1.2020309294729281
13165.0,46,2,1021.48,23.382023093584024,0.0,40,0.0,-0.465372736422362,-0.29559005205372785,-0.11285315839452492,-0.006593892714857971,0.0,-0.2530318884462305,-0.47247971450894716
13166.0,283,1,417.2,7.054184236600461,0.0,39,0.0,1.9060912268116517,-0.42596643235245885,-0.1865915915407436,-0.05460258911712188,0.0,-0.2647429469355916,-0.47247971450894716
13167.0,19,4,791.33,8.613748815344346,0.0,51,0.0,-0.7355395170439585,-0.03483729145626595,-0.14093765629053706,-0.050017005989039014,0.0,-0.12421024506325833,-0.47247971450894716
13168.0,36,4,1299.59,8.44939461530111,0.0,102,0.18253968253968253,-0.5654345070229533,-0.03483729145626595,-0.07891624894477503,-0.05050025615836181,0.0,0.473053737894158,0.18015560083105006
13169.0,64,2,712.88,54.94673229359132,0.0,11,0.0,-0.28526154934129766,-0.29559005205372785,-0.1505106689342136,0.08621572858788748,0.0,-0.5926525846377025,-0.47247971450894716
13170.0,27,1,108.81,2.4871229050506503,0.0,29,1.0,-0.6554901005634854,-0.42596643235245885,-0.22422347642517196,-0.06803110607134912,0.0,-0.3818535318292026,3.102826795614516
13171.0,22,3,468.41,13.736679796652057,0.0,37,0.5,-0.7055209858637811,-0.1652136717549969,-0.18034259246511994,-0.03495406714418626,0.0,-0.2881650639143138,1.3151735405527845
13173.0,4,2,353.65,6.17069159600275,0.0,41,0.0,-0.8856321729448454,-0.29559005205372785,-0.19434640293023556,-0.05720031992078844,0.0,-0.24132082995686938,-0.47247971450894716
13174.0,16,3,2742.82,7.989480756496462,0.0,228,0.5187713310580204,-0.7655580482241359,-0.1652136717549969,0.09719667696642041,-0.05185253952004518,0.0,1.9486471075536569,1.3822868026882076
13176.0,46,1,481.49,6.607057223608555,0.0,66,0.0,-0.465372736422362,-0.42596643235245885,-0.17874648022319145,-0.05591727535380031,0.0,0.051455632277158235,-0.47247971450894716
13177.0,65,1,282.45,2.402067124496781,0.0,17,0.0,-0.27525537228123853,-0.42596643235245885,-0.20303472033278197,-0.06828119533188355,0.0,-0.5223862337015359,-0.47247971450894716
13178.0,26,11,5725.47,12.183851294641027,0.0,95,0.04150943396226415,-0.6654962776235446,0.8777973706348507,0.4611602991673357,-0.039519844205731944,0.0,0.3910763284686303,-0.3240707650321242
13182.0,45,1,121.18,3.564410954778567,0.0,11,0.0,-0.4753789134824211,-0.42596643235245885,-0.22271400330340932,-0.06486355919817223,0.0,-0.5926525846377025,-0.47247971450894716
13183.0,8,9,3957.78,41.05960779262501,0.0,51,0.2978723404255319,-0.8456074647046089,0.6170446100373889,0.24545451560964845,0.04538345740325502,0.0,-0.12421024506325833,0.5925052034001695
13184.0,15,10,1668.95,9.617661420117448,0.0,138,0.0,-0.775564225284195,0.7474209903361198,-0.03384438214976719,-0.047065204720107216,0.0,0.8946518435111578,-0.47247971450894716
13185.0,268,1,71.4,0.0,0.0,1,0.0,1.7559985709107648,-0.42596643235245885,-0.22878850386940316,-0.07534398620873628,0.0,-0.7097631695313136,-0.47247971450894716
13186.0,40,3,1575.89,9.2478545508795,0.0,69,0.0,-0.5254097987827168,-0.1652136717549969,-0.04520020823798309,-0.04815254676630354,0.0,0.08658880774524155,-0.47247971450894716
13187.0,337,1,236.02,5.134776195373717,0.0,37,0.0,2.446424788054845,-0.42596643235245885,-0.20870043068390884,-0.060246218915924445,0.0,-0.2881650639143138,-0.47247971450894716
13188.0,11,1,114.60000000000001,59.82123368838193,0.0,2,0.0,-0.8155889335244315,-0.42596643235245885,-0.223516940501566,0.10054821065270299,0.0,-0.6980521110419524,-0.47247971450894716
13189.0,19,2,260.68,4.765313919225937,0.0,29,0.0,-0.7355395170439585,-0.29559005205372785,-0.20569124659476845,-0.06133254775607475,0.0,-0.3818535318292026,-0.47247971450894716
13192.0,95,2,911.94,4.8288841485187515,0.0,57,0.0,0.024929939520535373,-0.29559005205372785,-0.12621998828602685,-0.061145632398502146,0.0,-0.053943894127091704,-0.47247971450894716
13193.0,61,1,112.08,4.223970998953472,0.0,22,1.0,-0.31528008052147505,-0.42596643235245885,-0.22382444836468984,-0.0629242567468675,0.0,-0.46383094125473034,3.102826795614516
13194.0,136,1,60.7,12.691072978016214,0.0,3,0.0,0.4351831989829597,-0.42596643235245885,-0.23009419201838135,-0.03802846178708506,0.0,-0.6863410525525914,-0.47247971450894716
13196.0,11,4,1797.78,8.565039183419493,0.0,97,0.0,-0.8155889335244315,-0.03483729145626595,-0.018123652782210186,-0.05016022677602921,0.0,0.4144984454473525,-0.47247971450894716
13198.0,10,6,3401.2400000000002,6.137832402067542,0.0,199,0.0,-0.8255951105844906,0.22591546914119598,0.1775416480926091,-0.05729693571173764,0.0,1.609026411362185,-0.47247971450894716
13199.0,4,38,9817.12,72.05896798929794,0.0,48,0.008403361344537815,-0.8856321729448454,4.397959638700587,0.9604517865287007,0.13653078470003085,0.0,-0.15934342053134165,-0.4424351219869012
13200.0,19,4,870.09,13.46187369326177,0.0,42,0.043478260869565216,-0.7355395170439585,-0.03483729145626595,-0.13132681529861914,-0.035762078718939806,0.0,-0.22960977146750827,-0.3170316053731444
13203.0,10,4,869.46,8.033449630757936,0.0,56,0.0,-0.8255951105844906,-0.03483729145626595,-0.13140369226440007,-0.051723257968821046,0.0,-0.06565495261645281,-0.47247971450894716
13207.0,15,2,250.26000000000002,19.08126511978251,0.0,7,0.0,-0.775564225284195,-0.29559005205372785,-0.20696276720339954,-0.01923939869224835,0.0,-0.639496818595147,-0.47247971450894716
13208.0,59,6,1217.65,6.7779009013021705,0.0,124,0.0,-0.3352924346415933,0.22591546914119598,-0.08891513557349208,-0.05541494419249472,0.0,0.7306970246601023,-0.47247971450894716
13209.0,30,8,5891.61,11.500654173541285,0.0,255,0.0,-0.6254715693833081,0.48666822973865786,0.48143385328614274,-0.04152864668455783,0.0,2.2648456867664066,-0.47247971450894716
13210.0,94,1,353.48,6.0310925977038305,0.0,22,0.0,0.014923762460476244,-0.42596643235245885,-0.19436714750830342,-0.05761078244348332,0.0,-0.46383094125473034,-0.47247971450894716
13211.0,10,3,1095.42,40.49546700990332,0.0,45,0.0,-0.8255951105844906,-0.1652136717549969,-0.10383048720429619,0.043724715924786973,0.0,-0.19447659599942496,-0.47247971450894716
13212.0,20,3,786.83,5.520638862014266,0.0,128,1.0,-0.7255333399838994,-0.1652136717549969,-0.14148677747468677,-0.05911166805601129,0.0,0.7775412586175467,3.102826795614516
13213.0,57,5,1520.58,9.658203499174197,0.0,82,0.0,-0.35530478876171157,0.09553908884246501,-0.05194951772583205,-0.046945998964709926,0.0,0.2388325681069359,-0.47247971450894716
13216.0,268,1,333.74,33.546316042152824,0.0,5,0.0,1.7559985709107648,-0.42596643235245885,-0.19677595910277346,0.023292147843583744,0.0,-0.6629189355738692,-0.47247971450894716
13217.0,122,3,533.98,83.11892744736305,0.0,3,0.5,0.2950967201421319,-0.1652136717549969,-0.17234128667740967,0.1690503508529325,0.0,-0.6863410525525914,1.3151735405527845
13218.0,127,1,62.63999999999999,5.9224589487813235,0.0,5,0.0,0.34512760544242754,-0.42596643235245885,-0.2298574597745479,-0.05793019764079587,0.0,-0.6629189355738692,-0.47247971450894716
13220.0,78,4,819.2900000000001,45.97204644957525,0.0,18,0.047619047619047616,-0.14517507050046982,-0.03483729145626595,-0.1375257833330202,0.05982748628803291,0.0,-0.5106751752121748,-0.302227023550687
13221.0,240,2,847.41,9.85428113630247,0.0,62,0.0,1.4758256132291092,-0.29559005205372785,-0.13409438606673363,-0.04636947246695249,0.0,0.00461139831971382,-0.47247971450894716
13223.0,200,2,163.20000000000002,38.11676796371907,0.0,5,0.0,1.075578530826744,-0.29559005205372785,-0.21758643171274916,0.036730634139629535,0.0,-0.6629189355738692,-0.47247971450894716
13224.0,60,2,2155.95,21.87519890964305,0.0,101,0.0,-0.3252862575815342,-0.29559005205372785,0.025582732668212017,-0.01102440341575643,0.0,0.4613426794047969,-0.47247971450894716
13225.0,3,7,6463.84,112.59705445067266,0.0,23,0.0,-0.8956383500049045,0.3562918494399269,0.5512613233319175,0.2557248006809312,0.0,-0.45211988276536924,-0.47247971450894716
13226.0,273,1,108.21000000000001,4.14974974145028,0.0,16,0.0,1.8060294562110604,-0.42596643235245885,-0.22429669258305857,-0.06314248929125232,0.0,-0.534097292190897,-0.47247971450894716
13227.0,202,1,257.7,22.122895380125993,0.0,9,1.0,1.0955908849468623,-0.42596643235245885,-0.20605488684560536,-0.010296102214630735,0.0,-0.6160747016164247,3.102826795614516
13228.0,81,1,358.0,0.0,0.0,2,0.0,-0.11515653932029245,-0.42596643235245885,-0.1938155857855575,-0.07534398620873628,0.0,-0.6980521110419524,-0.47247971450894716
13229.0,226,1,160.95,2.809848750377856,0.0,10,0.0,1.3357391343882814,-0.42596643235245885,-0.21786099230482403,-0.06708219622080568,0.0,-0.6043636431270636,-0.47247971450894716
13230.0,4,14,2755.63,6.269538535937948,0.0,393,0.25383304940374785,-0.8856321729448454,1.2689265115310437,0.0987598419372999,-0.05690968055502743,0.0,3.880971758298239,0.4350512395087632
13232.0,13,7,1328.35,5.997991642307865,0.0,147,0.6386138613861386,-0.7955765794043133,0.3562918494399269,-0.07540675444340936,-0.05770810908494207,0.0,1.0000513699154077,1.8107605815599972
13233.0,74,2,605.12,8.051814374951906,0.0,43,0.0,-0.18519977874070634,-0.29559005205372785,-0.16366029089065187,-0.05166926016566803,0.0,-0.21789871297814717,-0.47247971450894716
13235.0,212,1,1031.07,14.194793214986017,0.0,53,0.0,1.1956526555474536,-0.42596643235245885,-0.111682920137637,-0.03360707761230516,0.0,-0.10078812808453612,-0.47247971450894716
13236.0,25,2,744.85,7.24642985441249,0.0,34,0.0,-0.6755024546836037,-0.29559005205372785,-0.14660946798815447,-0.054037329894450425,0.0,-0.3232982393823971,-0.47247971450894716
13238.0,17,4,700.73,15.388639050544949,0.0,20,0.0,-0.7555518711640767,-0.03483729145626595,-0.15199329613141782,-0.030096816225450414,0.0,-0.48725305823345255,-0.47247971450894716
13239.0,262,1,329.56,8.929287952201639,0.0,21,0.0,1.69596150855041,-0.42596643235245885,-0.19728603166938363,-0.04908922719619926,0.0,-0.47554199974409145,-0.47247971450894716
13240.0,96,4,663.65,6.147789787175539,0.0,59,0.6865671641791045,0.034936116580594506,-0.03483729145626595,-0.15651805468881141,-0.05726765804169218,0.0,-0.030521777148369494,1.9822083372176096
13242.0,112,3,270.40000000000003,0.0,0.0,12,0.0,0.19503494954154058,-0.1652136717549969,-0.20450514483700508,-0.07534398620873628,0.0,-0.5809415261483414,-0.47247971450894716
13243.0,203,1,585.12,6.373476037807882,0.0,56,0.0,1.1055970620069213,-0.42596643235245885,-0.1661008294868728,-0.056604073425033666,0.0,-0.06565495261645281,-0.47247971450894716
13244.0,93,1,121.74000000000001,2.2246474799968667,0.0,27,0.0,0.004917585400417115,-0.42596643235245885,-0.22264566822271514,-0.0688028617889818,0.0,-0.4052756488079248,-0.47247971450894716
13245.0,51,1,430.5,8.408425833650433,0.0,16,0.0,-0.41534185112206634,-0.42596643235245885,-0.18496863337425667,-0.05062071654613669,0.0,-0.534097292190897,-0.47247971450894716
13246.0,18,6,1961.52,27.942724041169626,0.0,110,0.16911764705882354,-0.7455456941040176,0.22591546914119598,0.0018570367050504302,0.006815922821170926,0.0,0.5667422058090468,0.13216770999722682
13247.0,18,4,501.12,11.810156688206979,0.0,18,0.56,-0.7455456941040176,-0.03483729145626595,-0.17635109159100062,-0.04061861735413194,0.0,-0.5106751752121748,1.5296919311601924
13248.0,125,2,465.68,5.222703455550141,0.0,25,0.19230769230769232,0.3251152513223093,-0.29559005205372785,-0.1806757259835041,-0.05998768665233053,0.0,-0.42869776578664703,0.21507922974556506
13249.0,92,3,711.41,54.124995310773976,0.0,21,0.0,-0.0050885916596420154,-0.1652136717549969,-0.15069004852103585,0.0837995777625309,0.0,-0.47554199974409145,-0.47247971450894716
13253.0,157,2,1030.4,32.22321781494217,0.0,35,0.0,0.6453129172442014,-0.29559005205372785,-0.11176467818061038,0.019401846031022563,0.0,-0.311587180893036,-0.47247971450894716
13255.0,9,2,399.51,21.30580353102328,0.0,13,0.0,-0.8356012876445498,-0.29559005205372785,-0.18875024792910097,-0.01269859496703554,0.0,-0.5692304676589803,-0.47247971450894716
13258.0,12,3,672.83,16.98743543851684,0.0,28,0.0,-0.8055827564643724,-0.1652136717549969,-0.15539784747314597,-0.02539587992448065,0.0,-0.3935645903185637,-0.47247971450894716
13259.0,62,1,283.18,3.4819820788641156,0.0,77,1.0,-0.3052739034614159,-0.42596643235245885,-0.2029456406740199,-0.06510592457874825,0.0,0.18027727566013038,3.102826795614516
13260.0,61,1,557.62,69.16298385490815,0.0,8,1.0,-0.31528008052147505,-0.42596643235245885,-0.16945657005667655,0.12801573109670433,0.0,-0.6277857601057858,3.102826795614516
13261.0,269,2,944.1,26.09913791679718,0.0,8,0.8888888888888888,1.7660047479708239,-0.29559005205372785,-0.12229560222330363,0.0013952319807191645,0.0,-0.6277857601057858,2.7055705167119086
13262.0,263,1,200.29,12.608407368245855,0.0,11,0.0,1.705967685610469,-0.42596643235245885,-0.2130604528860575,-0.03827152323551893,0.0,-0.5926525846377025,-0.47247971450894716
13263.0,1,35,7436.93,4.828054235470512,0.0,450,0.06598680263947211,-0.9156507041250228,4.006830497804394,0.6700045084617479,-0.06114807258938854,0.0,4.548502092191822,-0.23655666944981038
13265.0,53,5,2092.66,28.314400138992198,0.0,66,0.0,-0.3953294970019481,0.09553908884246501,0.01785964828047094,0.0079087609546579,0.0,0.051455632277158235,-0.47247971450894716
13266.0,11,12,3834.2599999999998,16.43349001722998,0.0,82,0.09090909090909091,-0.8155889335244315,1.0081737509335817,0.23038174923938803,-0.027024644011811816,0.0,0.2388325681069359,-0.14745184995226865
13267.0,3,19,4521.49,10.660588013580949,0.0,88,0.06635071090047394,-0.8956383500049045,1.9208084130246985,0.3142423162134329,-0.043998690735372416,0.0,0.30909891904310255,-0.23525558587516285
13268.0,18,11,3174.75,6.317939385839411,0.0,257,0.0,-0.7455456941040176,0.8777973706348507,0.14990376875970535,-0.056767367678909296,0.0,2.288267803745129,-0.47247971450894716
13269.0,1,15,5343.28,16.377270965352288,0.0,177,0.33650793650793653,-0.9156507041250228,1.3993028918297747,0.41452282686285213,-0.027189944724126523,0.0,1.3513831245962409,0.7306393015960914
13270.0,366,1,590.0,0.0,0.0,1,0.0,2.7366039227965597,-0.42596643235245885,-0.1655053380693949,-0.07534398620873628,0.0,-0.7097631695313136,-0.47247971450894716
13271.0,37,1,211.49,2.4899363175679756,0.0,79,0.0,-0.5554283299628942,-0.42596643235245885,-0.2116937512721738,-0.06802283380282775,0.0,0.2036993926388526,-0.47247971450894716
13272.0,31,2,276.56,4.787839457068988,0.0,15,0.5333333333333333,-0.6154653923232489,-0.29559005205372785,-0.20375345894936905,-0.06126631598363525,0.0,-0.5458083506802581,1.4343504242235665
13273.0,113,1,138.98,6.2233215943470785,0.0,16,0.0,0.2050411266015997,-0.42596643235245885,-0.2205419239527727,-0.05704557209198538,0.0,-0.534097292190897,-0.47247971450894716
13276.0,64,2,590.9300000000001,8.797130677722114,0.0,30,0.0,-0.28526154934129766,-0.29559005205372785,-0.1653918530246706,-0.04947780884031099,0.0,-0.3701424733398415,-0.47247971450894716
13277.0,16,4,258.4,10.955363982999378,0.0,5,0.0,-0.7655580482241359,-0.03483729145626595,-0.20596946799473764,-0.043131961822474085,0.0,-0.6629189355738692,-0.47247971450894716
13278.0,41,1,542.73,8.509807927690469,0.0,46,1.0,-0.5154036217226576,-0.42596643235245885,-0.17127355104156303,-0.05032262307424332,0.0,-0.18276553751006386,3.102826795614516
13279.0,78,1,137.75,6.880111029465861,0.0,9,0.0,-0.14517507050046982,-0.42596643235245885,-0.2206920170764403,-0.05511441605431137,0.0,-0.6160747016164247,-0.47247971450894716
13280.0,122,3,798.46,5.589714109339525,0.0,67,0.0,0.2950967201421319,-0.1652136717549969,-0.1400676042809843,-0.05890856631016504,0.0,0.06316669076651935,-0.47247971450894716
13282.0,18,3,1132.14,21.560551620637774,0.0,29,0.0,-0.7455456941040176,-0.1652136717549969,-0.09934965834163459,-0.011949559910989034,0.0,-0.3818535318292026,-0.47247971450894716
13283.0,60,2,93.66,6.437556472244212,0.0,7,0.0,-0.3252862575815342,-0.29559005205372785,-0.2260721844118093,-0.05641565791278337,0.0,-0.639496818595147,-0.47247971450894716
13284.0,331,1,201.19,5.157613366764288,0.0,13,0.0,2.38638772569449,-0.42596643235245885,-0.21295062864922754,-0.0601790708482849,0.0,-0.5692304676589803,-0.47247971450894716
13285.0,23,4,2709.12,5.071008419728948,0.0,157,0.0,-0.695514808803722,-0.03483729145626595,0.09308436943178815,-0.060433715118452684,0.0,1.1171619548090188,-0.47247971450894716
13291.0,156,1,361.11,8.506086066706358,0.0,41,0.0,0.6353067401841422,-0.42596643235245885,-0.19343608203384516,-0.05033356645111043,0.0,-0.24132082995686938,-0.47247971450894716
13292.0,39,2,578.9399999999999,6.875368517982473,0.0,29,0.0,-0.5354159758427759,-0.29559005205372785,-0.1668549559131051,-0.05512836044682924,0.0,-0.3818535318292026,-0.47247971450894716
13294.0,190,2,873.74,4.6972087106661915,0.0,48,0.0,0.9755167602261527,-0.29559005205372785,-0.1308814170048088,-0.061532797299801684,0.0,-0.15934342053134165,-0.47247971450894716
13295.0,360,1,201.20000000000002,3.6928760246362637,0.0,10,0.0,2.676566860436205,-0.42596643235245885,-0.21294940837992943,-0.06448583373241312,0.0,-0.6043636431270636,-0.47247971450894716
13296.0,137,1,87.4,9.701907029033002,0.0,5,0.0,0.44518937604301884,-0.42596643235245885,-0.22683607299242642,-0.04681749760484985,0.0,-0.6629189355738692,-0.47247971450894716
13297.0,8,4,2089.85,21.172995983396316,0.0,52,0.0,-0.8456074647046089,-0.03483729145626595,0.01751675260770191,-0.013089088607363518,0.0,-0.11249918657389722,-0.47247971450894716
13298.0,1,1,360.0,127.27922061357856,0.0,2,0.0,-0.9156507041250228,-0.42596643235245885,-0.1935715319259354,0.2988947305177302,0.0,-0.6980521110419524,-0.47247971450894716
13299.0,268,1,142.5,18.198901065723717,0.0,5,0.0,1.7559985709107648,-0.42596643235245885,-0.22011238915983783,-0.02183381111624537,0.0,-0.6629189355738692,-0.47247971450894716
13300.0,169,1,371.89,5.371834416658801,0.0,20,0.0,0.7653870419649109,-0.42596643235245885,-0.19212063173048205,-0.059549197327518184,0.0,-0.48725305823345255,-0.47247971450894716
13301.0,104,4,618.09,6.385995180427593,0.0,75,0.7037037037037037,0.11498553306106754,-0.03483729145626595,-0.16207760161100263,-0.05656726342693712,0.0,0.15685515868140817,2.043476718540897
13302.0,155,1,63.75,0.0,0.0,1,0.0,0.6253005631240831,-0.42596643235245885,-0.22972200988245767,-0.07534398620873628,0.0,-0.7097631695313136,-0.47247971450894716
13304.0,351,1,300.42,3.779695188012614,0.0,21,0.0,2.586511266895673,-0.42596643235245885,-0.20084189640407749,-0.06423055960257008,0.0,-0.47554199974409145,-0.47247971450894716
13305.0,4,10,2000.86,12.442561976915476,0.0,50,0.1111111111111111,-0.8856321729448454,0.7474209903361198,0.006657576123816956,-0.03875915795018231,0.0,-0.13592130355261944,-0.07522343560634014
13307.0,120,1,15.0,0.0,0.0,1,0.0,0.27508436602201364,-0.42596643235245885,-0.23567082271074613,-0.07534398620873628,0.0,-0.7097631695313136,-0.47247971450894716
13308.0,23,3,1385.51,24.120707062384767,0.0,49,0.0,-0.695514808803722,-0.1652136717549969,-0.06843169513540998,-0.004421942421497115,0.0,-0.14763236204198055,-0.47247971450894716
13309.0,7,5,1456.79,5.487427373394151,0.0,82,0.0,-0.855613641764668,0.09553908884246501,-0.059733615578478644,-0.059209319697982786,0.0,0.2388325681069359,-0.47247971450894716
13310.0,28,3,1132.03,3.552700220068902,0.0,65,0.0,-0.6454839235034263,-0.1652136717549969,-0.09936308130391383,-0.06489799223687674,0.0,0.03974457378779713,-0.47247971450894716
13311.0,4,2,598.57,21.079296196833663,0.0,25,0.0,-0.8856321729448454,-0.29559005205372785,-0.16445956728091424,-0.01336459381325421,0.0,-0.42869776578664703,-0.47247971450894716
13313.0,22,5,1555.32,9.524327838709711,0.0,47,0.1794871794871795,-0.7055209858637811,0.09553908884246501,-0.04771030218419632,-0.047339633174061715,0.0,-0.17105447902070275,0.1692419667952642
13314.0,2,3,775.94,5.698362934869398,0.0,55,0.0,-0.9056445270649637,-0.1652136717549969,-0.14281565074032906,-0.05858910648911866,0.0,-0.07736601110581391,-0.47247971450894716
13316.0,37,4,5243.33,70.99072536319959,0.0,65,0.42857142857142855,-0.5554283299628942,-0.03483729145626595,0.4023262352282381,0.13338983405925586,0.0,0.03974457378779713,1.0597945041153942
13317.0,66,6,2273.68,6.07957298319644,0.0,100,0.0,-0.2652491952211794,0.22591546914119598,0.03994896311486642,-0.05746823570910128,0.0,0.4496316209154358,-0.47247971450894716
13318.0,1,3,640.76,26.469095305956138,0.0,14,0.15,-0.9156507041250228,-0.1652136717549969,-0.15931125111218622,0.0024830166001950016,0.0,-0.5575194091696192,0.06381626200957231
13319.0,5,26,10845.550000000001,14.40839725003808,0.0,209,0.018907563025210083,-0.8756259958847863,2.8334430751158153,1.0859479419542746,-0.03297901829845867,0.0,1.726136996255796,-0.4048793813343438
13320.0,78,4,1532.2,4.699903952334788,0.0,77,0.0,-0.14517507050046982,-0.03483729145626595,-0.05053156480142768,-0.06152487248867808,0.0,0.18027727566013038,-0.47247971450894716
13321.0,72,2,567.36,64.266079671656,0.0,10,0.0,-0.2052121328608246,-0.29559005205372785,-0.168268027760317,0.11361737817909352,0.0,-0.6043636431270636,-0.47247971450894716
13322.0,17,1,199.48000000000002,8.641981312176044,0.0,25,0.0,-0.7555518711640767,-0.42596643235245885,-0.21315929469920444,-0.04993399406192833,0.0,-0.42869776578664703,-0.47247971450894716
13323.0,3,5,787.85,42.10373894719248,0.0,6,0.0,-0.8956383500049045,0.09553908884246501,-0.1413623100062795,0.048453513155448776,0.0,-0.651207877084508,-0.47247971450894716
13324.0,36,10,7121.95,63.94867748634253,0.0,25,0.36,-0.5654345070229533,0.7474209903361198,0.6315684661098647,0.11268412147037656,0.0,-0.42869776578664703,0.8146306291354996
13325.0,82,1,675.3,45.28724735206671,0.0,12,0.0,-0.10515036226023332,-0.42596643235245885,-0.1550964409565127,0.05781397352270018,0.0,-0.5809415261483414,-0.47247971450894716
13327.0,39,8,3627.77,22.011521468398218,0.0,74,0.0,-0.5354159758427759,0.48666822973865786,0.20518440850270525,-0.010623574598582168,0.0,0.14514410019204707,-0.47247971450894716
13328.0,316,1,1308.48,63.11562331057465,0.0,17,0.0,2.236295069793603,-0.42596643235245885,-0.07783142953875481,0.11023469473598832,0.0,-0.5223862337015359,-0.47247971450894716
13329.0,32,2,789.0,36.814236416652406,0.0,16,0.0,-0.6054592152631898,-0.29559005205372785,-0.14122197903699682,0.032900804475996574,0.0,-0.534097292190897,-0.47247971450894716
13330.0,93,3,1140.93,12.377610305104206,0.0,37,0.0,0.004917585400417115,-0.1652136717549969,-0.0982770416285955,-0.038950135159114836,0.0,-0.2881650639143138,-0.47247971450894716
13332.0,14,1,350.9,3.4650389264631296,0.0,21,0.0,-0.7855704023442541,-0.42596643235245885,-0.19468197698721593,-0.06515574247974794,0.0,-0.47554199974409145,-0.47247971450894716
13334.0,82,3,3502.32,9.245283354362838,0.0,207,0.19622641509433963,-0.10515036226023332,-0.1652136717549969,0.18987613015790958,-0.04816010684783302,0.0,1.7027148792770739,0.22908986483603436
13336.0,77,1,795.12,3.9830809239907263,0.0,51,0.0,-0.15518124756052895,-0.42596643235245885,-0.1404751742265532,-0.0636325451233331,0.0,-0.12421024506325833,-0.47247971450894716
13338.0,158,1,487.02,28.472719856441394,0.0,19,0.0,0.6553190943042605,-0.42596643235245885,-0.1780716713013364,0.008374267952619223,0.0,-0.49896411672281366,-0.47247971450894716
13339.0,201,1,860.12,4.7164293633958065,0.0,54,0.0,1.085584707886803,-0.42596643235245885,-0.13254342378883524,-0.06147628287130738,0.0,-0.08907706959517502,-0.47247971450894716
13340.0,45,7,10736.48,62.82835606921988,0.0,128,0.1865671641791045,-0.4753789134824211,0.3562918494399269,1.0726384647197835,0.10939004371405481,0.0,0.7775412586175467,0.19455508215587813
13341.0,261,1,775.85,11.596510210871537,0.0,42,0.0,1.6859553314903508,-0.42596643235245885,-0.14282663316401203,-0.04124680146089898,0.0,-0.22960977146750827,-0.47247971450894716
13343.0,178,1,353.43,8.686013190537924,0.0,19,0.0,0.8554426355054432,-0.42596643235245885,-0.19437324885479396,-0.04980452725993372,0.0,-0.49896411672281366,-0.47247971450894716
13344.0,68,3,2511.69,28.127613289218594,0.0,115,0.0,-0.24523684110106111,-0.1652136717549969,0.06899259267919343,0.0073595521315391686,0.0,0.6252974982558523,-0.47247971450894716
13345.0,288,1,389.5,7.682832879389709,0.0,20,0.0,1.9561221121119474,-0.42596643235245885,-0.18997173749650956,-0.0527541753680815,0.0,-0.48725305823345255,-0.47247971450894716
13347.0,70,1,341.36,8.849490703666833,0.0,8,0.0,-0.22522448698094286,-0.42596643235245885,-0.1958461138976133,-0.04932385481055773,0.0,-0.6277857601057858,-0.47247971450894716
13348.0,64,1,233.76,7.690140969570593,0.0,14,0.0,-0.28526154934129766,-0.42596643235245885,-0.2089762115452818,-0.05273268741209127,0.0,-0.5575194091696192,-0.47247971450894716
13349.0,11,1,247.32,10.357111244615139,0.0,16,0.0,-0.8155889335244315,-0.42596643235245885,-0.207321526377044,-0.04489100258350093,0.0,-0.534097292190897,-0.47247971450894716
13350.0,16,2,979.12,14.9371715305587,0.0,36,0.0,-0.7655580482241359,-0.29559005205372785,-0.11802221914132081,-0.03142426484203402,0.0,-0.2998761224036749,-0.47247971450894716
13351.0,66,1,373.94,8.333968142487706,0.0,16,0.0,-0.2652491952211794,-0.42596643235245885,-0.19187047652436942,-0.05083964427571285,0.0,-0.534097292190897,-0.47247971450894716
13352.0,60,1,397.97999999999996,8.598097489257876,0.0,24,0.0,-0.3252862575815342,-0.42596643235245885,-0.18893694913171188,-0.050063025536938754,0.0,-0.44040882427600814,-0.47247971450894716
13354.0,71,1,743.53,6.41300904565149,0.0,51,0.0,-0.21521830992088373,-0.42596643235245885,-0.14677054353550506,-0.05648783463874626,0.0,-0.12421024506325833,-0.47247971450894716
13355.0,122,1,674.7,15.690450339452934,0.0,32,0.0,0.2950967201421319,-0.42596643235245885,-0.1551696571143993,-0.029209401383420534,0.0,-0.3467203563611193,-0.47247971450894716
13356.0,80,1,768.24,8.719023096830643,0.0,42,0.0,-0.12516271638035156,-0.42596643235245885,-0.1437552580998741,-0.04970746832988454,0.0,-0.22960977146750827,-0.47247971450894716
13357.0,257,1,609.4,5.82244618007915,0.0,85,1.0,1.6459306232501143,-0.42596643235245885,-0.16313801563106062,-0.05822426488943966,0.0,0.27396574357501924,3.102826795614516
13358.0,269,1,439.03,7.954944259851222,0.0,29,0.0,1.7660047479708239,-0.42596643235245885,-0.18392774366296846,-0.0519540870792024,0.0,-0.3818535318292026,-0.47247971450894716
13359.0,64,1,439.56,9.69404423735983,0.0,23,0.0,-0.28526154934129766,-0.42596643235245885,-0.1838630693901686,-0.046840616548000744,0.0,-0.45211988276536924,-0.47247971450894716
13362.0,9,4,3090.7400000000002,8.247273564113716,0.0,128,0.0,-0.8356012876445498,-0.03483729145626595,0.13965228638627944,-0.05109455208864114,0.0,0.7775412586175467,-0.47247971450894716
13363.0,18,2,992.5,8.483892847809157,0.0,47,0.0,-0.7455456941040176,-0.29559005205372785,-0.11638949882044902,-0.05039882110713424,0.0,-0.17105447902070275,-0.47247971450894716
13364.0,71,1,134.95999999999998,5.183965020458118,0.0,10,0.0,-0.21521830992088373,-0.42596643235245885,-0.2210324722106131,-0.06010158915870149,0.0,-0.6043636431270636,-0.47247971450894716
13365.0,34,2,2225.37,9.124294616989742,0.0,122,0.6953125,-0.5854468611430715,-0.29559005205372785,0.03405384213569481,-0.04851584967525282,0.0,0.7072749076813801,2.013475593311273
13366.0,50,1,56.160000000000004,0.0,0.0,1,0.0,-0.42534802818212547,-0.42596643235245885,-0.2306481942797235,-0.07534398620873628,0.0,-0.7097631695313136,-0.47247971450894716
13368.0,257,2,623.4,11.349759996160419,0.0,29,0.0,1.6459306232501143,-0.29559005205372785,-0.161429638613706,-0.0419723203889715,0.0,-0.3818535318292026,-0.47247971450894716
13369.0,366,1,308.28000000000003,12.559338542112187,0.0,14,0.0,2.7366039227965597,-0.42596643235245885,-0.1998827647357627,-0.0384158001601812,0.0,-0.5575194091696192,-0.47247971450894716
13370.0,372,1,754.87,6.99184893658014,0.0,39,0.0,2.7966409851569147,-0.42596643235245885,-0.14538675815144778,-0.05478587341579927,0.0,-0.2647429469355916,-0.47247971450894716
13372.0,90,1,378.64,8.9308898148715,0.0,23,1.0,-0.025100945779760273,-0.42596643235245885,-0.1912969499542575,-0.049084517244118706,0.0,-0.45211988276536924,3.102826795614516
13373.0,61,3,3312.25,14.542914190230254,0.0,135,0.0,-0.31528008052147505,-0.1652136717549969,0.16668247160872413,-0.0325834985362162,0.0,0.8595186680430744,-0.47247971450894716
13375.0,89,1,778.65,15.965687616920263,0.0,37,0.0,-0.035107122839819406,-0.42596643235245885,-0.14248495776054115,-0.0284001220288008,0.0,-0.2881650639143138,-0.47247971450894716
13376.0,99,3,1019.76,10.131652202011548,0.0,45,0.0,0.0649546477607719,-0.1652136717549969,-0.11306304471379992,-0.04555391914106307,0.0,-0.19447659599942496,-0.47247971450894716
13379.0,26,3,572.56,5.42538814192587,0.0,85,0.865979381443299,-0.6654962776235446,-0.1652136717549969,-0.16763348772529954,-0.0593917334671704,0.0,0.27396574357501924,2.6236620055979696
13381.0,32,6,3639.31,11.383709362571112,0.0,77,0.13372093023255813,-0.6054592152631898,0.22591546914119598,0.2065925992727247,-0.0418724991671101,0.0,0.18027727566013038,0.005613597891283359
13382.0,281,1,222.99,2.179678220026329,0.0,15,0.0,1.8860788726915334,-0.42596643235245885,-0.21029044157934676,-0.06893508477135382,0.0,-0.5458083506802581,-0.47247971450894716
13384.0,31,7,4151.93,26.15121809472929,0.0,123,0.0,-0.6154653923232489,0.3562918494399269,0.26914604403246295,0.0015483631741868929,0.0,0.7189859661707412,-0.47247971450894716
13385.0,330,1,534.57,7.62667028682016,0.0,35,0.0,2.376381548634431,-0.42596643235245885,-0.17226929078882117,-0.052919310073259104,0.0,-0.311587180893036,-0.47247971450894716
13388.0,131,2,677.1,10.324687514346746,0.0,35,1.0,0.38515231368266406,-0.29559005205372785,-0.1548767924828528,-0.044986337981915786,0.0,-0.311587180893036,3.102826795614516
13389.0,11,3,797.96,4.753600723991999,0.0,50,0.0,-0.8155889335244315,-0.1652136717549969,-0.14012861774588983,-0.061366988029451536,0.0,-0.13592130355261944,-0.47247971450894716
13390.0,75,1,544.08,37.67481345980056,0.0,13,0.0,-0.1751936016806472,-0.42596643235245885,-0.17110881468631808,0.03543115661611381,0.0,-0.5692304676589803,-0.47247971450894716
13391.0,204,1,59.8,0.0,0.0,1,0.0,1.1156032390669806,-0.42596643235245885,-0.2302040162552113,-0.07534398620873628,0.0,-0.7097631695313136,-0.47247971450894716
13394.0,2,8,2520.02,13.213158851895056,0.0,124,0.0,-0.9056445270649637,0.48666822973865786,0.07000907700451943,-0.0364933742329695,0.0,0.7306970246601023,-0.47247971450894716
13395.0,185,1,307.72,7.947898674073126,0.0,21,0.0,0.9254858749258571,-0.42596643235245885,-0.19995109981645687,-0.05197480319427185,0.0,-0.47554199974409145,-0.47247971450894716
13396.0,29,2,1360.99,21.841598015620768,0.0,42,0.0,-0.6354777464433672,-0.29559005205372785,-0.07142379545437681,-0.011123200025282644,0.0,-0.22960977146750827,-0.47247971450894716
13397.0,73,5,1544.13,33.35034468398402,0.0,28,0.05263157894736842,-0.19520595580076547,0.09553908884246501,-0.0490757835287819,0.02271593383753717,0.0,-0.3935645903185637,-0.2843056876603438
13398.0,192,1,457.34,7.074953003377479,0.0,26,0.0,0.995529114346271,-0.42596643235245885,-0.18169343057812823,-0.054541522773463004,0.0,-0.41698670729728593,-0.47247971450894716
13402.0,127,2,621.23,11.68546505951817,0.0,32,0.0,0.34512760544242754,-0.29559005205372785,-0.16169443705139594,-0.04098524778195886,0.0,-0.3467203563611193,-0.47247971450894716
13403.0,18,1,75.0,17.320508075688775,0.0,3,0.0,-0.7455456941040176,-0.42596643235245885,-0.2283492069220834,-0.024416547432412998,0.0,-0.6863410525525914,-0.47247971450894716
13404.0,1,2,252.49,14.536098701320977,0.0,11,0.0,-0.9156507041250228,-0.29559005205372785,-0.20669064714992091,-0.03260353809814135,0.0,-0.5926525846377025,-0.47247971450894716
13405.0,74,3,572.451,8.427226034765273,0.0,25,0.0,-0.18519977874070634,-0.1652136717549969,-0.16764678866064894,-0.05056543837028442,0.0,-0.42869776578664703,-0.47247971450894716
13408.0,2,62,28117.04,47.9487119022129,0.0,234,0.1903765690376569,-0.9056445270649637,7.52699276587013,3.193534839916451,0.06563946988462113,0.0,2.0189134584898234,0.20817487214635652
13410.0,24,5,1003.06,21.802917272404205,0.0,15,0.07142857142857142,-0.6855086317436628,0.09553908884246501,-0.11510089444164438,-0.011236932900402468,0.0,-0.5458083506802581,-0.21710067807155692
13411.0,107,1,213.55,9.207474673833268,0.0,17,0.0,0.14500406424124493,-0.42596643235245885,-0.21144237579676303,-0.04827127559960803,0.0,-0.5223862337015359,-0.47247971450894716
13414.0,134,3,1390.5,109.42187287303888,0.0,23,0.0,0.41517084486284145,-0.1652136717549969,-0.06782278075565286,0.24638882365923956,0.0,-0.45211988276536924,-0.47247971450894716
13416.0,44,2,712.5,19.996944210998286,0.0,11,0.0,-0.48538509054248025,-0.29559005205372785,-0.15055703916754182,-0.0165470301628225,0.0,-0.5926525846377025,-0.47247971450894716
13417.0,5,2,640.83,7.803308915226606,0.0,26,0.0,-0.8756259958847863,-0.29559005205372785,-0.15930270922709944,-0.052399940035475434,0.0,-0.41698670729728593,-0.47247971450894716
13418.0,12,18,6127.43,24.15879371591615,0.0,223,0.049342105263157895,-0.8055827564643724,1.7904320327259675,0.5102102438741836,-0.004309956346525267,0.0,1.8900918151068515,-0.2960665643383815
13419.0,64,1,221.06,7.5965473517030535,0.0,16,0.0,-0.28526154934129766,-0.42596643235245885,-0.2105259535538821,-0.05300788045048107,0.0,-0.534097292190897,-0.47247971450894716
13420.0,150,2,159.85,10.408236350533718,0.0,8,0.0,0.5752696778237875,-0.29559005205372785,-0.2179952219276162,-0.04474067958545585,0.0,-0.6277857601057858,-0.47247971450894716
13421.0,40,2,1833.71,15.451671154214011,0.0,88,0.37254901960784315,-0.5254097987827168,-0.29559005205372785,-0.013739225194099307,-0.029911483117061134,0.0,0.30909891904310255,0.8594972206350882
13422.0,64,1,2626.3,10.219026283737925,0.0,127,0.0,-0.28526154934129766,-0.42596643235245885,0.08297809910483737,-0.0452970133864332,0.0,0.7658302001281856,-0.47247971450894716
13425.0,108,3,1624.21,16.471293130350983,0.0,66,0.0,0.15501024130130406,-0.1652136717549969,-0.039303866989513374,-0.02691349162987178,0.0,0.051455632277158235,-0.47247971450894716
13426.0,1,10,3641.32,26.29119129206155,0.0,103,0.2484076433121019,-0.9156507041250228,0.7474209903361198,0.20683787340164494,0.001959925953195119,0.0,0.4847647963835191,0.41565374978923797
13427.0,19,3,582.6,14.694614777130969,0.0,25,0.5172413793103449,-0.7355395170439585,-0.1652136717549969,-0.1664083373499966,-0.0321374537482713,0.0,-0.42869776578664703,1.3768167562445683
13428.0,10,1,201.78,2.1243073625593216,0.0,70,0.0,-0.8255951105844906,-0.42596643235245885,-0.21287863276063904,-0.0690978915401461,0.0,0.09829986623460266,-0.47247971450894716
13429.0,11,4,1006.8,8.762166469501606,0.0,55,0.3582089552238806,-0.8155889335244315,-0.03483729145626595,-0.11464451372415108,-0.049580613998550654,0.0,-0.07736601110581391,0.8082270950875172
13430.0,19,2,679.45,8.93528322016095,0.0,48,0.0,-0.7355395170439585,-0.29559005205372785,-0.15459002919779685,-0.04907159932751255,0.0,-0.15934342053134165,-0.47247971450894716
13431.0,67,2,1269.1,29.02192082057875,0.0,44,0.0,-0.25524301816112027,-0.29559005205372785,-0.08263685003471381,0.009989081926596175,0.0,-0.20618765448878607,-0.47247971450894716
13434.0,74,2,534.24,66.7406874402714,0.0,9,0.5,-0.18519977874070634,-0.29559005205372785,-0.1723095596756588,0.12089346009775648,0.0,-0.6160747016164247,1.3151735405527845
13435.0,5,7,3809.8900000000003,42.77515274243464,0.0,68,0.37623762376237624,-0.8756259958847863,0.3562918494399269,0.2274079529598929,0.05042766915603216,0.0,0.07487774925588045,0.8726851110820588
13436.0,2,1,196.89,4.698021101775434,0.0,12,0.0,-0.9056445270649637,-0.42596643235245885,-0.21347534444741503,-0.06153040862862081,0.0,-0.5809415261483414,-0.47247971450894716
13437.0,14,7,3408.06,12.886832986352841,0.0,143,0.0,-0.7855704023442541,0.3562918494399269,0.1783738717539204,-0.037452869212326274,0.0,0.9532071359579632,-0.47247971450894716
13439.0,255,1,283.71,3.6631399134017846,0.0,54,0.0,1.625918269129996,-0.42596643235245885,-0.20288096640122005,-0.06457326673251462,0.0,-0.08907706959517502,-0.47247971450894716
13441.0,92,1,296.64,19.99561028749137,0.0,13,0.0,-0.0050885916596420154,-0.42596643235245885,-0.20130315819876324,-0.01655095229417303,0.0,-0.5692304676589803,-0.47247971450894716
13447.0,23,3,1129.14,10.470894764596052,0.0,55,0.3728813559322034,-0.695514808803722,-0.1652136717549969,-0.09971573913106774,-0.04455644523551435,0.0,-0.07736601110581391,0.8606854248591239
13448.0,17,6,3534.69,12.966940686782342,0.0,137,0.0,-0.7555518711640767,0.22591546914119598,0.19382614187589312,-0.03721732877717809,0.0,0.8829407850217966,-0.47247971450894716
13449.0,24,1,291.88,7.659206935263793,0.0,19,0.0,-0.6855086317436628,-0.42596643235245885,-0.20188400638466383,-0.05282364266186685,0.0,-0.49896411672281366,-0.47247971450894716
13450.0,27,6,2043.7199999999998,19.922715094595983,0.0,32,0.5070422535211268,-0.6554901005634854,0.22591546914119598,0.011887650335518361,-0.016765285814705193,0.0,-0.3467203563611193,1.3403517554128088
13451.0,26,5,2898.2599999999998,4.711560490085222,0.0,315,0.2678983833718245,-0.6654962776235446,0.09553908884246501,0.11616454293624931,-0.061490598805132815,0.0,2.967509196128073,0.48533911961188825
13452.0,259,2,590.0,0.0,0.0,1,0.0,1.6659429773702326,-0.29559005205372785,-0.1655053380693949,-0.07534398620873628,0.0,-0.7097631695313136,-0.47247971450894716
13453.0,166,2,356.97999999999996,8.167421473721785,0.0,16,0.0,0.7353685107847335,-0.29559005205372785,-0.19394005325396474,-0.05132934095435025,0.0,-0.534097292190897,-0.47247971450894716
13455.0,25,2,1058.34,11.839684386706072,0.0,42,0.0,-0.6755024546836037,-0.29559005205372785,-0.10835524576168978,-0.040531797149381196,0.0,-0.22960977146750827,-0.47247971450894716
13456.0,18,6,1766.72,35.714791723092276,0.0,43,0.0,-0.7455456941040176,0.22591546914119598,-0.021913809222141256,0.0296681104883515,0.0,-0.21789871297814717,-0.47247971450894716
13458.0,7,14,9646.57,18.45953479754951,0.0,242,0.0,-0.855613641764668,1.2689265115310437,0.9396400936494267,-0.02106747052377549,0.0,2.1126019264047122,-0.47247971450894716
13460.0,29,2,183.44,3.426091925554967,0.0,16,0.0,-0.6354777464433672,-0.29559005205372785,-0.21511660665337362,-0.06527025823157256,0.0,-0.534097292190897,-0.47247971450894716
13461.0,39,3,1445.0,27.603762801431994,0.0,14,0.18518518518518517,-0.5354159758427759,-0.1652136717549969,-0.06117231308095086,0.00581927608835859,0.0,-0.5575194091696192,0.18961408366206453
13462.0,253,1,151.5,2.9141894241795603,0.0,9,0.0,1.6059059150098778,-0.42596643235245885,-0.2190141467915384,-0.06677540364557082,0.0,-0.6160747016164247,-0.47247971450894716
13464.0,58,1,674.68,5.792594862745232,0.0,41,0.0,-0.34529861170165244,-0.42596643235245885,-0.15517209765299556,-0.05831203662969534,0.0,-0.24132082995686938,-0.47247971450894716
13466.0,184,1,307.9,6.626737729922355,0.0,17,0.0,0.915479697865798,-0.42596643235245885,-0.1999291349690909,-0.05585940881916962,0.0,-0.5223862337015359,-0.47247971450894716
13467.0,11,2,1071.91,9.450442006790547,0.0,89,0.0,-0.8155889335244315,-0.29559005205372785,-0.10669934032415387,-0.04755687946759178,0.0,0.32080997753246365,-0.47247971450894716
13468.0,2,37,5704.97,13.474436184860537,0.0,184,0.06291390728476821,-0.9056445270649637,4.267583258401856,0.4586587471062093,-0.035725141261968074,0.0,1.4333605340217686,-0.24754321221641137
13470.0,99,2,165.0,0.0,0.0,7,0.0,0.0649546477607719,-0.29559005205372785,-0.21736678323908928,-0.07534398620873628,0.0,-0.639496818595147,-0.47247971450894716
13471.0,1,4,2501.84,7.976051700841287,0.0,214,0.8503937007874016,-0.9156507041250228,-0.03483729145626595,0.06779062742055464,-0.05189202493275444,0.0,1.7846922887026015,2.5679384200842343
13473.0,61,2,422.64,11.31836895114688,0.0,21,0.0,-0.31528008052147505,-0.29559005205372785,-0.1859277650425715,-0.042064619385979315,0.0,-0.47554199974409145,-0.47247971450894716
13474.0,236,1,226.84,2.7602081674116166,0.0,59,1.0,1.4358009049888727,-0.42596643235245885,-0.20982063789957425,-0.06722815428039532,0.0,-0.030521777148369494,3.102826795614516
13475.0,191,4,1431.78,8.627178417180236,0.0,64,0.0,0.9855229372862119,-0.03483729145626595,-0.06278550909305289,-0.0499775189703962,0.0,0.028033515298436028,-0.47247971450894716
13476.0,179,2,1238.47,20.351765905415792,0.0,56,0.0,0.8654488125655023,-0.29559005205372785,-0.08637453489482612,-0.01550374898192445,0.0,-0.06565495261645281,-0.47247971450894716
13477.0,38,6,1454.58,10.516214612803324,0.0,57,0.10126582278481013,-0.545422152902835,0.22591546914119598,-0.06000329509336106,-0.04442319141958457,0.0,-0.053943894127091704,-0.11042335905340657
13479.0,201,2,300.95,8.646912468511244,0.0,14,0.0,1.085584707886803,-0.29559005205372785,-0.20077722213127763,-0.04991949499750943,0.0,-0.5575194091696192,-0.47247971450894716
13481.0,46,5,1804.56,6.326044260332845,0.0,98,0.0,-0.465372736422362,0.09553908884246501,-0.0172963101980913,-0.05674353694035645,0.0,0.4262095039367136,-0.47247971450894716
13482.0,232,1,184.64,3.86947894072668,0.0,11,0.0,1.3957761967486362,-0.42596643235245885,-0.21497017433760035,-0.06396656869944686,0.0,-0.5926525846377025,-0.47247971450894716
13483.0,66,1,140.34,6.5758619206914615,0.0,10,0.0,-0.2652491952211794,-0.42596643235245885,-0.2203759673282297,-0.05600899881089964,0.0,-0.6043636431270636,-0.47247971450894716
13484.0,241,1,313.8,24.321815604220717,0.0,8,0.0,1.4858317902891682,-0.42596643235245885,-0.1992091760832057,-0.003830623569475581,0.0,-0.6277857601057858,-0.47247971450894716
13485.0,233,1,454.24,12.885425338963705,0.0,23,0.0,1.4057823738086952,-0.42596643235245885,-0.18207171406054246,-0.037457008113790116,0.0,-0.45211988276536924,-0.47247971450894716
13486.0,78,3,1122.41,5.601415391706979,0.0,69,0.0,-0.14517507050046982,-0.1652136717549969,-0.10053698036869607,-0.05887416106415442,0.0,0.08658880774524155,-0.47247971450894716
13487.0,58,3,575.4,4.476728298287098,0.0,26,0.0,-0.34529861170165244,-0.1652136717549969,-0.16728693124463617,-0.06218107520560834,0.0,-0.41698670729728593,-0.47247971450894716
13488.0,17,13,8968.31,17.212658639709748,0.0,271,0.0,-0.7555518711640767,1.1385501312323127,0.8568741082357869,-0.024733656810722298,0.0,2.4522226225961843,-0.47247971450894716
13489.0,105,4,449.52,41.072152433181614,0.0,11,0.0,0.12499171012112667,-0.03483729145626595,-0.1826476811692506,0.04542034237286017,0.0,-0.5926525846377025,-0.47247971450894716
13491.0,52,10,1215.82,5.496601770729965,0.0,73,0.0,-0.4053356740620072,0.7474209903361198,-0.08913844485504632,-0.059182344244573006,0.0,0.13343304170268597,-0.47247971450894716
13492.0,136,3,1269.84,14.51249784264077,0.0,38,0.0,0.4351831989829597,-0.1652136717549969,-0.08254655010665363,-0.03267293163326472,0.0,-0.2764540054249527,-0.47247971450894716
13493.0,275,2,618.63,47.671480374238726,0.0,6,0.0,1.8260418103311786,-0.29559005205372785,-0.16201170706890466,0.06482432684112183,0.0,-0.651207877084508,-0.47247971450894716
13494.0,312,1,316.26000000000005,5.548250386648136,0.0,18,0.0,2.1962703615533665,-0.42596643235245885,-0.19890898983587052,-0.059030481971621196,0.0,-0.5106751752121748,-0.47247971450894716
13495.0,8,5,2044.8700000000001,33.95494210822182,0.0,34,0.0,-0.8456074647046089,0.09553908884246501,0.012027981304801101,0.024493629859653945,0.0,-0.3232982393823971,-0.47247971450894716
13496.0,11,2,653.33,12.164894511971529,0.0,28,0.0,-0.8155889335244315,-0.29559005205372785,-0.15777737260446137,-0.03957558277786725,0.0,-0.3935645903185637,-0.47247971450894716
13497.0,283,2,348.05,6.0771934889185815,0.0,19,0.0,1.9060912268116517,-0.29559005205372785,-0.1950297537371774,-0.05747523212910377,0.0,-0.49896411672281366,-0.47247971450894716
13499.0,18,5,1159.11,17.988382366800415,0.0,31,0.0,-0.7455456941040176,0.09553908884246501,-0.09605859204463071,-0.022452798625378315,0.0,-0.3584314148504804,-0.47247971450894716
13500.0,23,3,1166.77,5.651786213565244,0.0,60,0.0,-0.695514808803722,-0.1652136717549969,-0.0951238657622781,-0.05872605588530574,0.0,-0.01881071865900839,-0.47247971450894716
13501.0,288,1,1340.32,23.717021227962036,0.0,52,0.0,1.9561221121119474,-0.42596643235245885,-0.07394609209357113,-0.005608898689038076,0.0,-0.11249918657389722,-0.47247971450894716
13502.0,17,3,292.0,12.011159299269092,0.0,17,0.0,-0.7555518711640767,-0.1652136717549969,-0.2018693631530865,-0.040027609970052086,0.0,-0.5223862337015359,-0.47247971450894716
13503.0,71,1,216.85,4.023286993901146,0.0,17,0.0,-0.21521830992088373,-0.42596643235245885,-0.2110396869283866,-0.06351432733463709,0.0,-0.5223862337015359,-0.47247971450894716
13504.0,64,1,295.93,5.43636984573043,0.0,22,0.0,-0.28526154934129766,-0.42596643235245885,-0.2013897973189291,-0.05935944399588455,0.0,-0.46383094125473034,-0.47247971450894716
13505.0,73,4,4393.63,27.056715244657322,0.0,182,0.12558139534883722,-0.19520595580076547,-0.03483729145626595,0.29863995296779267,0.00421079377169471,0.0,1.4099384170430462,-0.02348773416786102
13506.0,316,2,458.52,4.771560944403189,0.0,26,0.6538461538461539,2.236295069793603,-0.29559005205372785,-0.18154943880095117,-0.06131417964638315,0.0,-0.41698670729728593,1.8652206959563942
13507.0,3,4,2479.16,5.936384214452393,0.0,146,0.5061728395061729,-0.8956383500049045,-0.03483729145626595,0.06502305665244008,-0.05788925322324135,0.0,0.9883403114260466,1.3372433338251515
13508.0,244,1,110.97,5.735378445149973,0.0,12,1.0,1.5158503214693457,-0.42596643235245885,-0.2239598982567801,-0.058480269893485856,0.0,-0.5809415261483414,3.102826795614516
13509.0,9,7,979.72,19.246494950112172,0.0,27,0.0,-0.8356012876445498,0.3562918494399269,-0.11794900298343418,-0.018753573909778654,0.0,-0.4052756488079248,-0.47247971450894716
13510.0,1,4,1791.56,5.817023889069968,0.0,86,0.0,-0.9156507041250228,-0.03483729145626595,-0.018882660285634893,-0.058240208035690966,0.0,0.28567680206438034,-0.47247971450894716
13512.0,261,1,251.21,5.433243528325898,0.0,15,0.0,1.6859553314903508,-0.42596643235245885,-0.20684684162007905,-0.05936863629772229,0.0,-0.5458083506802581,-0.47247971450894716
13513.0,127,1,205.1,14.423453123298872,0.0,10,0.0,0.34512760544242754,-0.42596643235245885,-0.21247350335366638,-0.0329347495587449,0.0,-0.6043636431270636,-0.47247971450894716
13514.0,74,1,152.20000000000002,3.128897569432401,0.0,4,0.0,-0.18519977874070634,-0.42596643235245885,-0.21892872794067067,-0.06614409791975959,0.0,-0.6746299940632302,-0.47247971450894716
13515.0,73,4,891.12,5.261744137970395,0.0,50,0.22033898305084745,-0.19520595580076547,-0.03483729145626595,-0.1287605889646928,-0.05987289544903238,0.0,-0.13592130355261944,0.3152996860267312
13516.0,21,3,1389.41,43.73448265012882,0.0,43,0.0,-0.7155271629238402,-0.1652136717549969,-0.06795579010914689,0.05324838405232126,0.0,-0.21789871297814717,-0.47247971450894716
13517.0,60,3,2128.42,4.869670655164164,0.0,125,0.0,-0.3252862575815342,-0.1652136717549969,0.02222333129051396,-0.0610257079533873,0.0,0.7424080831494634,-0.47247971450894716
13518.0,86,1,627.16,5.423984712250778,0.0,36,0.0,-0.06512565401999679,-0.42596643235245885,-0.16097081735761642,-0.05939585996730209,0.0,-0.2998761224036749,-0.47247971450894716
13519.0,78,1,122.75,4.432464446719067,0.0,8,0.0,-0.14517507050046982,-0.42596643235245885,-0.22252242102360598,-0.06231122407773636,0.0,-0.6277857601057858,-0.47247971450894716
13520.0,59,6,3624.35,39.452617837488916,0.0,49,0.0,-0.3352924346415933,0.22591546914119598,0.20476707640275146,0.04065842958093432,0.0,-0.14763236204198055,-0.47247971450894716
13521.0,1,3,1071.73,2.4217055977181534,0.0,313,0.28708133971291866,-0.9156507041250228,-0.1652136717549969,-0.10672130517151987,-0.06822345238703047,0.0,2.9440870791493507,0.5539240683016164
13522.0,30,1,125.80000000000001,9.370325501283295,0.0,5,0.0,-0.6254715693833081,-0.42596643235245885,-0.2221502388876823,-0.04779244579228409,0.0,-0.6629189355738692,-0.47247971450894716
13523.0,33,5,3964.88,22.132346065513733,0.0,157,0.27325581395348836,-0.5954530382031307,0.09553908884246501,0.24632090681130686,-0.0102683143922773,0.0,1.1171619548090188,0.5044935760480457
13524.0,41,5,680.1800000000001,12.082589201961715,0.0,17,0.37037037037037035,-0.5154036217226576,0.09553908884246501,-0.1545009495390348,-0.039817584837978544,0.0,-0.5223862337015359,0.8517078818330762
13525.0,15,2,628.78,98.95851285597752,0.0,5,0.0,-0.775564225284195,-0.29559005205372785,-0.16077313373132254,0.21562343708195636,0.0,-0.6629189355738692,-0.47247971450894716
13527.0,34,7,2242.36,6.779874735211397,0.0,153,0.8294930875576036,-0.5854468611430715,0.3562918494399269,0.03612707967318451,-0.055409140534476875,0.0,1.0703177208515744,2.4932123215381647
13529.0,79,2,307.76,12.54361560240716,0.0,15,0.0,-0.1351688934404107,-0.29559005205372785,-0.1999462187392644,-0.038462030273392234,0.0,-0.5458083506802581,-0.47247971450894716
13531.0,205,2,483.8,9.640744838390912,0.0,17,0.0,1.1256094161270396,-0.29559005205372785,-0.17846459801532796,-0.04699733261348466,0.0,-0.5223862337015359,-0.47247971450894716
13532.0,34,1,210.31,3.843936080643719,0.0,66,1.0,-0.5854468611430715,-0.42596643235245885,-0.21183774304935082,-0.06404167229556325,0.0,0.051455632277158235,3.102826795614516
13533.0,183,3,269.09,2.1859856415871604,0.0,61,0.0,0.9054735208057388,-0.1652136717549969,-0.20466500011505756,-0.06891653907835384,0.0,-0.007099660169647285,-0.47247971450894716
13534.0,2,25,5870.08,8.677351673521384,0.0,119,0.0,-0.9056445270649637,2.7030666948170845,0.47880661348731096,-0.04982999469285441,0.0,0.6721417322132968,-0.47247971450894716
13536.0,1,7,3444.39,16.030042602706988,0.0,91,0.702247191011236,-0.9156507041250228,0.3562918494399269,0.18280711011395567,-0.028210899254025222,0.0,0.34423209451118586,2.03826923922944
13538.0,43,7,1280.85,16.221633703175524,0.0,10,0.0,-0.4953912676025394,0.3562918494399269,-0.08120303360943402,-0.027647564506767138,0.0,-0.6043636431270636,-0.47247971450894716
13539.0,86,3,631.34,5.5050567935581105,0.0,35,0.0,-0.06512565401999679,-0.1652136717549969,-0.16046074479100628,-0.05915748396590502,0.0,-0.311587180893036,-0.47247971450894716
13544.0,40,2,276.06,2.655576719337574,0.0,76,0.0,-0.5254097987827168,-0.29559005205372785,-0.20381447241427458,-0.06753580181836494,0.0,0.16856621717076928,-0.47247971450894716
13546.0,12,3,621.09,5.511774170837308,0.0,72,0.3917525773195876,-0.8055827564643724,-0.1652136717549969,-0.1617115208215695,-0.059137732881316234,0.0,0.12172198321332486,0.92815582553942
13548.0,96,2,678.16,6.985581166634532,0.0,114,1.0,0.034936116580594506,-0.29559005205372785,-0.1547474439372531,-0.05480430252127205,0.0,0.6135864397664912,3.102826795614516
13549.0,26,7,918.2,6.730377724446489,0.0,37,0.21568627450980393,-0.6654962776235446,0.3562918494399269,-0.12545609970540972,-0.05555467644914666,0.0,-0.2881650639143138,0.2986648268902312
13551.0,319,1,91.80000000000001,10.2,0.0,4,0.0,2.2663136009737803,-0.42596643235245885,-0.22629915450125784,-0.045352956312354885,0.0,-0.6746299940632302,-0.47247971450894716
13552.0,66,12,3740.07,21.41185165949636,0.0,82,0.0,-0.2652491952211794,1.0081737509335817,0.21888803272048568,-0.012386781967869711,0.0,0.2388325681069359,-0.47247971450894716
13555.0,74,4,4098.88,23.018724016930356,0.0,128,0.4074074074074074,-0.18519977874070634,-0.03483729145626595,0.26267251540598696,-0.007662099917725413,0.0,0.7775412586175467,0.9841266414672786
13557.0,28,2,584.06,10.118071882015153,0.0,31,0.0,-0.6454839235034263,-0.29559005205372785,-0.1662301780324725,-0.04559384931586839,0.0,-0.3584314148504804,-0.47247971450894716
13558.0,6,4,594.52,2.8992774480977475,0.0,123,0.7159763313609467,-0.8656198188247272,-0.03483729145626595,-0.16495377634664898,-0.06681924928483393,0.0,0.7189859661707412,2.0873551241001596
13560.0,7,1,171.42000000000002,2.848737623647902,0.0,32,0.0,-0.855613641764668,-0.42596643235245885,-0.21658337034970238,-0.06696785138150385,0.0,-0.3467203563611193,-0.47247971450894716
13561.0,216,1,141.85999999999999,20.793141409376545,0.0,14,1.0,1.23567736378769,-0.42596643235245885,-0.2201904863949169,-0.01420597389027569,0.0,-0.5575194091696192,3.102826795614516
13562.0,82,3,1799.33,9.020184182651102,0.0,50,0.0,-0.10515036226023332,-0.1652136717549969,-0.01793451104100307,-0.04882196527807395,0.0,-0.13592130355261944,-0.47247971450894716
13563.0,84,2,777.53,28.898367959943677,0.0,49,0.0,-0.08513800814011506,-0.29559005205372785,-0.1426216279219295,0.009625799815116772,0.0,-0.14763236204198055,-0.47247971450894716
13564.0,144,3,1724.67,60.45954509008482,0.0,68,0.0,0.5152326154634327,-0.1652136717549969,-0.02704504162069572,0.10242503578325912,0.0,0.07487774925588045,-0.47247971450894716
13565.0,19,2,240.22,5.714163307467654,0.0,35,1.0,-0.7355395170439585,-0.29559005205372785,-0.20818791757870245,-0.0585426487002002,0.0,-0.311587180893036,3.102826795614516
13566.0,41,2,856.84,5.297322380338936,0.0,134,1.0,-0.5154036217226576,-0.29559005205372785,-0.1329436721186155,-0.05976828484799948,0.0,0.8478076095537134,3.102826795614516
13568.0,173,1,187.05,2.800127548115315,0.0,41,1.0,0.8054117502051474,-0.42596643235245885,-0.21467608943675576,-0.0671107794431277,0.0,-0.24132082995686938,3.102826795614516
13569.0,17,2,338.62,3.222028417172107,0.0,73,0.0,-0.7555518711640767,-0.29559005205372785,-0.19618046768529554,-0.06587026556301087,0.0,0.13343304170268597,-0.47247971450894716
13570.0,243,1,239.49,10.635411821616717,0.0,27,1.0,1.5058441444092865,-0.42596643235245885,-0.2082769972374645,-0.044072716218301465,0.0,-0.4052756488079248,3.102826795614516
13571.0,13,12,2088.94,3.911077648693605,0.0,157,0.27647058823529413,-0.7955765794043133,1.0081737509335817,0.017405708101573877,-0.06384425614118343,0.0,1.1171619548090188,0.5159873794663633
13572.0,206,1,1384.25,31.11773534546342,0.0,32,0.0,1.1356155931870988,-0.42596643235245885,-0.06858544906697189,0.01615139918866348,0.0,-0.3467203563611193,-0.47247971450894716
13573.0,50,2,290.25,9.422319689616423,0.0,24,0.0,-0.42534802818212547,-0.29559005205372785,-0.20208291028025582,-0.04763956743378047,0.0,-0.44040882427600814,-0.47247971450894716
13575.0,23,5,732.0699999999999,5.52703444957269,0.0,41,0.0,-0.695514808803722,0.09553908884246501,-0.14816897215113964,-0.05909286312878879,0.0,-0.24132082995686938,-0.47247971450894716
13576.0,10,18,6717.34,73.67862357985673,0.0,78,0.10317460317460317,-0.8255951105844906,1.7904320327259675,0.5821951500390176,0.1412930532528044,0.0,0.19198833414949149,-0.1035988840993835
13577.0,25,4,1687.6000000000001,12.641355461763865,0.0,61,0.0,-0.6755024546836037,-0.03483729145626595,-0.031568579908791174,-0.03817464605338879,0.0,-0.007099660169647285,-0.47247971450894716
13579.0,15,2,467.04,10.410900641823119,0.0,19,0.391304347826087,-0.775564225284195,-0.29559005205372785,-0.18050976935896107,-0.04473284577764084,0.0,-0.49896411672281366,0.9265532677132777
13581.0,309,1,118.0,9.47874815925957,0.0,10,0.0,2.1662518303731892,-0.42596643235245885,-0.22310204894020844,-0.04747365097102805,0.0,-0.6043636431270636,-0.47247971450894716
13583.0,156,1,781.03,6.454497267659915,0.0,53,0.0,0.6353067401841422,-0.42596643235245885,-0.14219453366759086,-0.05636584694202054,0.0,-0.10078812808453612,-0.47247971450894716
13584.0,307,1,142.4,6.216102278456484,0.0,24,1.0,2.1462394762530708,-0.42596643235245885,-0.2201245918528189,-0.05706679902519188,0.0,-0.44040882427600814,3.102826795614516
13587.0,64,1,712.4,101.35858551273719,0.0,8,0.0,-0.28526154934129766,-0.42596643235245885,-0.15056924186052292,0.22268036363120802,0.0,-0.6277857601057858,-0.47247971450894716
13588.0,16,9,2478.95,8.101884160184808,0.0,131,0.0,-0.7655580482241359,0.6170446100373889,0.06499743099717976,-0.05152204012392044,0.0,0.81267443408563,-0.47247971450894716
13589.0,15,2,379.65,6.954307503780866,0.0,21,0.0,-0.775564225284195,-0.29559005205372785,-0.19117370275514836,-0.05489625637986162,0.0,-0.47554199974409145,-0.47247971450894716
13590.0,11,6,1981.92,18.43622456640815,0.0,70,0.0,-0.8155889335244315,0.22591546914119598,0.004346386073195772,-0.02113600952760412,0.0,0.09829986623460266,-0.47247971450894716
13591.0,65,3,1117.13,9.384474914412516,0.0,56,0.0,-0.27525537228123853,-0.1652136717549969,-0.10118128255809838,-0.04775084231461991,0.0,-0.06565495261645281,-0.47247971450894716
13592.0,36,4,247.95999999999998,5.559059272934585,0.0,15,0.375,-0.5654345070229533,-0.03483729145626595,-0.20724342914196495,-0.0589987006351738,0.0,-0.5458083506802581,0.8682602267873516
13593.0,108,5,2011.88,9.60593421294811,0.0,77,0.1732283464566929,0.15501024130130406,0.09553908884246501,0.008002312890334705,-0.04709968619273631,0.0,0.18027727566013038,0.14686472031558978
13594.0,53,1,396.97,7.991678681844394,0.0,26,0.0,-0.3953294970019481,-0.42596643235245885,-0.18906019633082102,-0.05184607696663146,0.0,-0.41698670729728593,-0.47247971450894716
13596.0,6,2,664.11,5.066442302553297,0.0,133,1.0,-0.8656198188247272,-0.29559005205372785,-0.15646192230109832,-0.06044714085930811,0.0,0.8360965510643522,3.102826795614516
13598.0,47,1,160.04,4.528194902566611,0.0,33,1.0,-0.45536655936230286,-0.42596643235245885,-0.2179720368109521,-0.06202974810094049,0.0,-0.3350092978717582,3.102826795614516
13599.0,1,21,5149.92,20.82038913524807,0.0,171,0.0,-0.9156507041250228,2.1815611736221605,0.39092769971458835,-0.014125857482312813,0.0,1.2811167736600741,-0.47247971450894716
13600.0,312,1,219.52,9.925306158460868,0.0,19,0.0,2.1962703615533665,-0.42596643235245885,-0.2107138750257911,-0.0461606378039188,0.0,-0.49896411672281366,-0.47247971450894716
13601.0,45,2,693.32,6.472048193023759,0.0,90,0.0,-0.4753789134824211,-0.29559005205372785,-0.15289751568131768,-0.05631424200797189,0.0,0.33252103602182476,-0.47247971450894716
13602.0,65,1,428.89,6.7087176781688695,0.0,23,0.0,-0.27525537228123853,-0.42596643235245885,-0.18516509673125245,-0.05561836341929069,0.0,-0.45211988276536924,-0.47247971450894716
13603.0,26,1,164.34,5.017181249696655,0.0,27,1.0,-0.6654962776235446,-0.42596643235245885,-0.2174473210127646,-0.060591982987636614,0.0,-0.4052756488079248,3.102826795614516
13606.0,29,3,276.75,7.6614593868203364,0.0,40,0.85,-0.6354777464433672,-0.1652136717549969,-0.20373027383270495,-0.05281701978520289,0.0,-0.2530318884462305,2.5665308190959966
13607.0,40,1,675.51,5.483455544444925,0.0,93,1.0,-0.5254097987827168,-0.42596643235245885,-0.15507081530125238,-0.059220998054919996,0.0,0.36765421148990807,3.102826795614516
13610.0,12,7,1082.33,4.52226867954546,0.0,165,1.0,-0.8055827564643724,0.3562918494399269,-0.1054278197155228,-0.0620471729569993,0.0,1.2108504227239076,3.102826795614516
13611.0,89,3,1154.4,10.773739068732208,0.0,67,0.5555555555555556,-0.035107122839819406,-0.1652136717549969,-0.09663333888404071,-0.043665993021857856,0.0,0.06316669076651935,1.5138016800040879
13614.0,24,4,1585.46,7.489421487420141,0.0,171,0.08717948717948718,-0.6855086317436628,-0.03483729145626595,-0.04403241051969139,-0.05332286231306778,0.0,1.2811167736600741,-0.16078632644690163
13615.0,319,1,417.69,6.564035952384,0.0,23,0.0,2.2663136009737803,-0.42596643235245885,-0.18653179834513617,-0.056043770670611684,0.0,-0.45211988276536924,-0.47247971450894716
13617.0,40,3,544.18,10.271177071568669,0.0,31,0.6590909090909091,-0.5254097987827168,-0.1652136717549969,-0.171096611993337,-0.04514367457888892,0.0,-0.3584314148504804,1.8839723035269715
13618.0,174,1,177.34,8.221295362404724,0.0,13,1.0,0.8154179272652066,-0.42596643235245885,-0.215860970925221,-0.051170935718455705,0.0,-0.5692304676589803,3.102826795614516
13621.0,117,1,213.85,4.990491367948376,0.0,19,0.0,0.24506583484183622,-0.42596643235245885,-0.21140576771781971,-0.06067045916817029,0.0,-0.49896411672281366,-0.47247971450894716
13623.0,31,5,727.74,15.624259940915561,0.0,75,0.1282051282051282,-0.6154653923232489,0.09553908884246501,-0.14869734875722146,-0.02940402081688992,0.0,0.15685515868140817,-0.01410708500593908
13626.0,253,1,257.23,4.1218203410600776,0.0,19,0.0,1.6059059150098778,-0.42596643235245885,-0.20611223950261656,-0.06322461002479061,0.0,-0.49896411672281366,-0.47247971450894716
13627.0,59,5,1638.47,20.73014364989644,0.0,84,0.0,-0.3352924346415933,0.09553908884246501,-0.03756376297040786,-0.01439120601654754,0.0,0.26225468508565813,-0.47247971450894716
13629.0,23,11,7792.36,101.78790950180723,0.0,28,0.06779661016949153,-0.695514808803722,0.8777973706348507,0.7133765401244878,0.22394270368919167,0.0,-0.3935645903185637,-0.2300860528056615
13630.0,5,7,2031.78,35.62749167000361,0.0,51,0.323943661971831,-0.8756259958847863,0.3562918494399269,0.010430648793574497,0.029411422399906604,0.0,-0.12421024506325833,0.6857181690521748
13631.0,100,11,3070.42,278.19120494561093,0.0,6,0.09090909090909091,0.07496082482083102,0.8777973706348507,0.13717269917251895,0.74262079265736,0.0,-0.651207877084508,-0.14745184995226865
13632.0,25,5,2118.93,10.400644014192663,0.0,121,0.4482758620689655,-0.6755024546836037,0.09553908884246501,0.02106529572660711,-0.044763003309591924,0.0,0.695563849192019,1.1302438934774328
13634.0,33,5,1547.3600000000001,7.685801954803585,0.0,156,0.3655913978494624,-0.5954530382031307,0.09553908884246501,-0.04868163654549222,-0.05274544540440481,0.0,1.1054508963196576,0.8346215902673728
13635.0,68,1,1071.03,7.497878108087917,0.0,62,0.0,-0.24523684110106111,-0.42596643235245885,-0.10680672402238761,-0.05329799733627664,0.0,0.00461139831971382,-0.47247971450894716
13636.0,37,5,949.12,5.519100799071561,0.0,57,0.1746031746031746,-0.5554283299628942,0.09553908884246501,-0.12168302703565219,-0.059116190417942395,0.0,-0.053943894127091704,0.1517801523380067
13637.0,52,3,804.3,6.244168232857168,0.0,79,0.29292929292929293,-0.4053356740620072,-0.1652136717549969,-0.13935496701088781,-0.05698427678229957,0.0,0.2036993926388526,0.5748322935070168
13638.0,16,1,122.64,5.044793638707421,0.0,8,0.0,-0.7655580482241359,-0.42596643235245885,-0.2225358439858852,-0.06051079436172167,0.0,-0.6277857601057858,-0.47247971450894716
13639.0,74,1,1033.34,38.97632217128754,0.0,39,0.0,-0.18519977874070634,-0.42596643235245885,-0.11140591900696593,0.039257978839310564,0.0,-0.2647429469355916,-0.47247971450894716
13642.0,216,1,312.28,5.762576444673143,0.0,57,1.0,1.23567736378769,-0.42596643235245885,-0.19939465701651848,-0.05840029969575829,0.0,-0.053943894127091704,3.102826795614516
13643.0,31,3,519.44,7.326884899330844,0.0,24,0.0,-0.6154653923232489,-0.1652136717549969,-0.17411555823686228,-0.053800768163326795,0.0,-0.44040882427600814,-0.47247971450894716
13644.0,16,4,2624.26,7.968597416722522,0.0,144,0.0,-0.7655580482241359,-0.03483729145626595,0.08272916416802285,-0.05191394274234875,0.0,0.9649181944473244,-0.47247971450894716
13645.0,120,1,252.1,27.270350199438216,0.0,5,0.0,0.27508436602201364,-0.42596643235245885,-0.20673823765254723,0.004838943998728618,0.0,-0.6629189355738692,-0.47247971450894716
13647.0,10,4,1648.1200000000001,21.98566587186987,0.0,65,0.0,-0.8255951105844906,-0.03483729145626595,-0.03638620309773126,-0.01069959773274594,0.0,0.03974457378779713,-0.47247971450894716
13649.0,257,2,346.6,16.55594331028228,0.0,23,0.0,1.6459306232501143,-0.29559005205372785,-0.1952066927854034,-0.02666459495565084,0.0,-0.45211988276536924,-0.47247971450894716
13650.0,17,6,1836.34,9.810299741025853,0.0,79,0.0,-0.7555518711640767,0.22591546914119598,-0.013418294368696272,-0.04649879083368049,0.0,0.2036993926388526,-0.47247971450894716
13651.0,35,2,94.2,1.5257784898208515,0.0,6,0.0,-0.5754406840830124,-0.29559005205372785,-0.22600628986971133,-0.07085774421819972,0.0,-0.651207877084508,-0.47247971450894716
13652.0,46,3,1095.08,4.368632857839509,0.0,48,0.0,-0.465372736422362,-0.1652136717549969,-0.10387197636043197,-0.06249890791013051,0.0,-0.15934342053134165,-0.47247971450894716
13654.0,43,6,2707.33,8.34172295195836,0.0,157,0.3674698795180723,-0.4953912676025394,0.22591546914119598,0.09286594122742638,-0.05081684283231333,0.0,1.1171619548090188,0.8413377380063014
13655.0,114,2,932.97,6.546564259510182,0.0,52,0.0,0.21504730366165883,-0.29559005205372785,-0.12365376195210057,-0.05609514263760374,0.0,-0.11249918657389722,-0.47247971450894716
13656.0,165,2,379.65,6.762295277120483,0.0,49,0.0,0.7253623337246744,-0.29559005205372785,-0.19117370275514836,-0.055460829363218715,0.0,-0.14763236204198055,-0.47247971450894716
13657.0,11,2,382.14,17.675820348713664,0.0,16,0.5625,-0.8155889335244315,-0.29559005205372785,-0.19086985569991882,-0.023371823804683518,0.0,-0.534097292190897,1.5386301974355008
13658.0,10,5,2639.17,19.86782317745609,0.0,91,0.0,-0.8255951105844906,0.09553908884246501,0.08454858569150553,-0.01692668435666718,0.0,0.34423209451118586,-0.47247971450894716
13659.0,206,2,1563.0,12.224243257757266,0.0,92,0.5922330097087378,1.1356155931870988,-0.29559005205372785,-0.04677313536324748,-0.03940107983579148,0.0,0.35594315300054696,1.6449348206127152
13662.0,86,3,881.26,7.412131051661087,0.0,50,0.0,-0.06512565401999679,-0.1652136717549969,-0.12996377449262975,-0.053550119153220145,0.0,-0.13592130355261944,-0.47247971450894716
13663.0,179,1,189.47,4.133603382410668,0.0,13,0.0,0.8654488125655023,-0.42596643235245885,-0.214380784266613,-0.06318996438308318,0.0,-0.5692304676589803,-0.47247971450894716
13666.0,60,3,84.65,5.902674984250527,0.0,12,0.0,-0.3252862575815342,-0.1652136717549969,-0.22717164704940682,-0.057988368373316654,0.0,-0.5809415261483414,-0.47247971450894716
13667.0,149,1,299.05,3.2458783376429716,0.0,82,0.0,0.5652635007637283,-0.42596643235245885,-0.20100907329791864,-0.06580013971223951,0.0,0.2388325681069359,-0.47247971450894716
13668.0,3,21,6309.83,18.788600808786445,0.0,284,0.28725701943844495,-0.8956383500049045,2.1815611736221605,0.5324679558717182,-0.020099918702119614,0.0,2.6044663829578787,0.5545521771679873
13669.0,51,2,218.55,11.622929923216434,0.0,9,0.0,-0.41534185112206634,-0.29559005205372785,-0.2108322411477078,-0.04116911965866471,0.0,-0.6160747016164247,-0.47247971450894716
13670.0,75,1,349.7,7.292715543609252,0.0,25,1.0,-0.1751936016806472,-0.42596643235245885,-0.19482840930298917,-0.05390123621910977,0.0,-0.42869776578664703,3.102826795614516
13672.0,301,2,186.39000000000001,14.239376039700616,0.0,4,0.0,2.086202413892716,-0.29559005205372785,-0.214756627210431,-0.03347599086437568,0.0,-0.6746299940632302,-0.47247971450894716
13673.0,19,2,387.44,8.124799630732317,0.0,47,0.0,-0.7355395170439585,-0.29559005205372785,-0.1902231129719203,-0.05145466183350084,0.0,-0.17105447902070275,-0.47247971450894716
13675.0,151,2,486.82000000000005,7.931443500397643,0.0,25,0.0,0.5852758548838466,-0.29559005205372785,-0.1780960766872986,-0.05202318629286514,0.0,-0.42869776578664703,-0.47247971450894716
13678.0,152,1,232.6,4.252057541159731,0.0,16,0.0,0.5952820319439057,-0.42596643235245885,-0.20911776278386263,-0.06284167396971124,0.0,-0.534097292190897,-0.47247971450894716
13680.0,1,4,3719.12,37.0685617044152,0.0,164,0.0,-0.9156507041250228,-0.03483729145626595,0.21633156854094426,0.03364859636900636,0.0,1.1991393642345465,-0.47247971450894716
13681.0,18,4,827.83,8.479049882195639,0.0,37,0.5964912280701754,-0.7455456941040176,-0.03483729145626595,-0.1364836733524339,-0.05041306086463446,0.0,-0.2881650639143138,1.6601592564418903
13682.0,187,1,59.5,4.907477288111819,0.0,3,1.0,0.9454982290459754,-0.42596643235245885,-0.23024062433415463,-0.060914545222111344,0.0,-0.6863410525525914,3.102826795614516
13684.0,286,1,65.13,1.5261284285064498,0.0,29,1.0,1.9361097579918292,-0.42596643235245885,-0.22955361271931843,-0.07085671529451525,0.0,-0.3818535318292026,3.102826795614516
13685.0,3,7,2651.44,198.47735371854913,0.0,29,0.0,-0.8956383500049045,0.3562918494399269,0.08604585612028705,0.5082383911567219,0.0,-0.3818535318292026,-0.47247971450894716
13686.0,183,1,72.0,0.9258200997725516,0.0,8,0.0,0.9054735208057388,-0.42596643235245885,-0.22871528771151653,-0.07262180010178046,0.0,-0.6277857601057858,-0.47247971450894716
13689.0,63,1,910.0,66.95271963607352,0.0,6,0.0,-0.2952677264013568,-0.42596643235245885,-0.1264567205298603,0.12151689773729538,0.0,-0.651207877084508,-0.47247971450894716
13690.0,59,1,172.25,11.474013513636415,0.0,9,0.0,-0.3352924346415933,-0.42596643235245885,-0.2164820879979592,-0.0416069781382506,0.0,-0.6160747016164247,-0.47247971450894716
13692.0,25,3,1488.32,31.701370353553777,0.0,48,0.5849056603773585,-0.6755024546836037,-0.1652136717549969,-0.05588610648153638,0.01786745948044904,0.0,-0.15934342053134165,1.618737300846286
13694.0,4,49,64640.74,95.20748825362652,0.0,363,0.012389380530973451,-0.8856321729448454,5.832099821986628,7.650409816256139,0.20459431051419447,0.0,3.529640003617406,-0.42818388164016086
13695.0,31,15,2504.13,22.5143493045378,0.0,46,0.05555555555555555,-0.6154653923232489,1.3993028918297747,0.06807006908982192,-0.00914511139599443,0.0,-0.18276553751006386,-0.2738515750576436
13697.0,39,1,151.29999999999998,3.9591868617256,0.0,12,0.0,-0.5354159758427759,-0.42596643235245885,-0.21903855217750062,-0.06370280076409188,0.0,-0.5809415261483414,-0.47247971450894716
13699.0,155,1,308.58000000000004,8.181575790615303,0.0,14,0.0,0.6253005631240831,-0.42596643235245885,-0.19984615665681935,-0.051287723058162364,0.0,-0.5575194091696192,-0.47247971450894716
13700.0,26,10,2248.63,13.736245942615296,0.0,139,0.3556701030927835,-0.6654962776235446,0.7474209903361198,0.036892188523099764,-0.034955342803930096,0.0,0.9063629020005188,0.799149920534965
13703.0,318,1,99.5,0.0,0.0,1,0.0,2.256307423913721,-0.42596643235245885,-0.22535954714171277,-0.07534398620873628,0.0,-0.7097631695313136,-0.47247971450894716
13704.0,5,9,2308.06,8.17567972826662,0.0,111,0.08208955223880597,-0.8756259958847863,0.6170446100373889,0.04414424896177019,-0.051305059232884954,0.0,0.5784532642984079,-0.17898440397642404
13705.0,8,3,711.86,29.773129348742152,0.0,25,0.0,-0.8456074647046089,-0.1652136717549969,-0.15063513640262088,0.01219785814488689,0.0,-0.42869776578664703,-0.47247971450894716
13706.0,303,1,330.79,8.738638021664714,0.0,20,0.0,2.1062147680128342,-0.42596643235245885,-0.19713593854571604,-0.04964979462428514,0.0,-0.48725305823345255,-0.47247971450894716
13707.0,267,2,806.41,9.247096264091551,0.0,48,0.0,1.7459923938507056,-0.29559005205372785,-0.13909749018898648,-0.04815477635470819,0.0,-0.15934342053134165,-0.47247971450894716
13708.0,271,1,285.33,3.779778545145222,0.0,49,1.0,1.786017102090942,-0.42596643235245885,-0.20268328277492617,-0.06423031450783909,0.0,-0.14763236204198055,3.102826795614516
13709.0,4,13,6307.650000000001,16.80753832891088,0.0,244,0.0,-0.8856321729448454,1.1385501312323127,0.5322019371647303,-0.025924830864918393,0.0,2.1360240433834345,-0.47247971450894716
13710.0,32,1,180.48,18.768070149667953,0.0,8,0.0,-0.6054592152631898,-0.42596643235245885,-0.2154778063656143,-0.02016028493853286,0.0,-0.6277857601057858,-0.47247971450894716
13711.0,219,2,252.06,7.015769691129716,0.0,11,0.0,1.2656958949678674,-0.29559005205372785,-0.20674311872973966,-0.05471553929179532,0.0,-0.5926525846377025,-0.47247971450894716
13712.0,247,1,228.84,11.162193332853539,0.0,10,0.0,1.545868852649523,-0.42596643235245885,-0.20957658403995216,-0.04252382209552063,0.0,-0.6043636431270636,-0.47247971450894716
13715.0,281,5,1077.39,6.995651267739178,0.0,89,0.27884615384615385,1.8860788726915334,0.09553908884246501,-0.10603063274878935,-0.05477469343271431,0.0,0.32080997753246365,0.5244807546600955
13716.0,269,1,138.28,5.088206578989909,0.0,21,0.0,1.7660047479708239,-0.42596643235245885,-0.22062734280364044,-0.060383147421535215,0.0,-0.47554199974409145,-0.47247971450894716
13717.0,32,6,1445.01,6.8234898828760855,0.0,92,0.0,-0.6054592152631898,0.22591546914119598,-0.061171092811652755,-0.05528089904452131,0.0,0.35594315300054696,-0.47247971450894716
13718.0,246,2,306.55,27.903807644488346,0.0,9,0.0,1.535862675589464,-0.29559005205372785,-0.2000938713243358,0.006701497054864287,0.0,-0.6160747016164247,-0.47247971450894716
13719.0,15,5,1041.68,6.774949738175351,0.0,56,0.3333333333333333,-0.775564225284195,0.09553908884246501,-0.11038821441234178,-0.05542362148872664,0.0,-0.06565495261645281,0.7192891221988739
13720.0,117,4,799.9,10.435915283109324,0.0,42,0.0,0.24506583484183622,-0.03483729145626595,-0.13989188550205642,-0.0446592953016936,0.0,-0.22960977146750827,-0.47247971450894716
13721.0,36,1,524.14,7.374808436217139,0.0,28,0.0,-0.5654345070229533,-0.42596643235245885,-0.17354203166675036,-0.05365985872925844,0.0,-0.3935645903185637,-0.47247971450894716
13722.0,132,3,2375.41,18.933036961127726,0.0,75,0.4588235294117647,0.3951584907427232,-0.1652136717549969,0.052362762684544095,-0.01967523350967004,0.0,0.15685515868140817,1.1679550371947596
13723.0,217,1,199.85000000000002,12.370425080273783,0.0,6,0.0,1.2456835408477491,-0.42596643235245885,-0.21311414473517434,-0.03897126185447772,0.0,-0.651207877084508,-0.47247971450894716
13725.0,50,8,1980.56,15.755503665167037,0.0,95,0.10576923076923077,-0.42534802818212547,0.48666822973865786,0.004180429448652735,-0.029018125281817523,0.0,0.3910763284686303,-0.09432229516896547
13726.0,39,2,1079.6599999999999,38.76599301452058,0.0,39,0.0,-0.5354159758427759,-0.29559005205372785,-0.10575363161811831,0.038639548640420504,0.0,-0.2647429469355916,-0.47247971450894716
13727.0,29,2,333.48,8.885206155236503,0.0,19,0.7,-0.6354777464433672,-0.29559005205372785,-0.19680768610452432,-0.049218840773715695,0.0,-0.49896411672281366,2.0302348425774768
13728.0,37,6,1016.14,3.155128084710156,0.0,38,0.0,-0.5554283299628942,0.22591546914119598,-0.11350478219971591,-0.06606697241310344,0.0,-0.2764540054249527,-0.47247971450894716
13730.0,136,2,752.6,8.672115092478139,0.0,38,0.0,0.4351831989829597,-0.29559005205372785,-0.14566375928211886,-0.04984539179664097,0.0,-0.2764540054249527,-0.47247971450894716
13731.0,219,2,610.59,3.5273087936480407,0.0,36,0.0,1.2656958949678674,-0.29559005205372785,-0.16299280358458548,-0.0649726505730434,0.0,-0.2998761224036749,-0.47247971450894716
13732.0,28,1,491.86,5.4922508598547966,0.0,33,0.0,-0.6454839235034263,-0.42596643235245885,-0.17748106096105093,-0.05919513721497827,0.0,-0.3350092978717582,-0.47247971450894716
13735.0,25,4,2883.54,12.186401151341263,0.0,158,0.0,-0.6755024546836037,-0.03483729145626595,0.11436830652943074,-0.03951234686960172,0.0,1.1288730132983797,-0.47247971450894716
13736.0,5,2,729.8,4.010661182262641,0.0,166,0.6,-0.8756259958847863,-0.29559005205372785,-0.14844597328181072,-0.06355145097133479,0.0,1.2225614812132686,1.6727041915651306
13737.0,200,1,339.59999999999997,15.018624070317403,0.0,29,0.0,1.075578530826744,-0.42596643235245885,-0.19606088129408072,-0.03118477017977525,0.0,-0.3818535318292026,-0.47247971450894716
13739.0,18,1,216.9,26.831138626603234,0.0,3,0.0,-0.7455456941040176,-0.42596643235245885,-0.21103358558189603,0.0035475315073824785,0.0,-0.6863410525525914,-0.47247971450894716
13740.0,241,1,350.75,7.079542229679698,0.0,23,0.0,1.4858317902891682,-0.42596643235245885,-0.19470028102668757,-0.05452802908491094,0.0,-0.45211988276536924,-0.47247971450894716
13741.0,72,3,668.4300000000001,7.170288648639803,0.0,34,0.0,-0.2052121328608246,-0.1652136717549969,-0.15593476596431458,-0.05426120765706564,0.0,-0.3232982393823971,-0.47247971450894716
13742.0,17,12,3107.87,9.829596244246028,0.0,200,0.5782747603833865,-0.7555518711640767,1.0081737509335817,0.1417426076939426,-0.046442053382212654,0.0,1.620737469851546,1.5950298009298605
13743.0,3,7,1341.6,15.07004698392016,0.0,8,0.0,-0.8956383500049045,0.3562918494399269,-0.073789897623413,-0.031033571538675316,0.0,-0.6277857601057858,-0.47247971450894716
13744.0,95,2,1080.52,10.890767044154227,0.0,54,0.6984126984126984,0.024929939520535373,-0.29559005205372785,-0.10564868845848079,-0.04332189601111327,0.0,-0.08907706959517502,2.024559752878868
13745.0,162,1,300.04,5.642762089615332,0.0,25,0.0,0.695343802544497,-0.42596643235245885,-0.2008882666374057,-0.05875258949032246,0.0,-0.42869776578664703,-0.47247971450894716
13747.0,374,1,79.6,0.0,0.0,1,0.0,2.8166533392770328,-0.42596643235245885,-0.2277878830449526,-0.07534398620873628,0.0,-0.7097631695313136,-0.47247971450894716
13748.0,96,5,948.25,42.95311926234322,0.0,24,0.0,0.034936116580594506,0.09553908884246501,-0.12178919046458779,0.05095094358928051,0.0,-0.44040882427600814,-0.47247971450894716
13750.0,54,5,1647.26,101.66178029716185,0.0,20,0.0,-0.38532331994188895,0.09553908884246501,-0.036491146257368774,0.22357184636102237,0.0,-0.48725305823345255,-0.47247971450894716
13751.0,288,1,296.25,51.73385013702344,0.0,9,0.0,1.9561221121119474,-0.42596643235245885,-0.20135074870138955,0.07676890066522302,0.0,-0.6160747016164247,-0.47247971450894716
13752.0,124,6,1175.38,13.482786059562317,0.0,64,0.4666666666666667,0.31510907426225016,0.22591546914119598,-0.09407321389660499,-0.03570059015002571,0.0,0.028033515298436028,1.1959966568820022
13753.0,288,1,741.26,13.719620937017982,0.0,35,0.0,1.9561221121119474,-0.42596643235245885,-0.14704754466617614,-0.035004225258821915,0.0,-0.311587180893036,-0.47247971450894716
13754.0,152,2,282.59999999999997,12.96705615992101,0.0,11,0.0,0.5952820319439057,-0.29559005205372785,-0.20301641629331035,-0.03721698925184926,0.0,-0.5926525846377025,-0.47247971450894716
13755.0,4,9,2108.06,7.571988823999858,0.0,232,0.0,-0.8856321729448454,0.6170446100373889,0.019738862999561055,-0.053080089817006314,0.0,1.9954913415111013,-0.47247971450894716
13756.0,2,14,5189.52,40.052375535483066,0.0,66,0.0,-0.9056445270649637,1.2689265115310437,0.39575996613510583,0.04242189537026054,0.0,0.051455632277158235,-0.47247971450894716
13758.0,12,7,3190.55,22.17251330891098,0.0,104,0.47863247863247865,-0.8055827564643724,0.3562918494399269,0.15183179425071988,-0.010150210765063377,0.0,0.4964758548728802,1.2387781023022832
13759.0,33,2,659.4100000000001,32.043692681503906,0.0,24,0.04,-0.5954530382031307,-0.29559005205372785,-0.1570354488712102,0.018873988811012883,0.0,-0.44040882427600814,-0.3294674541040086
13760.0,54,2,286.79,4.071124554449865,0.0,50,0.5087719298245614,-0.38532331994188895,-0.29559005205372785,-0.20250512345740204,-0.06337367069654036,0.0,-0.13592130355261944,1.346535878360885
13761.0,50,2,1070.65,4.903987360198383,0.0,68,0.0,-0.42534802818212547,-0.29559005205372785,-0.10685309425571579,-0.06092480664685528,0.0,0.07487774925588045,-0.47247971450894716
13762.0,219,1,306.72,31.653278773973117,0.0,7,0.0,1.2656958949678674,-0.42596643235245885,-0.2000731267462679,0.017726055950942395,0.0,-0.639496818595147,-0.47247971450894716
13763.0,63,1,1714.96,50.59807668093249,0.0,15,0.0,-0.2952677264013568,-0.42596643235245885,-0.02822992310916098,0.07342938932432694,0.0,-0.5458083506802581,-0.47247971450894716
13764.0,71,3,1519.42,4.286180543537416,0.0,183,0.0,-0.21521830992088373,-0.1652136717549969,-0.05209106896441284,-0.06274134220652854,0.0,1.4216494755324074,-0.47247971450894716
13767.0,2,37,17220.36,56.0794373203498,0.0,55,0.10054347826086957,-0.9056445270649637,4.267583258401856,1.8638464343830263,0.08954621783507327,0.0,-0.07736601110581391,-0.11300596213240328
13769.0,2,10,2796.51,20.316982634807875,0.0,73,0.0,-0.9056445270649637,0.7474209903361198,0.10374830282797547,-0.01560602212983582,0.0,0.13343304170268597,-0.47247971450894716
13771.0,64,4,2634.45,15.684591955977801,0.0,114,0.0,-0.28526154934129766,-0.03483729145626595,0.08397261858279736,-0.029226626771062414,0.0,0.6135864397664912,-0.47247971450894716
13772.0,34,3,1122.63,8.252826044053172,0.0,141,0.791907514450867,-0.5854468611430715,-0.1652136717549969,-0.10051013444413764,-0.051078226148262386,0.0,0.929785018979241,2.358832377322928
13774.0,82,1,345.0,3.263781966871061,0.0,22,0.0,-0.10515036226023332,-0.42596643235245885,-0.1954019358731011,-0.06574749772405976,0.0,-0.46383094125473034,-0.47247971450894716
13777.0,1,33,25977.16,190.53384566522857,0.0,36,0.025380710659898477,-0.9156507041250228,3.746077737206932,2.9324118533523906,0.484882117871498,0.0,-0.2998761224036749,-0.3817358944550522
13778.0,103,1,178.7,8.121708735098654,0.0,9,1.0,0.10497935600100841,-0.42596643235245885,-0.21569501430067797,-0.05146374998481023,0.0,-0.6160747016164247,3.102826795614516
13780.0,7,2,360.01,11.172808647344475,0.0,56,0.0,-0.855613641764668,-0.29559005205372785,-0.1935703116566373,-0.04249260991765228,0.0,-0.06565495261645281,-0.47247971450894716
13781.0,251,1,127.84,5.87496382967589,0.0,17,1.0,1.5858935608897595,-0.42596643235245885,-0.22190130395086777,-0.05806984739932755,0.0,-0.5223862337015359,3.102826795614516
13782.0,13,6,908.86,5.462502678154909,0.0,96,0.9203539823008849,-0.7955765794043133,0.22591546914119598,-0.12659583122984489,-0.0592826057058336,0.0,0.4027873869579914,2.8180678700294615
13784.0,10,11,2462.79,58.097946657403064,0.0,9,0.0,-0.8255951105844906,0.8777973706348507,0.06302547581143328,0.09548123488151343,0.0,-0.6160747016164247,-0.47247971450894716
13786.0,367,1,230.39999999999998,23.424163348376577,0.0,7,0.0,2.746610099856619,-0.42596643235245885,-0.20938622202944693,-0.006469987848061443,0.0,-0.639496818595147,-0.47247971450894716
13787.0,76,2,309.04,7.124926364456319,0.0,24,0.7741935483870968,-0.16518742462058808,-0.29559005205372785,-0.19979002426910628,-0.054394586247371035,0.0,-0.44040882427600814,2.2954995191350243
13790.0,4,1,348.8,5.781913108298947,0.0,45,0.0,-0.8856321729448454,-0.42596643235245885,-0.19493823353981912,-0.05834344416076832,0.0,-0.19447659599942496,-0.47247971450894716
13791.0,128,2,1516.0,66.39701526698046,0.0,7,0.0,0.3551337825024867,-0.29559005205372785,-0.052508401064366626,0.11988296182092088,0.0,-0.639496818595147,-0.47247971450894716
13792.0,66,2,195.55,4.2360479888809754,0.0,13,0.0,-0.2652491952211794,-0.29559005205372785,-0.21363886053336187,-0.0628887468090269,0.0,-0.5692304676589803,-0.47247971450894716
13798.0,1,57,37153.85,69.2264907797415,0.0,113,0.15472779369627507,-0.9156507041250228,6.875110864376475,4.296269019502207,0.12820246032036162,0.0,0.6018753812771301,0.08071957359038526
13799.0,117,2,688.86,8.729158081379703,0.0,32,0.0,0.24506583484183622,-0.29559005205372785,-0.15344175578827493,-0.04967766846472668,0.0,-0.3467203563611193,-0.47247971450894716
13800.0,310,1,558.32,9.705873143867505,0.0,33,0.0,2.176258007433248,-0.42596643235245885,-0.16937115120580884,-0.04680583604910729,0.0,-0.3350092978717582,-0.47247971450894716
13801.0,67,1,324.8,3.844796545242452,0.0,23,0.0,-0.25524301816112027,-0.42596643235245885,-0.1978668798552842,-0.06403914227404311,0.0,-0.45211988276536924,-0.47247971450894716
13802.0,139,3,4599.42,69.70732323709865,0.0,55,0.2,0.4652017301631371,-0.1652136717549969,0.32375187485360774,0.12961625057563111,0.0,-0.07736601110581391,0.24258158751574554
13803.0,255,1,277.07,3.4787825372070142,0.0,17,0.0,1.625918269129996,-0.42596643235245885,-0.20369122521516542,-0.0651153321816397,0.0,-0.5223862337015359,-0.47247971450894716
13804.0,31,7,2588.39,8.905421359849411,0.0,124,0.07407407407407407,-0.6154653923232489,0.3562918494399269,0.0783520581957006,-0.0491594020672542,0.0,0.7306970246601023,-0.20764219524054248
13805.0,52,2,924.6,53.34235955670618,0.0,10,0.0,-0.4053356740620072,-0.29559005205372785,-0.12467512735461903,0.08149839616466578,0.0,-0.6043636431270636,-0.47247971450894716
13806.0,64,1,256.38,16.587026255480517,0.0,10,0.0,-0.28526154934129766,-0.42596643235245885,-0.20621596239295595,-0.026573201863620655,0.0,-0.6043636431270636,-0.47247971450894716
13807.0,367,1,112.6,2.798468969173781,0.0,7,0.0,2.746610099856619,-0.42596643235245885,-0.2237609943611881,-0.06711565615789446,0.0,-0.639496818595147,-0.47247971450894716
13808.0,6,5,1747.66,18.028870949654564,0.0,70,0.5263157894736842,-0.8656198188247272,0.09553908884246501,-0.02423964250433978,-0.02233375016470764,0.0,0.09829986623460266,1.409260553977086
13809.0,305,1,155.05,9.421914935967425,0.0,11,0.0,2.1262271221329527,-0.42596643235245885,-0.2185809511907092,-0.047640757529740056,0.0,-0.5926525846377025,-0.47247971450894716
13810.0,29,3,1499.01,98.90555042330949,0.0,32,0.0,-0.6354777464433672,-0.1652136717549969,-0.05458163860185629,0.2154677117974924,0.0,-0.3467203563611193,-0.47247971450894716
13811.0,184,3,814.5,50.200176217894814,0.0,7,0.0,0.915479697865798,-0.1652136717549969,-0.13811029232681515,0.07225944376719488,0.0,-0.639496818595147,-0.47247971450894716
13812.0,42,3,539.0,4.938802695339435,0.0,33,0.0,-0.5053974446625985,-0.1652136717549969,-0.1717287114897582,-0.06082243921969177,0.0,-0.3350092978717582,-0.47247971450894716
13813.0,40,4,1366.8600000000001,10.830544013654785,0.0,54,0.21739130434782608,-0.5254097987827168,-0.03483729145626595,-0.07070749737638596,-0.04349896960995243,0.0,-0.08907706959517502,0.3047608311700666
13814.0,92,2,1579.12,20.273859026763816,0.0,37,0.0,-0.0050885916596420154,-0.29559005205372785,-0.044806061254693434,-0.015732818347295546,0.0,-0.2881650639143138,-0.47247971450894716
13815.0,22,4,4027.36,19.22190448285632,0.0,132,0.0,-0.7055209858637811,-0.03483729145626595,0.253945149385901,-0.018825877188076327,0.0,0.8243854925749912,-0.47247971450894716
13816.0,24,2,571.6700000000001,11.151065404529051,0.0,25,0.0,-0.6855086317436628,-0.29559005205372785,-0.16774209169283136,-0.04255654151033088,0.0,-0.42869776578664703,-0.47247971450894716
13817.0,29,2,382.98,5.543548737829916,0.0,20,0.0,-0.6354777464433672,-0.29559005205372785,-0.19076735307887757,-0.059044306215765265,0.0,-0.48725305823345255,-0.47247971450894716
13819.0,302,3,1140.35,14.966956395010934,0.0,26,0.0,2.096208590952775,-0.1652136717549969,-0.09834781724788594,-0.03133668849299023,0.0,-0.41698670729728593,-0.47247971450894716
13821.0,145,2,385.64,4.673811447034564,0.0,51,0.0,0.5252387925234918,-0.29559005205372785,-0.19044276144558017,-0.06160159220500459,0.0,-0.12421024506325833,-0.47247971450894716
13822.0,6,2,632.0,12.997027325440445,0.0,90,1.0,-0.8656198188247272,-0.29559005205372785,-0.16038020701733097,-0.03712886512232742,0.0,0.33252103602182476,3.102826795614516
13823.0,19,2,957.66,20.13848943358629,0.0,39,0.0,-0.7355395170439585,-0.29559005205372785,-0.12064091705506585,-0.016130845162594384,0.0,-0.2647429469355916,-0.47247971450894716
13824.0,33,5,1698.94,36.30657652194657,0.0,34,0.0,-0.5954530382031307,0.09553908884246501,-0.030184794524733927,0.03140813358586749,0.0,-0.3232982393823971,-0.47247971450894716
13826.0,176,1,189.5,5.509032986327496,0.0,10,0.0,0.8354302813853249,-0.42596643235245885,-0.21437712345871868,-0.059145792778040274,0.0,-0.6043636431270636,-0.47247971450894716
13827.0,58,3,409.8,4.152987089770135,0.0,83,0.0,-0.34529861170165244,-0.1652136717549969,-0.1874945908213453,-0.06313297052554195,0.0,0.25054362659629703,-0.47247971450894716
13828.0,22,1,209.49,2.899166875402065,0.0,15,0.0,-0.7055209858637811,-0.42596643235245885,-0.2119378051317959,-0.06681957440140471,0.0,-0.5458083506802581,-0.47247971450894716
13831.0,16,6,2198.45,52.010519890914,0.0,58,0.1111111111111111,-0.7655580482241359,0.22591546914119598,0.030768877185181457,0.07758239192604226,0.0,-0.0422328356377306,-0.07522343560634014
13832.0,19,1,52.199999999999996,2.3999999999999986,0.0,3,1.0,-0.7355395170439585,-0.42596643235245885,-0.23113142092177524,-0.06828727329194066,0.0,-0.6863410525525914,3.102826795614516
13833.0,159,1,383.85,7.014615081061094,0.0,28,1.0,0.6653252713643196,-0.42596643235245885,-0.19066118964994194,-0.054718934188372446,0.0,-0.3935645903185637,3.102826795614516
13835.0,25,4,834.57,5.442924935349729,0.0,48,0.38181818181818183,-0.6755024546836037,-0.03483729145626595,-0.13566121184550747,-0.05934017008522319,0.0,-0.15934342053134165,0.8926373166291025
13837.0,212,2,266.59000000000003,13.538157174194819,0.0,17,0.0,1.1956526555474536,-0.29559005205372785,-0.20497006743958518,-0.03553778262509048,0.0,-0.5223862337015359,-0.47247971450894716
13838.0,6,4,674.82,3.583012336814509,0.0,144,1.0,-0.8656198188247272,-0.03483729145626595,-0.15515501388282202,-0.06480886560947086,0.0,0.9649181944473244,3.102826795614516
13841.0,253,1,85.0,0.0,0.0,1,0.0,1.6059059150098778,-0.42596643235245885,-0.22712893762397296,-0.07534398620873628,0.0,-0.7097631695313136,-0.47247971450894716
13842.0,59,9,3385.62,6.552347093725759,0.0,155,0.0,-0.3352924346415933,0.6170446100373889,0.17563558744896052,-0.05607813938722677,0.0,1.0937398378302965,-0.47247971450894716
13844.0,11,1,361.62,6.022220171122414,0.0,20,0.0,-0.8155889335244315,-0.42596643235245885,-0.1933738482996415,-0.05763687001317516,0.0,-0.48725305823345255,-0.47247971450894716
13845.0,65,1,312.98,27.188015333557868,0.0,9,0.0,-0.27525537228123853,-0.42596643235245885,-0.19930923816565077,0.004596855035578415,0.0,-0.6160747016164247,-0.47247971450894716
13846.0,25,3,865.0600000000001,5.057497098600938,0.0,55,0.0,-0.6755024546836037,-0.1652136717549969,-0.13194061075556865,-0.060473442416088936,0.0,-0.07736601110581391,-0.47247971450894716
13848.0,298,1,135.0,24.748737341529164,0.0,2,0.0,2.0561838827125385,-0.42596643235245885,-0.22102759113342066,-0.0025753468452566863,0.0,-0.6980521110419524,-0.47247971450894716
13849.0,52,2,1537.95,5.295018624860895,0.0,97,0.0,-0.4053356740620072,-0.29559005205372785,-0.04982990995501417,-0.05977505857343242,0.0,0.4144984454473525,-0.47247971450894716
13850.0,129,1,1595.48,4.699059202290312,0.0,93,0.0,0.3651399595625458,-0.42596643235245885,-0.04280970068298472,-0.0615273563047407,0.0,0.36765421148990807,-0.47247971450894716
13851.0,96,3,2651.46,98.09964329417537,0.0,77,0.0,0.034936116580594506,-0.1652136717549969,0.08604829665888328,0.2130981054442014,0.0,0.18027727566013038,-0.47247971450894716
13853.0,57,1,1090.14,37.85093168270778,0.0,23,0.0,-0.35530478876171157,-0.42596643235245885,-0.10447478939369852,0.035948996507144004,0.0,-0.45211988276536924,-0.47247971450894716
13854.0,9,25,8109.5199999999995,65.01172041608767,0.0,39,0.03636363636363636,-0.8356012876445498,2.7030666948170845,0.752078601183359,0.11580978345931021,0.0,-0.2647429469355916,-0.34246856868627573
13856.0,169,3,388.5,28.998322232634294,0.0,10,0.0,0.7653870419649109,-0.1652136717549969,-0.1900937644263206,0.009919695068110435,0.0,-0.6043636431270636,-0.47247971450894716
13858.0,57,1,216.17,6.440111517950317,0.0,11,0.0,-0.35530478876171157,-0.42596643235245885,-0.2111226652406581,-0.0564081453194345,0.0,-0.5926525846377025,-0.47247971450894716
13859.0,326,1,201.16,4.38536744401739,0.0,27,0.0,2.3363568403941946,-0.42596643235245885,-0.2129542894571219,-0.06244970325578106,0.0,-0.4052756488079248,-0.47247971450894716
13860.0,1,5,1245.9,5.10081367434166,0.0,58,0.0,-0.9156507041250228,0.09553908884246501,-0.08546787480633004,-0.06034607881628023,0.0,-0.0422328356377306,-0.47247971450894716
13862.0,18,8,2209.36,6.186421819651821,0.0,97,0.14388489208633093,-0.7455456941040176,0.48666822973865786,0.032100190989420005,-0.05715406839061825,0.0,0.4144984454473525,0.0419528768757238
13863.0,248,1,305.78,5.343972403805205,0.0,20,0.0,1.5558750297095822,-0.42596643235245885,-0.20018783206029028,-0.05963111992168147,0.0,-0.48725305823345255,-0.47247971450894716
13865.0,58,4,501.56,4.276587209553844,0.0,26,0.0,-0.34529861170165244,-0.03483729145626595,-0.17629739974188377,-0.0627695494581273,0.0,-0.41698670729728593,-0.47247971450894716
13866.0,74,1,145.67000000000002,8.302045932579912,0.0,7,0.0,-0.18519977874070634,-0.42596643235245885,-0.2197255637923368,-0.0509335050552916,0.0,-0.639496818595147,-0.47247971450894716
13867.0,31,3,1005.09,7.950785447821375,0.0,51,0.0,-0.6154653923232489,-0.1652136717549969,-0.11485317977412796,-0.05196631522193971,0.0,-0.12421024506325833,-0.47247971450894716
13868.0,39,1,507.54,9.410906485939428,0.0,32,0.0,-0.5354159758427759,-0.42596643235245885,-0.17556767870161372,-0.04767312564286775,0.0,-0.3467203563611193,-0.47247971450894716
13869.0,123,4,3083.65,5.95909870690205,0.0,234,0.1611842105263158,0.305102897202191,-0.03483729145626595,0.13878711545391909,-0.0578224658681297,0.0,2.0189134584898234,0.10380324271490055
13870.0,2,8,2770.94,32.0600582888247,0.0,91,0.2,-0.9056445270649637,0.48666822973865786,0.100628074232707,0.01892210855791782,0.0,0.34423209451118586,0.24258158751574554
13871.0,23,13,6403.25,9.385424621699437,0.0,155,0.0,-0.695514808803722,1.1385501312323127,0.5438677116546662,-0.04774804989308708,0.0,1.0937398378302965,-0.47247971450894716
13873.0,120,3,389.6,4.851814012252136,0.0,21,0.0,0.27508436602201364,-0.1652136717549969,-0.18995953480352842,-0.0610782117878406,0.0,-0.47554199974409145,-0.47247971450894716
13874.0,358,1,540.45,40.3010335949778,0.0,18,0.0,2.6565545063160867,-0.42596643235245885,-0.1715517724415322,0.04315302392871964,0.0,-0.5106751752121748,-0.47247971450894716
13875.0,54,5,1786.79,17.299044772125598,0.0,79,0.11538461538461539,-0.38532331994188895,0.09553908884246501,-0.01946472874083358,-0.024479655920534405,0.0,0.2036993926388526,-0.059944347956239825
13876.0,64,1,122.7,4.940551347678476,0.0,7,0.0,-0.28526154934129766,-0.42596643235245885,-0.22252852237009652,-0.06081729766238014,0.0,-0.639496818595147,-0.47247971450894716
13877.0,86,1,117.24,27.199617644371397,0.0,3,0.0,-0.06512565401999679,-0.42596643235245885,-0.22319478940686482,0.004630969275821128,0.0,-0.6863410525525914,-0.47247971450894716
13878.0,55,1,1271.57,21.611021417848097,0.0,35,1.0,-0.3753171428818298,-0.42596643235245885,-0.08233544351808052,-0.01180116371520481,0.0,-0.311587180893036,3.102826795614516
13880.0,21,13,3219.77,9.20710736542336,0.0,125,0.09696969696969697,-0.7155271629238402,1.1385501312323127,0.15539742113979862,-0.04827235559544163,0.0,0.7424080831494634,-0.1257833256484901
13881.0,4,20,17159.52,95.1420910026979,0.0,72,0.0,-0.8856321729448454,2.0511847933234293,1.8564223159733224,0.20440202317029826,0.0,0.12172198321332486,-0.47247971450894716
13882.0,3,5,1191.13,9.956787277260439,0.0,54,0.0,-0.8956383500049045,0.09553908884246501,-0.092151289752081,-0.04606807396322375,0.0,-0.08907706959517502,-0.47247971450894716
13883.0,11,5,2674.48,8.096234083389247,0.0,108,0.0,-0.8155889335244315,0.09553908884246501,0.08885735658313354,-0.05153865302804716,0.0,0.5433200888303246,-0.47247971450894716
13884.0,7,5,787.6,10.541451396524824,0.0,45,0.6101694915254238,-0.855613641764668,0.09553908884246501,-0.14139281673873225,-0.04434898777889045,0.0,-0.19447659599942496,1.7090632408206237
13885.0,189,2,506.8,8.591845832812341,0.0,28,0.0,0.9655105831660936,-0.29559005205372785,-0.1756579786296739,-0.05008140726393483,0.0,-0.3935645903185637,-0.47247971450894716
13886.0,71,1,243.56,3.627758720385541,0.0,16,0.0,-0.21521830992088373,-0.42596643235245885,-0.20778034763313355,-0.06467729794991853,0.0,-0.534097292190897,-0.47247971450894716
13887.0,204,1,349.55,7.294246470948688,0.0,19,0.0,1.1156032390669806,-0.42596643235245885,-0.19484671334246081,-0.0538967348379719,0.0,-0.49896411672281366,-0.47247971450894716
13888.0,120,2,595.67,5.553544381355163,0.0,38,0.0,0.27508436602201364,-0.29559005205372785,-0.16481344537736628,-0.05901491605460847,0.0,-0.2764540054249527,-0.47247971450894716
13889.0,93,1,416.90000000000003,13.277328510696435,0.0,15,0.0,0.004917585400417115,-0.42596643235245885,-0.18662819961968688,-0.036304696374581974,0.0,-0.5458083506802581,-0.47247971450894716
13890.0,1,10,1883.8100000000002,5.814733199108452,0.0,74,0.0,-0.9156507041250228,0.7474209903361198,-0.007625676010565904,-0.058246943344624214,0.0,0.14514410019204707,-0.47247971450894716
13892.0,27,4,632.97,23.474914434185006,0.0,26,0.037037037037037035,-0.6554901005634854,-0.03483729145626595,-0.16026184089541426,-0.006320764580242383,0.0,-0.41698670729728593,-0.3400609548747448
13893.0,298,1,821.1,64.2484241051872,0.0,21,0.0,2.0561838827125385,-0.42596643235245885,-0.13730491459006222,0.11356546556911279,0.0,-0.47554199974409145,-0.47247971450894716
13894.0,24,3,564.62,13.649404900253131,0.0,25,0.0,-0.6855086317436628,-0.1652136717549969,-0.16860238154799922,-0.035210681264490555,0.0,-0.42869776578664703,-0.47247971450894716
13895.0,28,4,2593.07,18.66493763663769,0.0,97,0.0,-0.6454839235034263,-0.03483729145626595,0.07892314422721633,-0.020463525162217135,0.0,0.4144984454473525,-0.47247971450894716
13897.0,50,1,311.16,9.833140991804495,0.0,17,0.0,-0.42534802818212547,-0.42596643235245885,-0.19953132717790686,-0.046431630771428235,0.0,-0.5223862337015359,-0.47247971450894716
13898.0,326,1,155.93,5.782912852586148,0.0,12,0.0,2.3363568403941946,-0.42596643235245885,-0.21847356749247548,-0.05834050461559124,0.0,-0.5809415261483414,-0.47247971450894716
13899.0,16,2,388.52,9.456067577755972,0.0,19,0.0,-0.7655580482241359,-0.29559005205372785,-0.19009132388772437,-0.04754033861788508,0.0,-0.49896411672281366,-0.47247971450894716
13900.0,183,3,740.95,14.372638784360099,0.0,42,0.0,0.9054735208057388,-0.1652136717549969,-0.14708537301441754,-0.033084158809556424,0.0,-0.22960977146750827,-0.47247971450894716
13901.0,72,5,2867.2,9.54234591413848,0.0,144,0.0,-0.2052121328608246,0.09553908884246501,0.11237438649631823,-0.047286654680055884,0.0,0.9649181944473244,-0.47247971450894716
13904.0,37,2,332.64,4.275716620098275,0.0,24,0.0,-0.5554283299628942,-0.29559005205372785,-0.1969101887255656,-0.0627721092497341,0.0,-0.44040882427600814,-0.47247971450894716
13908.0,80,4,2369.55,14.315681372518158,0.0,104,0.0,-0.12516271638035156,-0.03483729145626595,0.05164768487585141,-0.03325163051949487,0.0,0.4964758548728802,-0.47247971450894716
13911.0,57,9,2580.91,13.897396027325403,0.0,120,0.24324324324324326,-0.35530478876171157,0.6170446100373889,0.07743929676071398,-0.034481513685464885,0.0,0.6838527907026579,0.3971894366021656
13914.0,12,2,626.45,11.130201218606366,0.0,28,0.0,-0.8055827564643724,-0.29559005205372785,-0.16105745647778227,-0.04261788841462214,0.0,-0.3935645903185637,-0.47247971450894716
13917.0,50,2,272.04,7.703667575749038,0.0,16,0.0,-0.42534802818212547,-0.29559005205372785,-0.20430502067211498,-0.05269291517186634,0.0,-0.534097292190897,-0.47247971450894716
13918.0,50,2,1212.8400000000001,49.833115315711154,0.0,30,0.0,-0.42534802818212547,-0.29559005205372785,-0.0895020851058832,0.07118017567982401,0.0,-0.3701424733398415,-0.47247971450894716
13919.0,59,2,384.81,5.256718490247911,0.0,24,0.0,-0.3352924346415933,-0.29559005205372785,-0.19054404379732337,-0.059887672346198434,0.0,-0.44040882427600814,-0.47247971450894716
13922.0,352,1,172.25,11.3943124910131,0.0,7,0.0,2.596517443955732,-0.42596643235245885,-0.2164820879979592,-0.041841322819845504,0.0,-0.639496818595147,-0.47247971450894716
13923.0,54,1,351.13,10.710563047266644,0.0,20,0.0,-0.38532331994188895,-0.42596643235245885,-0.1946539107933594,-0.043851749291319436,0.0,-0.48725305823345255,-0.47247971450894716
13924.0,2,6,1838.8500000000001,7.299373851275851,0.0,90,0.0,-0.9056445270649637,0.22591546914119598,-0.013112006774870521,-0.05388165881672856,0.0,0.33252103602182476,-0.47247971450894716
13925.0,93,4,678.25,6.246762771384168,0.0,28,0.0,0.004917585400417115,-0.03483729145626595,-0.15473646151357012,-0.05697664806832599,0.0,-0.3935645903185637,-0.47247971450894716
13926.0,23,1,223.85000000000002,11.632991876555232,0.0,11,0.0,-0.695514808803722,-0.42596643235245885,-0.21018549841970924,-0.041139534526958836,0.0,-0.5926525846377025,-0.47247971450894716
13927.0,75,1,348.99,6.632943755011258,0.0,21,0.0,-0.1751936016806472,-0.42596643235245885,-0.19491504842315502,-0.05584116126191677,0.0,-0.47554199974409145,-0.47247971450894716
13928.0,11,4,464.57,6.32246492106225,0.0,23,0.0,-0.8155889335244315,-0.03483729145626595,-0.18081117587559437,-0.05675406126104995,0.0,-0.45211988276536924,-0.47247971450894716
13929.0,169,2,842.65,122.36689480592554,0.0,8,0.0,0.7653870419649109,-0.29559005205372785,-0.13467523425263422,0.2844510334434079,0.0,-0.6277857601057858,-0.47247971450894716
13930.0,58,2,337.34,8.034688031573216,0.0,15,0.0,-0.34529861170165244,-0.29559005205372785,-0.1963366621554537,-0.05171961670255881,0.0,-0.5458083506802581,-0.47247971450894716
13931.0,96,2,1237.53,31.769364995831353,0.0,56,0.0,0.034936116580594506,-0.29559005205372785,-0.08648924020884852,0.01806738392646282,0.0,-0.06565495261645281,-0.47247971450894716
13932.0,295,1,307.4,7.391763434165534,0.0,16,0.0,2.026165351532361,-0.42596643235245885,-0.1999901484339964,-0.05361000599883066,0.0,-0.534097292190897,-0.47247971450894716
13933.0,109,2,608.7900000000001,13.93600011515091,0.0,23,0.0,0.1650164183613632,-0.29559005205372785,-0.16321245205824533,-0.03436800619996515,0.0,-0.45211988276536924,-0.47247971450894716
13934.0,264,1,922.1,20.27719718813356,0.0,31,0.0,1.7159738626705283,-0.42596643235245885,-0.12498019467914662,-0.01572300316127212,0.0,-0.3584314148504804,-0.47247971450894716
13936.0,180,1,376.58,6.715824939304523,0.0,26,0.0,0.8754549896255615,-0.42596643235245885,-0.19154832542966826,-0.055597465960349444,0.0,-0.41698670729728593,-0.47247971450894716
13937.0,169,1,158.85,8.654623042050991,0.0,9,0.0,0.7653870419649109,-0.42596643235245885,-0.21811724885742723,-0.049896823620887,0.0,-0.6160747016164247,-0.47247971450894716
13938.0,35,1,71.66,4.855820268110268,0.0,7,0.0,-0.5754406840830124,-0.42596643235245885,-0.22875677686765228,-0.06106643220556473,0.0,-0.639496818595147,-0.47247971450894716
13939.0,23,3,568.55,7.673442855232927,0.0,43,0.0,-0.695514808803722,-0.1652136717549969,-0.16812281571384183,-0.05278178482839658,0.0,-0.21789871297814717,-0.47247971450894716
13940.0,17,4,839.14,7.458768358460402,0.0,39,0.0,-0.7555518711640767,-0.03483729145626595,-0.13510354877627098,-0.05341299161768044,0.0,-0.2647429469355916,-0.47247971450894716
13941.0,22,5,5112.96,92.07564275687089,0.0,24,0.17777777777777778,-0.7055209858637811,0.09553908884246501,0.3864175843887721,0.1953857544432096,0.0,-0.44040882427600814,0.16313033173522412
13946.0,79,3,561.5699999999999,53.59457823664289,0.0,11,0.45454545454545453,-0.1351688934404107,-0.1652136717549969,-0.16897456368392294,0.08223999400490183,0.0,-0.5926525846377025,1.1526596082744454
13947.0,65,1,90.6,2.738065010185111,0.0,5,0.0,-0.27525537228123853,-0.42596643235245885,-0.2264455868170311,-0.06729326174023653,0.0,-0.6629189355738692,-0.47247971450894716
13948.0,361,1,102.0,11.854113210189952,0.0,3,0.0,2.686573037496264,-0.42596643235245885,-0.22505447981718518,-0.04048937212227583,0.0,-0.6863410525525914,-0.47247971450894716
13949.0,3,6,2427.32,13.47303529042758,0.0,124,0.1125,-0.8956383500049045,0.22591546914119598,0.058697180611035515,-0.03572926030773479,0.0,0.7306970246601023,-0.07025773212005752
13950.0,11,4,745.06,14.560886233301861,0.0,33,0.0,-0.8155889335244315,-0.03483729145626595,-0.14658384233289418,-0.032530655391014275,0.0,-0.3350092978717582,-0.47247971450894716
13951.0,176,3,674.45,6.1649793985994155,0.0,38,0.5128205128205128,0.8354302813853249,-0.1652136717549969,-0.1552001638468521,-0.05721711547795486,0.0,-0.2764540054249527,1.361010803503085
13952.0,218,2,3251.071,12.398832818004248,0.0,120,0.0,1.2556897179078084,-0.29559005205372785,0.15921698606981416,-0.03888773466706959,0.0,0.6838527907026579,-0.47247971450894716
13953.0,7,7,3515.68,238.02182948098198,0.0,8,0.0,-0.855613641764668,0.3562918494399269,0.1915064099401851,0.6245108965320015,0.0,-0.6277857601057858,-0.47247971450894716
13954.0,2,2,439.92,6.392342893389454,0.0,24,0.0,-0.9056445270649637,-0.29559005205372785,-0.18381913969543662,-0.056548599265249584,0.0,-0.44040882427600814,-0.47247971450894716
13955.0,154,2,322.96,10.124780758943212,0.0,33,0.0,0.615294386064024,-0.29559005205372785,-0.1980914094061365,-0.04557412322483696,0.0,-0.3350092978717582,-0.47247971450894716
13956.0,5,5,1019.27,6.618025129976807,0.0,123,1.0,-0.8756259958847863,0.09553908884246501,-0.11312283790940733,-0.05588502645107571,0.0,0.7189859661707412,3.102826795614516
13959.0,79,3,594.04,6.9511132260342725,0.0,79,0.17777777777777778,-0.1351688934404107,-0.1652136717549969,-0.16501234927295827,-0.05490564850529255,0.0,0.2036993926388526,0.16313033173522412
13960.0,21,2,230.22,16.86713453058128,0.0,11,0.0,-0.7155271629238402,-0.29559005205372785,-0.2094081868768129,-0.025749600329035283,0.0,-0.5926525846377025,-0.47247971450894716
13962.0,22,2,169.55,3.4133891449035576,0.0,11,0.0,-0.7055209858637811,-0.29559005205372785,-0.21681156070844904,-0.06530760818003173,0.0,-0.5926525846377025,-0.47247971450894716
13963.0,308,4,664.54,10.137954826651521,0.0,35,0.17142857142857143,2.15624565331313,-0.03483729145626595,-0.15640945072127957,-0.04553538755243531,0.0,-0.311587180893036,0.1404299729407894
13967.0,146,1,80.7,6.5760930650348906,0.0,2,1.0,0.535244969583551,-0.42596643235245885,-0.22765365342216043,-0.05600831917786885,0.0,-0.6980521110419524,3.102826795614516
13969.0,7,18,9024.17,20.283753168723493,0.0,334,0.0,-0.855613641764668,1.7904320327259675,0.8636905325350319,-0.015703726630892437,0.0,3.190019307425934,-0.47247971450894716
13971.0,19,8,2758.26,8.003226127689642,0.0,118,0.10738255033557047,-0.7355395170439585,0.48666822973865786,0.09908077276270297,-0.05181212404569306,0.0,0.6604306737239357,-0.08855418322052157
13972.0,71,2,190.25,5.204066633298379,0.0,15,0.6,-0.21521830992088373,-0.29559005205372785,-0.2142856032613604,-0.060042484445793874,0.0,-0.5458083506802581,1.6727041915651306
13973.0,287,1,264.7,16.977250821453556,0.0,11,0.0,1.9461159350518882,-0.42596643235245885,-0.20520069833692803,-0.02542582572397361,0.0,-0.5926525846377025,-0.47247971450894716
13974.0,49,1,413.59000000000003,3.9572318601149714,0.0,28,0.0,-0.4353542052421846,-0.42596643235245885,-0.18703210875736148,-0.06370854904955774,0.0,-0.3935645903185637,-0.47247971450894716
13975.0,31,6,2461.2400000000002,7.299600826196619,0.0,240,0.03343465045592705,-0.6154653923232489,0.22591546914119598,0.0628363340702262,-0.05388099144303891,0.0,2.0891798094259904,-0.35294059107016873
13976.0,207,1,357.98,23.703047061506677,0.0,10,0.0,1.1456217702471578,-0.42596643235245885,-0.1938180263241537,-0.005649986889424319,0.0,-0.6043636431270636,-0.47247971450894716
13978.0,15,2,196.79000000000002,12.522410463226475,0.0,14,0.0,-0.775564225284195,-0.29559005205372785,-0.21348754714039617,-0.03852437968154172,0.0,-0.5575194091696192,-0.47247971450894716
13979.0,73,1,869.87,5.458738552980656,0.0,54,0.0,-0.19520595580076547,-0.42596643235245885,-0.13135366122317754,-0.05929367335197426,0.0,-0.08907706959517502,-0.47247971450894716
13980.0,60,1,200.14,14.371346745268074,0.0,11,0.0,-0.3252862575815342,-0.42596643235245885,-0.21307875692552913,-0.033087957788285466,0.0,-0.5926525846377025,-0.47247971450894716
13982.0,39,4,1871.81,15.368476826518622,0.0,72,0.0,-0.5354159758427759,-0.03483729145626595,-0.009089999168298479,-0.030156099153249544,0.0,0.12172198321332486,-0.47247971450894716
13983.0,30,12,2603.43,48.453631254522605,0.0,91,0.056074766355140186,-0.6254715693833081,1.0081737509335817,0.08018734322005873,0.06712408276603113,0.0,0.34423209451118586,-0.27199523730576225
13984.0,27,5,920.51,103.63103687079786,0.0,14,0.25,-0.6554901005634854,0.09553908884246501,-0.1251742174975462,0.2293620456525482,0.0,-0.5575194091696192,0.4213469130219187
13985.0,4,15,7060.13,8.335364616313743,0.0,108,0.05730659025787966,-0.8856321729448454,1.3993028918297747,0.6240247613089459,-0.05083553822784362,0.0,0.5433200888303246,-0.2675910892869722
13986.0,17,1,320.46,19.372728882606452,0.0,12,0.0,-0.7555518711640767,-0.42596643235245885,-0.19839647673066413,-0.018382408650624366,0.0,-0.5809415261483414,-0.47247971450894716
13988.0,20,6,4147.96,9.796037659013356,0.0,188,0.11538461538461539,-0.7255333399838994,0.22591546914119598,0.26866159712111304,-0.04654072559132965,0.0,1.480204767979213,-0.059944347956239825
13989.0,66,2,1266.08,30.720945379333628,0.0,33,0.0,-0.2652491952211794,-0.29559005205372785,-0.08300537136274316,0.014984718822312231,0.0,-0.3350092978717582,-0.47247971450894716
13990.0,213,1,311.3,8.045782228389399,0.0,16,0.0,1.2056588326075126,-0.42596643235245885,-0.19951424340773333,-0.051686996468402885,0.0,-0.534097292190897,-0.47247971450894716
13991.0,12,6,852.88,8.256702269657548,0.0,58,0.7073170731707317,-0.8055827564643724,0.22591546914119598,-0.13342689876066724,-0.051066828893557875,0.0,-0.0422328356377306,2.056395621919844
13992.0,30,1,76.8,6.262826837778608,0.0,5,0.0,-0.6254715693833081,-0.42596643235245885,-0.22812955844842353,-0.05692941494131687,0.0,-0.6629189355738692,-0.47247971450894716
13993.0,43,9,3466.36,28.617929782591233,0.0,66,0.2644628099173554,-0.4953912676025394,0.6170446100373889,0.1854880417619044,0.008801228269914434,0.0,0.051455632277158235,0.47305589147411753
13994.0,4,6,2274.14,8.802518039056185,0.0,122,0.0,-0.8856321729448454,0.22591546914119598,0.04000509550257951,-0.049461968397680335,0.0,0.7072749076813801,-0.47247971450894716
13995.0,15,5,1393.69,5.294419601739991,0.0,55,0.0,-0.775564225284195,0.09553908884246501,-0.0674335148495556,-0.059776819879346896,0.0,-0.07736601110581391,-0.47247971450894716
13999.0,10,12,3901.81,11.627967067102462,0.0,102,0.0,-0.8255951105844906,1.0081737509335817,0.23862466834812418,-0.041154308959362916,0.0,0.473053737894158,-0.47247971450894716
14000.0,211,1,635.66,20.225888455381234,0.0,15,0.0,1.1856464784873944,-0.42596643235245885,-0.15993358845422254,-0.015873866076754516,0.0,-0.5458083506802581,-0.47247971450894716
14001.0,46,3,2043.0800000000002,52.83461750611567,0.0,34,0.0,-0.465372736422362,-0.1652136717549969,0.011809553100439334,0.08000548371183147,0.0,-0.3232982393823971,-0.47247971450894716
14002.0,134,2,529.73,5.519688802580795,0.0,47,0.0,0.41517084486284145,-0.29559005205372785,-0.17285990112910662,-0.059114461512959585,0.0,-0.17105447902070275,-0.47247971450894716
14004.0,43,7,4582.64,15.84486104301039,0.0,102,0.16374269005847952,-0.4953912676025394,0.3562918494399269,0.32170426297137844,-0.028755388047468286,0.0,0.473053737894158,0.11295059124226317
14005.0,10,5,2874.72,38.597948649263124,0.0,53,0.35714285714285715,-0.8255951105844906,0.09553908884246501,0.11329202900849729,0.038145448289209245,0.0,-0.10078812808453612,0.804415467678004
14006.0,116,3,962.19,34.454811700404704,0.0,22,0.0,0.2350596577817771,-0.1652136717549969,-0.12008813506302181,0.025963394946266573,0.0,-0.46383094125473034,-0.47247971450894716
14009.0,198,2,695.61,5.357162761867784,0.0,42,0.0,1.0555661767066258,-0.29559005205372785,-0.15261807401205038,-0.05959233635079923,0.0,-0.22960977146750827,-0.47247971450894716
14012.0,278,1,328.8,8.732062132790231,0.0,11,0.0,1.8560603415113561,-0.42596643235245885,-0.19737877213604002,-0.04966912969093512,0.0,-0.5926525846377025,-0.47247971450894716
14013.0,110,3,473.02,6.90054721537776,0.0,30,0.7647058823529411,0.17502259542142232,-0.1652136717549969,-0.17978004831869102,-0.05505432759718865,0.0,-0.3701424733398415,2.2615782049972304
14014.0,77,1,505.18,6.81145835429394,0.0,39,0.0,-0.15518124756052895,-0.42596643235245885,-0.17585566225596777,-0.05531627531250232,0.0,-0.2647429469355916,-0.47247971450894716
14015.0,53,1,917.34,28.2101872416779,0.0,20,0.0,-0.3953294970019481,-0.42596643235245885,-0.1255610428650472,0.007602344080251858,0.0,-0.48725305823345255,-0.47247971450894716
14016.0,162,4,4341.21,32.026286671632754,0.0,154,0.0,0.695343802544497,-0.03483729145626595,0.29224330130709764,0.018822809971559704,0.0,1.0820287793409353,-0.47247971450894716
14019.0,47,3,1421.61,17.49083948654426,0.0,37,0.3787878787878788,-0.45536655936230286,-0.1652136717549969,-0.06402652296923124,-0.023915722487779692,0.0,-0.2881650639143138,0.8818030544772132
14020.0,17,2,642.8,7.128543506468676,0.0,37,0.0,-0.7555518711640767,-0.29559005205372785,-0.1590623161753717,-0.0543839507753875,0.0,-0.2881650639143138,-0.47247971450894716
14021.0,155,3,631.9,19.17904813711795,0.0,22,0.0,0.6253005631240831,-0.1652136717549969,-0.1603924097103121,-0.018951887574967418,0.0,-0.46383094125473034,-0.47247971450894716
14022.0,225,1,440.0,7.593852986106802,0.0,28,0.0,1.3257329573282222,-0.42596643235245885,-0.18380937754105175,-0.05301580268569174,0.0,-0.3935645903185637,-0.47247971450894716
14023.0,7,2,584.07,7.943028538636344,0.0,30,0.5161290322580645,-0.855613641764668,-0.29559005205372785,-0.1662289577631744,-0.051989122839123214,0.0,-0.3701424733398415,1.3728397745870338
14024.0,122,2,327.7,4.763257813723713,0.0,16,0.8125,0.2950967201421319,-0.29559005205372785,-0.19751300175883216,-0.061338593317014696,0.0,-0.534097292190897,2.4324568249663665
14027.0,61,1,104.82,6.668849975820419,0.0,6,0.0,-0.31528008052147505,-0.42596643235245885,-0.22471036387511803,-0.055735586306842895,0.0,-0.651207877084508,-0.47247971450894716
14029.0,63,2,467.66,19.70363978944959,0.0,15,0.0,-0.2952677264013568,-0.29559005205372785,-0.18043411266247822,-0.017409432287862483,0.0,-0.5458083506802581,-0.47247971450894716
14030.0,18,8,2358.84,21.885411841047958,0.0,210,0.17355371900826447,-0.7455456941040176,0.48666822973865786,0.05034077645757511,-0.010994374363688362,0.0,1.7378480547451571,0.14802802691743905
14031.0,7,19,17286.86,136.46111889813199,0.0,119,0.0,-0.855613641764668,1.9208084130246985,1.871961225215461,0.32589223894494346,0.0,0.6721417322132968,-0.47247971450894716
14032.0,2,11,2975.59,17.127258768934624,0.0,53,0.1048951048951049,-0.9056445270649637,0.8777973706348507,0.1256008854185375,-0.024984757798718754,0.0,-0.10078812808453612,-0.09744756309739505
14034.0,22,3,648.89,13.292713061430149,0.0,82,0.0,-0.7055209858637811,-0.1652136717549969,-0.1583191721728224,-0.036259461225464605,0.0,0.2388325681069359,-0.47247971450894716
14035.0,29,5,1428.02,19.636406481003075,0.0,41,0.42424242424242425,-0.6354777464433672,0.09553908884246501,-0.06324433034914242,-0.017607118186259745,0.0,-0.24132082995686938,1.0443169867555526
14036.0,285,1,626.65,6.075939870162653,0.0,38,0.0,1.92610358093177,-0.42596643235245885,-0.1610330510918201,-0.05747891814063198,0.0,-0.2764540054249527,-0.47247971450894716
14037.0,176,2,147.20000000000002,4.015979984772738,0.0,27,0.0,0.8354302813853249,-0.29559005205372785,-0.2195388625897259,-0.06353581211201191,0.0,-0.4052756488079248,-0.47247971450894716
14038.0,78,3,1560.38,4.663131477279065,0.0,64,0.0,-0.14517507050046982,-0.1652136717549969,-0.04709284591935241,-0.06163299448855651,0.0,0.028033515298436028,-0.47247971450894716
14039.0,33,1,152.2,21.66985617549564,0.0,6,1.0,-0.5954530382031307,-0.42596643235245885,-0.21892872794067067,-0.011628172050934832,0.0,-0.651207877084508,3.102826795614516
14040.0,41,12,3560.32,18.187835216276827,0.0,146,0.7336244541484717,-0.5154036217226576,1.0081737509335817,0.19695369208695024,-0.02186634800071503,0.0,0.9883403114260466,2.1504525723938555
14041.0,266,1,141.41,10.859188034190437,0.0,21,0.0,1.7359862167906466,-0.42596643235245885,-0.22024539851333186,-0.04341474768090956,0.0,-0.47554199974409145,-0.47247971450894716
14044.0,27,4,646.42,4.016625658003652,0.0,165,0.7378640776699029,-0.6554901005634854,-0.03483729145626595,-0.15862057868945573,-0.06353391364091666,0.0,1.2108504227239076,2.1656105259705014
14045.0,109,4,1659.75,93.4774397916417,0.0,4,0.0,0.1650164183613632,-0.03483729145626595,-0.034967029904028814,0.1995074541273734,0.0,-0.6746299940632302,-0.47247971450894716
14046.0,284,1,154.99,10.525707331821689,0.0,14,0.0,1.916097403871711,-0.42596643235245885,-0.21858827280649787,-0.04439528000587107,0.0,-0.5575194091696192,-0.47247971450894716
14047.0,9,5,1308.6100000000001,43.91601455706805,0.0,22,0.0,-0.8356012876445498,0.09553908884246501,-0.07781556603787937,0.0537821417825332,0.0,-0.46383094125473034,-0.47247971450894716
14048.0,305,1,409.93,3.3477470705206014,0.0,83,0.0,2.1262271221329527,-0.42596643235245885,-0.18747872732046988,-0.06550061537760818,0.0,0.25054362659629703,-0.47247971450894716
14049.0,17,4,5578.72,12.34288186869561,0.0,348,0.0,-0.7555518711640767,-0.03483729145626595,0.44325284721756475,-0.03905224707819178,0.0,3.3539741262769893,-0.47247971450894716
14050.0,32,2,746.36,5.103282483208644,0.0,49,0.0,-0.6054592152631898,-0.29559005205372785,-0.1464252073241398,-0.06033881978485491,0.0,-0.14763236204198055,-0.47247971450894716
14051.0,1,23,15610.390000000001,58.81854207704242,0.0,52,0.10952380952380952,-0.9156507041250228,2.4423139342196225,1.6673867381951373,0.09759999946716044,0.0,-0.11249918657389722,-0.08089852530494879
14052.0,20,1,225.36,4.231329409467971,0.0,56,1.0,-0.7255333399838994,-0.42596643235245885,-0.2100012377556946,-0.06290262083414885,0.0,-0.06565495261645281,3.102826795614516
14053.0,124,2,260.25,51.54786408442804,0.0,2,1.0,0.31510907426225016,-0.29559005205372785,-0.2057437181745872,0.07622204642368395,0.0,-0.6980521110419524,3.102826795614516
14054.0,65,1,92.46,2.669943819633665,0.0,6,0.0,-0.27525537228123853,-0.42596643235245885,-0.22621861672758253,-0.06749355827576647,0.0,-0.651207877084508,-0.47247971450894716
14055.0,106,1,725.6400000000001,122.06386982049833,0.0,10,0.0,0.1349978871811858,-0.42596643235245885,-0.14895360530982465,0.28356004997308454,0.0,-0.6043636431270636,-0.47247971450894716
14056.0,1,23,8152.71,7.6296213440183305,0.0,320,0.0,-0.9156507041250228,2.4423139342196225,0.7573489442818981,-0.05291063308848888,0.0,3.0260644885748786,-0.47247971450894716
14057.0,24,17,6211.66,28.908750090883498,0.0,179,0.11307420494699646,-0.6855086317436628,1.6600556524272365,0.5204885721721679,0.00965632636407798,0.0,1.374805241574963,-0.06820477343491597
14059.0,267,1,183.6,11.947384651043926,0.0,8,0.0,1.7459923938507056,-0.42596643235245885,-0.21509708234460387,-0.04021512638000818,0.0,-0.6277857601057858,-0.47247971450894716
14060.0,5,19,6140.42,32.201052398143794,0.0,86,0.04455445544554455,-0.8756259958847863,1.9208084130246985,0.5117953736924291,0.01933667312142788,0.0,0.28567680206438034,-0.31318387989948593
14062.0,10,12,10464.85,93.16113061998958,0.0,60,0.0,-0.8255951105844906,1.0081737509335817,1.0394922897752095,0.19857741120349898,0.0,-0.01881071865900839,-0.47247971450894716
14064.0,29,5,1334.34,37.501685442187586,0.0,59,0.0,-0.6354777464433672,0.09553908884246501,-0.07467581313384118,0.034922108816885185,0.0,-0.030521777148369494,-0.47247971450894716
14066.0,267,1,152.55,10.437210218389641,0.0,7,0.0,1.7459923938507056,-0.42596643235245885,-0.2188860185152368,-0.04465548780731068,0.0,-0.639496818595147,-0.47247971450894716
14067.0,64,2,374.7,5.988123980717706,0.0,51,0.4807692307692308,-0.28526154934129766,-0.29559005205372785,-0.191777736057713,-0.057737122941192834,0.0,-0.12421024506325833,1.2464176461273333
14068.0,320,1,265.85,8.504525383156524,0.0,22,1.0,2.2763197780338396,-0.42596643235245885,-0.20506036736764532,-0.0503381553243459,0.0,-0.46383094125473034,3.102826795614516
14071.0,4,8,1437.57,5.950514109569238,0.0,271,0.34055727554179566,-0.8856321729448454,0.48666822973865786,-0.062078973169446945,-0.05784770713433134,0.0,2.4522226225961843,0.7451169298055449
14073.0,32,1,151.04,3.1488353565348732,0.0,13,0.0,-0.6054592152631898,-0.42596643235245885,-0.2190702791792515,-0.06608547490318528,0.0,-0.5692304676589803,-0.47247971450894716
14075.0,5,3,942.26,14.625662953616144,0.0,33,0.3953488372093023,-0.8756259958847863,-0.1652136717549969,-0.12252013177415595,-0.032340192591452,0.0,-0.3350092978717582,0.9410135569352127
14076.0,129,1,118.67,2.826311245015274,0.0,43,0.0,0.3651399595625458,-0.42596643235245885,-0.22302029089723505,-0.06703379159640961,0.0,-0.21789871297814717,-0.47247971450894716
14077.0,41,5,499.41999999999996,15.601999529379249,0.0,33,0.047619047619047616,-0.5154036217226576,0.09553908884246501,-0.17655853737167942,-0.029469473039232204,0.0,-0.3350092978717582,-0.302227023550687
14078.0,102,6,1049.37,32.05769383530983,0.0,46,0.0,0.09497317894094928,0.22591546914119598,-0.10944982732209486,0.018915156362226335,0.0,-0.18276553751006386,-0.47247971450894716
14079.0,125,1,375.1,44.73882203377395,0.0,12,1.0,0.3251152513223093,-0.42596643235245885,-0.19172892528578858,0.056201440177910914,0.0,-0.5809415261483414,3.102826795614516
14080.0,33,1,45.599999999999994,2.4000000000000004,0.0,4,0.0,-0.5954530382031307,-0.42596643235245885,-0.23193679865852815,-0.06828727329194066,0.0,-0.6746299940632302,-0.47247971450894716
14081.0,302,2,921.62,4.354820238650727,0.0,126,0.46,2.096208590952775,-0.29559005205372785,-0.12503876760545593,-0.06253952111356562,0.0,0.7541191416388245,1.172161280147846
14082.0,365,1,182.25,5.241457394252437,0.0,28,0.0,2.7265977457365005,-0.42596643235245885,-0.21526181869984876,-0.05993254450171332,0.0,-0.3935645903185637,-0.47247971450894716
14083.0,4,9,1002.9,5.024020376113077,0.0,162,0.0,-0.8856321729448454,0.6170446100373889,-0.11512041875041415,-0.060571873924418956,0.0,1.1757172472558242,-0.47247971450894716
14085.0,2,18,4421.29,8.051294865347364,0.0,272,0.0,-0.9056445270649637,1.7904320327259675,0.30201521784636615,-0.051670787678225014,0.0,2.4639336810855457,-0.47247971450894716
14087.0,3,1,191.47,2.2835670683714673,0.0,61,0.0,-0.8956383500049045,-0.42596643235245885,-0.2141367304069909,-0.06862962069717542,0.0,-0.007099660169647285,-0.47247971450894716
14088.0,10,13,50491.81,67.01748620234747,0.0,379,0.16298811544991512,-0.8255951105844906,1.1385501312323127,5.923859328244741,0.12170733068096282,0.0,3.7170169394471837,0.110252755731889
14089.0,57,1,158.75,11.767861492325787,0.0,13,0.0,-0.35530478876171157,-0.42596643235245885,-0.21812945155040833,-0.04074297779375411,0.0,-0.5692304676589803,-0.47247971450894716
14090.0,325,1,76.32000000000001,0.0,0.0,1,0.0,2.3263506633341353,-0.42596643235245885,-0.22818813137473284,-0.07534398620873628,0.0,-0.7097631695313136,-0.47247971450894716
14092.0,8,14,4076.91,10.454512760558567,0.0,117,0.17757009345794392,-0.8456074647046089,1.2689265115310437,0.25999158375803827,-0.04460461319363698,0.0,0.6487196152345746,0.16238779663447153
14093.0,12,1,433.86,4.436876692886426,0.0,95,1.0,-0.8055827564643724,-0.42596643235245885,-0.1845586228900916,-0.06229825076335249,0.0,0.3910763284686303,3.102826795614516
14096.0,4,17,59268.35,32.83890902718343,0.0,1119,0.0,-0.8856321729448454,1.6600556524272365,6.994833558808575,0.021212161085264438,0.0,12.383200221574402,-0.47247971450894716
14098.0,37,1,147.35,13.099159260553071,0.0,21,0.0,-0.5554283299628942,-0.42596643235245885,-0.21952055855025426,-0.036828566894941336,0.0,-0.47554199974409145,-0.47247971450894716
14099.0,16,11,3104.17,12.254922745722002,0.0,167,0.0,-0.7655580482241359,0.8777973706348507,0.14129110805364176,-0.03931087302787422,0.0,1.2342725397026297,-0.47247971450894716
14100.0,138,1,191.95000000000002,5.351773070674803,0.0,24,0.0,0.45519555310307797,-0.42596643235245885,-0.21407815748068162,-0.05960818364390717,0.0,-0.44040882427600814,-0.47247971450894716
14101.0,74,6,5112.79,127.56473970314171,0.0,14,0.06060606060606061,-0.18519977874070634,0.22591546914119598,0.3863968398107042,0.2997342414541102,0.0,-0.5575194091696192,-0.25579447147116147
14102.0,5,5,1105.8799999999999,19.520625098462517,0.0,35,0.08620689655172414,-0.8756259958847863,0.09553908884246501,-0.10255408551847268,-0.01794754984363408,0.0,-0.311587180893036,-0.1642636360500279
14104.0,155,2,216.20999999999998,18.6870349631579,0.0,21,0.0,0.6253005631240831,-0.29559005205372785,-0.21111778416346563,-0.020398552458266377,0.0,-0.47554199974409145,-0.47247971450894716
14105.0,239,1,1266.23,9.398281678081123,0.0,74,0.0,1.46581943616905,-0.42596643235245885,-0.08298706732327149,-0.04771024632815349,0.0,0.14514410019204707,-0.47247971450894716
14107.0,52,7,2703.23,12.753816503273582,0.0,61,0.2032520325203252,-0.4053356740620072,0.3562918494399269,0.0923656308152011,-0.037843977184948,0.0,-0.007099660169647285,0.2542086005567974
14108.0,31,2,597.91,9.839382892442993,0.0,33,0.0,-0.6154653923232489,-0.29559005205372785,-0.16454010505458952,-0.0464132777294028,0.0,-0.3350092978717582,-0.47247971450894716
14109.0,73,1,144.2,5.205952789302305,0.0,9,0.0,-0.19520595580076547,-0.42596643235245885,-0.21990494337915903,-0.0600369385868622,0.0,-0.6160747016164247,-0.47247971450894716
14110.0,4,12,5683.15,52.860943751292744,0.0,94,0.0,-0.8856321729448454,1.0081737509335817,0.45599611949773217,0.08008289069282805,0.0,0.37936526997926917,-0.47247971450894716
14111.0,14,4,692.85,49.02267077587675,0.0,10,0.0,-0.7855704023442541,-0.03483729145626595,-0.15295486833832883,0.06879722799124237,0.0,-0.6043636431270636,-0.47247971450894716
14112.0,23,7,2915.15,9.182163761786784,0.0,117,0.275,-0.695514808803722,0.3562918494399269,0.1182255777807579,-0.04834569719959733,0.0,0.6487196152345746,0.5107295757750053
14113.0,4,4,1840.42,89.98942769553376,0.0,26,0.0,-0.8856321729448454,-0.03483729145626595,-0.012920424495067187,0.1892516624554799,0.0,-0.41698670729728593,-0.47247971450894716
14114.0,274,2,386.53,19.19438938360696,0.0,15,0.0,1.8160356332711196,-0.29559005205372785,-0.19033415747804835,-0.018906779753192937,0.0,-0.5458083506802581,-0.47247971450894716
14116.0,20,5,1382.74,11.228595157789215,0.0,61,0.1111111111111111,-0.7255333399838994,0.09553908884246501,-0.06876970973098656,-0.0423285810056363,0.0,-0.007099660169647285,-0.07522343560634014
14117.0,144,1,90.0,0.0,0.0,3,0.0,0.5152326154634327,-0.42596643235245885,-0.22651880297491772,-0.07534398620873628,0.0,-0.6863410525525914,-0.47247971450894716
14121.0,4,4,2780.15,10.335464374842722,0.0,148,0.0,-0.8856321729448454,-0.03483729145626595,0.10175194225626674,-0.044954650810805595,0.0,1.0117624284047688,-0.47247971450894716
14124.0,84,1,419.58000000000004,58.55069666536854,0.0,4,0.0,-0.08513800814011506,-0.42596643235245885,-0.18630116744779326,0.0968124543937173,0.0,-0.6746299940632302,-0.47247971450894716
14125.0,11,3,2720.63,6.211354328046015,0.0,159,0.0,-0.8155889335244315,-0.1652136717549969,0.0944888993939133,-0.05708075940977098,0.0,1.140584071787741,-0.47247971450894716
14126.0,8,3,706.1300000000001,73.92010444359764,0.0,14,0.0,-0.8456074647046089,-0.1652136717549969,-0.15133435071043816,0.1420030787237708,0.0,-0.5575194091696192,-0.47247971450894716
14127.0,123,3,709.71,5.029535781730162,0.0,39,0.0,0.305102897202191,-0.1652136717549969,-0.15089749430171462,-0.060555656993560865,0.0,-0.2647429469355916,-0.47247971450894716
14128.0,61,2,637.5,5.933868743144694,0.0,40,0.0,-0.31528008052147505,-0.29559005205372785,-0.15970905890337023,-0.05789664945610338,0.0,-0.2530318884462305,-0.47247971450894716
14129.0,2,5,1123.8600000000001,7.64785939944408,0.0,31,0.0,-0.9056445270649637,0.09553908884246501,-0.10036004132047005,-0.05285700778794717,0.0,-0.3584314148504804,-0.47247971450894716
14130.0,319,1,480.91,6.1126183467981265,0.0,66,0.0,2.2663136009737803,-0.42596643235245885,-0.17881725584248184,-0.057371072524031175,0.0,0.051455632277158235,-0.47247971450894716
14132.0,2,11,3586.0299999999997,11.810392471427264,0.0,100,0.0,-0.9056445270649637,0.8777973706348507,0.20009100445239217,-0.040617924081425213,0.0,0.4496316209154358,-0.47247971450894716
14133.0,130,3,605.64,8.121358671224085,0.0,25,0.0,0.37514613662260493,-0.1652136717549969,-0.16359683688715013,-0.05146477927658746,0.0,-0.42869776578664703,-0.47247971450894716
14135.0,2,15,4690.31,34.41482256094053,0.0,95,0.08208955223880597,-0.9056445270649637,1.3993028918297747,0.33484290250413373,0.02584581499752141,0.0,0.3910763284686303,-0.17898440397642404
14138.0,2,2,965.8800000000001,14.439042201965645,0.0,40,0.0,-0.9056445270649637,-0.29559005205372785,-0.11963785569201904,-0.03288891303674958,0.0,-0.2530318884462305,-0.47247971450894716
14139.0,46,1,415.82,10.67905754988923,0.0,26,0.0,-0.465372736422362,-0.42596643235245885,-0.18675998870388283,-0.043944384812274966,0.0,-0.41698670729728593,-0.47247971450894716
14140.0,4,2,935.05,4.359562543546723,0.0,60,0.0,-0.8856321729448454,-0.29559005205372785,-0.1233999459380936,-0.06252557732847605,0.0,-0.01881071865900839,-0.47247971450894716
14141.0,3,4,915.13,11.826125335405422,0.0,27,0.0,-0.8956383500049045,-0.03483729145626595,-0.12583072237992965,-0.04057166478790319,0.0,-0.4052756488079248,-0.47247971450894716
14142.0,373,1,311.81,5.9971353370657114,0.0,22,0.0,2.8066471622169735,-0.42596643235245885,-0.1994520096735297,-0.05771062687671833,0.0,-0.46383094125473034,-0.47247971450894716
14143.0,134,1,115.8,1.7501020378415473,0.0,7,0.0,0.41517084486284145,-0.42596643235245885,-0.22337050818579274,-0.07019816635200846,0.0,-0.639496818595147,-0.47247971450894716
14145.0,47,4,3742.2,127.6503348996782,0.0,6,0.0,-0.45536655936230286,-0.03483729145626595,0.21914795008098317,0.29998591675786634,0.0,-0.651207877084508,-0.47247971450894716
14146.0,9,5,4191.0,20.136250593641424,0.0,183,0.0,-0.8356012876445498,0.09553908884246501,0.27391363618018044,-0.016137428017076707,0.0,1.4216494755324074,-0.47247971450894716
14147.0,78,2,483.4,74.91776825293184,0.0,4,0.4,-0.14517507050046982,-0.29559005205372785,-0.1785134087872524,0.14493650667791586,0.0,-0.6746299940632302,0.9576428895404381
14148.0,234,1,157.2,65.03850782421134,0.0,3,0.0,1.4157885508687544,-0.42596643235245885,-0.21831859329161546,0.11588854639635761,0.0,-0.6863410525525914,-0.47247971450894716
14149.0,221,1,446.62,3.706940366165455,0.0,28,0.0,1.2857082490879856,-0.42596643235245885,-0.1830015592657026,-0.06444448039052342,0.0,-0.3935645903185637,-0.47247971450894716
14150.0,36,2,658.64,28.463392954135642,0.0,23,0.0,-0.5654345070229533,-0.29559005205372785,-0.1571294096071647,0.008346844089296436,0.0,-0.45211988276536924,-0.47247971450894716
14152.0,75,2,621.29,6.878533155211723,0.0,47,0.40816326530612246,-0.1751936016806472,-0.29559005205372785,-0.1616871154356073,-0.05511905547332398,0.0,-0.17105447902070275,0.9868290651332827
14154.0,239,2,1345.62,30.123255046062603,0.0,52,0.0,1.46581943616905,-0.29559005205372785,-0.0732993493655726,0.013227331699379929,0.0,-0.11249918657389722,-0.47247971450894716
14155.0,266,1,118.75,4.756092583904004,0.0,6,0.0,1.7359862167906466,-0.42596643235245885,-0.22301052874285016,-0.061359661221106594,0.0,-0.651207877084508,-0.47247971450894716
14156.0,10,55,116979.68,159.99836567245003,0.0,713,0.035868005738880916,-0.8255951105844906,6.614358103779013,14.037169974020667,0.3950987361691669,0.0,7.628510474893793,-0.3442406000855805
14157.0,20,2,424.89000000000004,7.169304957586837,0.0,45,1.0,-0.7255333399838994,-0.29559005205372785,-0.18565320445049663,-0.054264100000965466,0.0,-0.19447659599942496,3.102826795614516
14158.0,40,1,507.66,6.019237169073918,0.0,41,1.0,-0.5254097987827168,-0.42596643235245885,-0.1755530354700364,-0.05764564092529451,0.0,-0.24132082995686938,3.102826795614516
14159.0,20,11,4630.35,3.5826680650480993,0.0,501,0.41191489361702127,-0.7255333399838994,0.8777973706348507,0.3275261677926634,-0.06480987787072956,0.0,5.145766075149238,1.0002422862568028
14161.0,216,3,1097.6200000000001,7.8605786144434795,0.0,87,1.0,1.23567736378769,-0.1652136717549969,-0.10356202795871189,-0.052231550107890136,0.0,0.29738786055374145,3.102826795614516
14162.0,174,2,289.36,8.98245608580044,0.0,25,1.0,0.8154179272652066,-0.29559005205372785,-0.20219151424778767,-0.04893289708989569,0.0,-0.42869776578664703,3.102826795614516
14163.0,87,4,2445.91,47.88965690127851,0.0,36,0.3269230769230769,-0.055119476959937665,-0.03483729145626595,0.060965661236222816,0.06546583063966484,0.0,-0.2998761224036749,0.6963704907237236
14164.0,71,2,1631.77,68.73940206000124,0.0,28,0.0,-0.21521830992088373,-0.29559005205372785,-0.03838134340014187,0.1267702747952714,0.0,-0.3935645903185637,-0.47247971450894716
14165.0,276,1,120.44,3.8084741514573577,0.0,23,0.0,1.8360479873912379,-0.42596643235245885,-0.2228043032314695,-0.06414594090128987,0.0,-0.45211988276536924,-0.47247971450894716
14167.0,39,4,562.59,7.035817023180284,0.0,27,0.0,-0.5354159758427759,-0.03483729145626595,-0.16885009621551567,-0.054656594180533424,0.0,-0.4052756488079248,-0.47247971450894716
14171.0,98,1,363.79,5.269878670697433,0.0,57,0.0,0.054948470700712765,-0.42596643235245885,-0.19310904986195154,-0.05984897750646281,0.0,-0.053943894127091704,-0.47247971450894716
14173.0,11,4,450.84,24.96412961113163,0.0,28,0.0,-0.8155889335244315,-0.03483729145626595,-0.18248660562190003,-0.0019420295906393379,0.0,-0.3935645903185637,-0.47247971450894716
14174.0,33,1,134.46,2.4833875127457525,0.0,26,1.0,-0.5954530382031307,-0.42596643235245885,-0.22109348567551862,-0.06804208923431881,0.0,-0.41698670729728593,3.102826795614516
14175.0,60,3,3222.3,11.899620684240514,0.0,139,0.0,-0.3252862575815342,-0.1652136717549969,0.1557061492722206,-0.04035556663063278,0.0,0.9063629020005188,-0.47247971450894716
14176.0,297,4,576.9000000000001,8.464715188699882,0.0,28,0.0,2.0461777056524797,-0.03483729145626595,-0.16710389084991958,-0.05045520912161354,0.0,-0.3935645903185637,-0.47247971450894716
14177.0,86,4,549.46,22.941277161589717,0.0,37,0.0,-0.06512565401999679,-0.03483729145626595,-0.1704523098039347,-0.007889816677911868,0.0,-0.2881650639143138,-0.47247971450894716
14178.0,9,7,1600.26,6.15342359884207,0.0,191,0.16037735849056603,-0.8356012876445498,0.3562918494399269,-0.04222641195848792,-0.05725109296187634,0.0,1.515337943447296,0.10091849937877806
14179.0,41,2,701.57,4.149653593605307,0.0,135,0.24203821656050956,-0.5154036217226576,-0.29559005205372785,-0.15189079351037654,-0.06314277199447713,0.0,0.8595186680430744,0.3928810968585153
14180.0,11,25,4748.52,13.408814614737016,0.0,112,0.025,-0.8155889335244315,2.7030666948170845,0.3419460900884347,-0.03591808817093101,0.0,0.590164322787769,-0.38309705175586056
14184.0,67,1,452.89,6.429460373033322,0.0,24,0.0,-0.25524301816112027,-0.42596643235245885,-0.18223645041578734,-0.05643946284939884,0.0,-0.44040882427600814,-0.47247971450894716
14185.0,331,1,197.65,85.9119656004525,0.0,3,0.0,2.38638772569449,-0.42596643235245885,-0.21338260398075864,0.17726271269126972,0.0,-0.6863410525525914,-0.47247971450894716
14188.0,31,6,2054.36,13.933809828835539,0.0,34,0.0,-0.6154653923232489,0.22591546914119598,0.013186016868707925,-0.03437444629235396,0.0,-0.3232982393823971,-0.47247971450894716
14189.0,2,15,4654.08,10.834661734713292,0.0,176,0.07547169811320754,-0.9056445270649637,1.3993028918297747,0.33042186683707947,-0.04348686228687688,0.0,1.3396720661068797,-0.2026452609147235
14191.0,2,13,4684.76,10.883118271088726,0.0,145,0.0,-0.9056445270649637,1.1385501312323127,0.3341656530436824,-0.04334438567598367,0.0,0.9766292529366855,-0.47247971450894716
14193.0,68,2,853.39,10.693175896024607,0.0,35,0.0,-0.24523684110106111,-0.29559005205372785,-0.13336466502646357,-0.043902872680801085,0.0,-0.311587180893036,-0.47247971450894716
14194.0,5,21,11349.52,11.603425743516643,0.0,269,0.06390328151986183,-0.8756259958847863,2.1815611736221605,1.1474458537711472,-0.04122646774067263,0.0,2.4288005056174624,-0.24400589607273276
14195.0,202,2,1012.0,128.11772859738178,0.0,7,0.2857142857142857,1.0955908849468623,-0.29559005205372785,-0.11400997368913363,0.3013601930677888,0.0,-0.639496818595147,0.5490364312406137
14196.0,107,1,335.52,57.818723610954954,0.0,6,0.0,0.14500406424124493,-0.42596643235245885,-0.1965587511677098,0.09466023618212284,0.0,-0.651207877084508,-0.47247971450894716
14198.0,18,4,701.4,7.10125224173946,0.0,35,0.23076923076923078,-0.7455456941040176,-0.03483729145626595,-0.15191153808844443,-0.054464195200525145,0.0,-0.311587180893036,0.35259101859646746
14199.0,218,1,185.39999999999998,116.67261889578033,0.0,2,0.0,1.2556897179078084,-0.42596643235245885,-0.214877433870944,0.2677081707905246,0.0,-0.6980521110419524,-0.47247971450894716
14201.0,60,7,747.44,13.417043842272616,0.0,32,0.16216216216216217,-0.3252862575815342,0.3562918494399269,-0.14629341823994385,-0.0358938917974953,0.0,-0.3467203563611193,0.107299719565128
14204.0,2,1,150.61,3.548823282956932,0.0,36,0.0,-0.9056445270649637,-0.42596643235245885,-0.21912275075907026,-0.06490939158362494,0.0,-0.2998761224036749,-0.47247971450894716
14205.0,17,2,466.7,6.099891600367329,0.0,23,0.5833333333333334,-0.7555518711640767,-0.29559005205372785,-0.18055125851509682,-0.05740849293900076,0.0,-0.45211988276536924,1.6131157497297397
14206.0,239,1,328.15999999999997,7.082534188150157,0.0,20,0.0,1.46581943616905,-0.42596643235245885,-0.1974568693711191,-0.054519231838250526,0.0,-0.48725305823345255,-0.47247971450894716
14208.0,95,1,151.74,3.6927562726084275,0.0,10,0.0,0.024929939520535373,-0.42596643235245885,-0.21898486032838377,-0.06448618583894714,0.0,-0.6043636431270636,-0.47247971450894716
14209.0,11,6,2073.43,16.255604630503118,0.0,55,0.0,-0.8155889335244315,0.22591546914119598,0.015513070420204531,-0.027547679889405405,0.0,-0.07736601110581391,-0.47247971450894716
14210.0,106,6,1905.8400000000001,7.437860693426339,0.0,66,0.0,0.1349978871811858,0.22591546914119598,-0.0049374227468285715,-0.053474466363474575,0.0,0.051455632277158235,-0.47247971450894716
14211.0,53,9,2241.1,15.128291316801883,0.0,87,0.11607142857142858,-0.3953294970019481,0.6170446100373889,0.03597332574162256,-0.03086231589860173,0.0,0.29738786055374145,-0.057488780298188005
14212.0,90,1,1070.48,62.27008948479555,0.0,9,1.0,-0.025100945779760273,-0.42596643235245885,-0.10687383883378368,0.10774857412350373,0.0,-0.6160747016164247,3.102826795614516
14214.0,31,5,1004.38,5.7531222915310645,0.0,64,0.0,-0.6154653923232489,0.09553908884246501,-0.1149398188942938,-0.05842809771433957,0.0,0.028033515298436028,-0.47247971450894716
14215.0,12,6,1789.72,6.045731299320134,0.0,98,0.0,-0.8055827564643724,0.22591546914119598,-0.019107189836487206,-0.05756774031232462,0.0,0.4262095039367136,-0.47247971450894716
14216.0,3,4,1839.3,39.74210649546233,0.0,47,0.0,-0.8956383500049045,-0.03483729145626595,-0.013057094656455572,0.04150961222759549,0.0,-0.17105447902070275,-0.47247971450894716
14217.0,2,17,2004.98,14.044526377621894,0.0,78,0.11,-0.9056445270649637,1.6600556524272365,0.007160327074638479,-0.03404890675071909,0.0,0.19198833414949149,-0.07919599839536619
14218.0,43,1,169.48000000000002,5.016248749329675,0.0,12,0.0,-0.4953912676025394,-0.42596643235245885,-0.21682010259353582,-0.06059472481571352,0.0,-0.5809415261483414,-0.47247971450894716
14219.0,4,1,89.94,8.648359051618653,0.0,7,0.0,-0.8856321729448454,-0.42596643235245885,-0.22652612459070637,-0.04991524161346807,0.0,-0.639496818595147,-0.47247971450894716
14220.0,247,2,632.4,25.113452086765886,0.0,21,0.0,1.545868852649523,-0.29559005205372785,-0.16033139624540657,-0.001502977156232604,0.0,-0.47554199974409145,-0.47247971450894716
14221.0,42,9,3432.8,12.815992933248255,0.0,123,0.0,-0.5053974446625985,0.6170446100373889,0.1813928179974457,-0.03766116001139695,0.0,0.7189859661707412,-0.47247971450894716
14222.0,177,1,683.17,7.721414709879999,0.0,41,0.0,0.8454364584453841,-0.42596643235245885,-0.1541360890188998,-0.05264073332575882,0.0,-0.24132082995686938,-0.47247971450894716
14223.0,92,3,991.13,5.602503100284781,0.0,50,0.3,-0.0050885916596420154,-0.1652136717549969,-0.11655667571429015,-0.058870962877833305,0.0,-0.13592130355261944,0.6001122385280918
14224.0,110,4,1009.73,10.52379038486017,0.0,105,1.0,0.17502259542142232,-0.03483729145626595,-0.11428697481980471,-0.04440091639936447,0.0,0.5081869133622413,3.102826795614516
14226.0,29,5,2214.79,34.92457945611487,0.0,64,0.0,-0.6354777464433672,0.09553908884246501,0.03276279721829396,0.02734465169193908,0.0,0.028033515298436028,-0.47247971450894716
14227.0,26,10,3350.96,8.532137764025036,0.0,117,0.08571428571428572,-0.6654962776235446,0.7474209903361198,0.1714061340617097,-0.05025696672237161,0.0,0.6487196152345746,-0.16602487078407888
14229.0,52,3,1547.2,37.2223824310878,0.0,29,0.0,-0.4053356740620072,-0.1652136717549969,-0.048701160854261995,0.03410087499766529,0.0,-0.3818535318292026,-0.47247971450894716
14231.0,184,3,925.71,9.94204308859654,0.0,47,0.0,0.915479697865798,-0.1652136717549969,-0.12453967746252875,-0.04611142625763717,0.0,-0.17105447902070275,-0.47247971450894716
14232.0,43,5,2048.07,9.145062393362316,0.0,81,0.40869565217391307,-0.4953912676025394,0.09553908884246501,0.012418467480196453,-0.04845478624367722,0.0,0.2271215096175748,0.9887325113675989
14233.0,49,4,1462.72,47.72208637764379,0.0,30,0.0,-0.4353542052421846,-0.03483729145626595,-0.059009995884699136,0.06497312352357847,0.0,-0.3701424733398415,-0.47247971450894716
14234.0,22,4,754.12,6.26254100652078,0.0,122,0.0,-0.7055209858637811,-0.03483729145626595,-0.14547827834880606,-0.05693025537012067,0.0,0.7072749076813801,-0.47247971450894716
14235.0,75,5,3144.86,37.08443109053537,0.0,65,0.08860759493670886,-0.1751936016806472,0.09553908884246501,0.1462563838276532,0.03369525707817961,0.0,0.03974457378779713,-0.15568040348534914
14236.0,81,2,490.86,49.99896467499531,0.0,15,0.0,-0.11515653932029245,-0.29559005205372785,-0.17760308789086196,0.07166782206145016,0.0,-0.5458083506802581,-0.47247971450894716
14237.0,373,1,161.0,6.678453122625861,0.0,9,0.0,2.8066471622169735,-0.42596643235245885,-0.2178548909583335,-0.055707350202632955,0.0,-0.6160747016164247,-0.47247971450894716
14238.0,326,1,146.85,8.843780603177743,0.0,8,0.0,2.3363568403941946,-0.42596643235245885,-0.2195815720151598,-0.04934064420217338,0.0,-0.6277857601057858,-0.47247971450894716
14239.0,43,11,2380.85,10.671595559885036,0.0,83,0.0,-0.4953912676025394,0.8777973706348507,0.053026589182716195,-0.04396632527946146,0.0,0.25054362659629703,-0.47247971450894716
14240.0,30,2,890.34,13.39328965062375,0.0,37,0.0,-0.6254715693833081,-0.29559005205372785,-0.12885576996994547,-0.035963736177093884,0.0,-0.2881650639143138,-0.47247971450894716
14241.0,184,1,213.70000000000002,16.26270785160536,0.0,10,0.0,0.915479697865798,-0.42596643235245885,-0.21142407175729136,-0.027526794309362473,0.0,-0.6043636431270636,-0.47247971450894716
14242.0,235,2,280.55,3.4350506425184864,0.0,13,0.0,1.4257947279288135,-0.29559005205372785,-0.20326657149942298,-0.0652439169425249,0.0,-0.5692304676589803,-0.47247971450894716
14243.0,9,10,2588.77,8.89667951673576,0.0,99,0.0,-0.8356012876445498,0.7474209903361198,0.07839842842902882,-0.04918510568276117,0.0,0.4379205624260747,-0.47247971450894716
14245.0,220,2,1693.45,5.855330584435752,0.0,107,0.0,1.2757020720279266,-0.29559005205372785,-0.03085472236939657,-0.058127574972362844,0.0,0.5316090303409635,-0.47247971450894716
14246.0,111,3,1474.06,6.879477724781567,0.0,57,0.3333333333333333,0.18502877248148145,-0.1652136717549969,-0.057626210500641886,-0.05511627815820551,0.0,-0.053943894127091704,0.7192891221988739
14247.0,278,1,136.76999999999998,5.2969020489140135,0.0,19,1.0,1.8560603415113561,-0.42596643235245885,-0.2208116034676551,-0.059769520747247645,0.0,-0.49896411672281366,3.102826795614516
14248.0,318,1,302.58,67.21671172940763,0.0,8,0.0,2.256307423913721,-0.42596643235245885,-0.20057831823568564,0.12229311291019652,0.0,-0.6277857601057858,-0.47247971450894716
14250.0,7,3,1904.05,6.273159533468804,0.0,94,0.6666666666666666,-0.855613641764668,-0.1652136717549969,-0.005155850951190367,-0.05689903374667423,0.0,0.37936526997926917,1.9110579589066947
14251.0,2,5,2879.7000000000003,28.968783815759956,0.0,37,0.0,-0.9056445270649637,0.09553908884246501,0.11389972311895635,0.009832843348152586,0.0,-0.2881650639143138,-0.47247971450894716
14256.0,260,2,969.0600000000001,8.320025294423981,0.0,51,0.0,1.6759491544302918,-0.29559005205372785,-0.11924981005521992,-0.0508806403907246,0.0,-0.12421024506325833,-0.47247971450894716
14257.0,64,5,3099.7200000000003,30.58691031274301,0.0,88,0.0660377358490566,-0.28526154934129766,0.09553908884246501,0.14074808821598261,0.014590615911598246,0.0,0.30909891904310255,-0.23637456761400147
14258.0,9,9,12165.98,69.13435893452503,0.0,58,0.2,-0.8356012876445498,0.6170446100373889,1.2470759608846733,0.12793156532778358,0.0,-0.0422328356377306,0.24258158751574554
14259.0,142,1,120.0,11.480635870891469,0.0,5,0.0,0.4952202613433145,-0.42596643235245885,-0.22285799508058635,-0.041587506440758364,0.0,-0.6629189355738692,-0.47247971450894716
14261.0,51,2,1163.45,12.375210714722632,0.0,52,0.0,-0.41534185112206634,-0.29559005205372785,-0.09552899516925076,-0.03895719066763178,0.0,-0.11249918657389722,-0.47247971450894716
14262.0,8,8,2618.23,10.593122047762987,0.0,87,0.0,-0.8456074647046089,0.48666822973865786,0.08199334178126222,-0.04419706071555229,0.0,0.29738786055374145,-0.47247971450894716
14264.0,155,2,333.97,8.738742842685568,0.0,15,0.0,0.6253005631240831,-0.29559005205372785,-0.19674789290891692,-0.04964948641934688,0.0,-0.5458083506802581,-0.47247971450894716
14265.0,109,2,530.18,5.810557040274156,0.0,31,0.0,0.1650164183613632,-0.29559005205372785,-0.17280498901069163,-0.058259222492119456,0.0,-0.3584314148504804,-0.47247971450894716
14267.0,163,3,1516.24,16.63918561041308,0.0,25,0.0,0.7053499796045561,-0.1652136717549969,-0.052479114601211976,-0.02641983786625218,0.0,-0.42869776578664703,-0.47247971450894716
14270.0,332,1,492.65000000000003,5.594012346959115,0.0,29,0.0,2.396393902754549,-0.42596643235245885,-0.1773846596865002,-0.0588959282147777,0.0,-0.3818535318292026,-0.47247971450894716
14271.0,226,1,112.32,5.521539237889699,0.0,10,0.0,1.3357391343882814,-0.42596643235245885,-0.2237951619015352,-0.059109020683482075,0.0,-0.6043636431270636,-0.47247971450894716
14272.0,74,2,437.96,7.2786310187820185,0.0,33,0.0,-0.18519977874070634,-0.29559005205372785,-0.18405831247786628,-0.05394264890589113,0.0,-0.3350092978717582,-0.47247971450894716
14273.0,51,4,559.97,5.215178349939231,0.0,22,0.0,-0.41534185112206634,-0.03483729145626595,-0.1691698067716206,-0.06000981269814917,0.0,-0.46383094125473034,-0.47247971450894716
14276.0,99,3,1119.74,5.963324607715409,0.0,52,0.375,0.0649546477607719,-0.1652136717549969,-0.10086279227129158,-0.057810040464440236,0.0,-0.11249918657389722,0.8682602267873516
14277.0,15,3,4188.0,15.216569134532259,0.0,195,0.0,-0.775564225284195,-0.1652136717549969,0.2735475553907473,-0.030602752891666533,0.0,1.5621821774047404,-0.47247971450894716
14280.0,197,1,134.04,5.854624545726956,0.0,8,0.0,1.0455599996465665,-0.42596643235245885,-0.2211447369860393,-0.05812965093589456,0.0,-0.6277857601057858,-0.47247971450894716
14282.0,3,15,3701.44,23.89973656892126,0.0,70,0.05844155844155844,-0.8956383500049045,1.3993028918297747,0.214174132421885,-0.00507166131126988,0.0,0.09829986623460266,-0.26353323015108243
14284.0,31,2,595.25,4.503215417092761,0.0,24,0.0,-0.6154653923232489,-0.29559005205372785,-0.16486469668788692,-0.062103195208356415,0.0,-0.44040882427600814,-0.47247971450894716
14285.0,21,4,1910.01,56.01211066390591,0.0,18,0.5925925925925926,-0.7155271629238402,-0.03483729145626595,-0.0044285704495165305,0.08934825746583484,0.0,-0.5106751752121748,1.64622043963829
14286.0,24,3,4628.75,10.807387136189282,0.0,220,0.0,-0.6855086317436628,-0.1652136717549969,0.32733092470496566,-0.043567057708420544,0.0,1.854958639638768,-0.47247971450894716
14287.0,8,3,176.63,6.698031634575771,0.0,9,0.0,-0.8456074647046089,-0.1652136717549969,-0.21594761004538685,-0.055649783561729387,0.0,-0.6160747016164247,-0.47247971450894716
14288.0,213,1,426.6,15.807039571026573,0.0,16,0.0,1.2056588326075126,-0.42596643235245885,-0.18544453840051975,-0.02886659440991846,0.0,-0.534097292190897,-0.47247971450894716
14289.0,9,6,911.26,12.180914326130715,0.0,33,0.0,-0.8356012876445498,0.22591546914119598,-0.12630296659829837,-0.03952847976557483,0.0,-0.3350092978717582,-0.47247971450894716
14290.0,11,5,2314.65,21.909066109311418,0.0,89,0.0,-0.8155889335244315,0.09553908884246501,0.04494840642922499,-0.010924823788524983,0.0,0.32080997753246365,-0.47247971450894716
14291.0,2,11,3883.25,9.305129832902931,0.0,145,0.0,-0.9056445270649637,0.8777973706348507,0.2363598485308312,-0.04798414042360861,0.0,0.9766292529366855,-0.47247971450894716
14292.0,8,9,4871.93,72.42294361686298,0.0,64,0.2,-0.8456074647046089,0.6170446100373889,0.3570054334964158,0.13760098116354627,0.0,0.028033515298436028,0.24258158751574554
14293.0,3,4,1046.56,10.362453171797927,0.0,51,0.0,-0.8956383500049045,-0.03483729145626595,-0.1097927229948639,-0.04487529573077119,0.0,-0.12421024506325833,-0.47247971450894716
14295.0,40,1,166.20000000000002,16.20888645157341,0.0,5,1.0,-0.5254097987827168,-0.42596643235245885,-0.21722035092331604,-0.027685045213031424,0.0,-0.6629189355738692,3.102826795614516
14297.0,18,4,1305.33,10.203655441720258,0.0,48,0.0,-0.7455456941040176,-0.03483729145626595,-0.07821581436765962,-0.04534220822785324,0.0,-0.15934342053134165,-0.47247971450894716
14298.0,8,44,51527.3,32.53648974095283,0.0,884,0.0,-0.8456074647046089,5.180217920492972,6.050216993794781,0.02032295855050127,0.0,9.631101476574543,-0.47247971450894716
14299.0,8,9,3965.62,40.57055522938046,0.0,94,0.0,-0.8456074647046089,0.6170446100373889,0.246411206739367,0.0439454975949051,0.0,0.37936526997926917,-0.47247971450894716
14300.0,19,1,43.2,3.637306695894643,0.0,3,0.0,-0.7355395170439585,-0.42596643235245885,-0.23222966329007466,-0.06464922406570839,0.0,-0.6863410525525914,-0.47247971450894716
14301.0,117,1,640.14,24.375288663642475,0.0,13,1.0,0.24506583484183622,-0.42596643235245885,-0.15938690780866904,-0.0036733968906747048,0.0,-0.5692304676589803,3.102826795614516
14304.0,223,1,383.45,10.030560838522147,0.0,17,1.0,1.305720603208104,-0.42596643235245885,-0.19071000042186637,-0.04585115777877646,0.0,-0.5223862337015359,3.102826795614516
14305.0,71,3,1858.96,9.596614579732865,0.0,96,0.0,-0.21521830992088373,-0.1652136717549969,-0.010658045216370406,-0.04712708868277373,0.0,0.4027873869579914,-0.47247971450894716
14306.0,51,2,2093.32,58.856857180121445,0.0,33,0.0,-0.41534185112206634,-0.29559005205372785,0.017940186054146268,0.09771265725166298,0.0,-0.3350092978717582,-0.47247971450894716
14307.0,89,6,2995.72,7.113533210450957,0.0,150,0.0,-0.035107122839819406,0.22591546914119598,0.1280572875156338,-0.05442808550446798,0.0,1.035184545383491,-0.47247971450894716
14309.0,8,9,2352.53,17.388569375619717,0.0,74,0.0,-0.8456074647046089,0.6170446100373889,0.04957078653046742,-0.024216426993097753,0.0,0.14514410019204707,-0.47247971450894716
14311.0,243,1,310.26,3.6617411734108996,0.0,20,0.0,1.5058441444092865,-0.42596643235245885,-0.19964115141473682,-0.06457737944358168,0.0,-0.48725305823345255,-0.47247971450894716
14312.0,47,6,1611.59,8.491453495402403,0.0,74,0.0,-0.45536655936230286,0.22591546914119598,-0.040843846843728784,-0.05037659055732983,0.0,0.14514410019204707,-0.47247971450894716
14314.0,107,1,120.0,14.136008731503487,0.0,8,0.0,0.14500406424124493,-0.42596643235245885,-0.22285799508058635,-0.03377992145559612,0.0,-0.6277857601057858,-0.47247971450894716
14315.0,45,6,2481.13,11.900974616882568,0.0,64,0.0,-0.4753789134824211,0.22591546914119598,0.06526344970416788,-0.040351585666481254,0.0,0.028033515298436028,-0.47247971450894716
14317.0,65,1,508.58000000000004,11.332300858767523,0.0,24,0.0,-0.27525537228123853,-0.42596643235245885,-0.17544077069461023,-0.04202365543912007,0.0,-0.44040882427600814,-0.47247971450894716
14320.0,207,2,477.79,6.4908047614770314,0.0,29,0.0,1.1456217702471578,-0.29559005205372785,-0.17919797986349234,-0.05625909212510566,0.0,-0.3818535318292026,-0.47247971450894716
14321.0,11,5,1530.75,9.046062939097913,0.0,111,0.0,-0.8155889335244315,0.09553908884246501,-0.050708503849653704,-0.048745874046870266,0.0,0.5784532642984079,-0.47247971450894716
14323.0,115,2,605.0600000000001,6.5295410519581205,0.0,32,0.0,0.22505348072171796,-0.29559005205372785,-0.16366761250644052,-0.05614519592452789,0.0,-0.3467203563611193,-0.47247971450894716
14326.0,242,1,183.85,15.300792171369055,0.0,8,0.0,1.4958379673492275,-0.42596643235245885,-0.2150665756121511,-0.03035511214502571,0.0,-0.6277857601057858,-0.47247971450894716
14327.0,163,1,311.65,18.504869854536494,0.0,12,0.0,0.7053499796045561,-0.42596643235245885,-0.19947153398229947,-0.020934171989515603,0.0,-0.5809415261483414,-0.47247971450894716
14329.0,17,7,4975.24,9.788441274471555,0.0,218,0.0,-0.7555518711640767,0.3562918494399269,0.36961203561519484,-0.04656306121837843,0.0,1.831536522660046,-0.47247971450894716
14331.0,124,2,462.65999999999997,5.546110558584488,0.0,27,0.14285714285714285,0.31510907426225016,-0.29559005205372785,-0.18104424731153343,-0.059036773701761386,0.0,-0.4052756488079248,0.038278358365833286
14332.0,23,3,840.21,28.788254647801537,0.0,22,0.0,-0.695514808803722,-0.1652136717549969,-0.13497297996137317,0.009302033968406528,0.0,-0.46383094125473034,-0.47247971450894716
14333.0,68,1,415.2,23.72963638274179,0.0,15,0.0,-0.24523684110106111,-0.42596643235245885,-0.18683564540036568,-0.0055718063866707105,0.0,-0.5458083506802581,-0.47247971450894716
14334.0,17,8,2552.21,6.153605612886975,0.0,98,0.0,-0.7555518711640767,0.48666822973865786,0.073937123875137,-0.057250557786517296,0.0,0.4262095039367136,-0.47247971450894716
14335.0,16,2,454.86,6.129729360575254,0.0,55,0.6666666666666666,-0.7655580482241359,-0.29559005205372785,-0.1819960573640596,-0.057320761060722626,0.0,-0.07736601110581391,1.9110579589066947
14336.0,17,4,1614.91,8.611581065747165,0.0,77,0.0,-0.7555518711640767,-0.03483729145626595,-0.04043871743675609,-0.05002337981678184,0.0,0.18027727566013038,-0.47247971450894716
14338.0,161,2,588.22,8.072642636694935,0.0,30,0.0,0.6853376254844379,-0.29559005205372785,-0.16572254600445854,-0.05160801888913618,0.0,-0.3701424733398415,-0.47247971450894716
14339.0,243,1,309.52,12.545174283452495,0.0,14,0.0,1.5058441444092865,-0.42596643235245885,-0.199731451342797,-0.03845744728811482,0.0,-0.5575194091696192,-0.47247971450894716
14340.0,219,1,134.7,8.396606457373124,0.0,6,0.0,1.2656958949678674,-0.42596643235245885,-0.22106419921236398,-0.050655469023321915,0.0,-0.651207877084508,-0.47247971450894716
14341.0,45,8,2166.98,8.325452564783765,0.0,109,0.1953125,-0.4753789134824211,0.48666822973865786,0.026928689704027873,-0.05086468260370342,0.0,0.5550311473196857,0.22582233824954176
14342.0,21,4,668.5600000000001,38.195626251730765,0.0,18,0.0,-0.7155271629238402,-0.03483729145626595,-0.15591890246343912,0.03696250093113309,0.0,-0.5106751752121748,-0.47247971450894716
14344.0,127,8,889.9300000000001,13.06001998051106,0.0,56,0.0,0.34512760544242754,0.48666822973865786,-0.12890580101116797,-0.03694364800453573,0.0,-0.06565495261645281,-0.47247971450894716
14345.0,39,1,108.97999999999999,11.521869061340118,0.0,6,0.0,-0.5354159758427759,-0.42596643235245885,-0.22420273184710407,-0.041466268612575165,0.0,-0.651207877084508,-0.47247971450894716
14346.0,121,2,1021.58,10.427506643597017,0.0,55,0.0,0.28509054308207277,-0.29559005205372785,-0.11284095570154382,-0.044684019199634925,0.0,-0.07736601110581391,-0.47247971450894716
14348.0,260,1,409.57,18.78568076046186,0.0,18,0.0,1.6759491544302918,-0.42596643235245885,-0.18752265701520188,-0.020108504511590346,0.0,-0.5106751752121748,-0.47247971450894716
14349.0,10,1,133.5,2.603262758395186,0.0,31,0.0,-0.8255951105844906,-0.42596643235245885,-0.22121063152813725,-0.06768962040332782,0.0,-0.3584314148504804,-0.47247971450894716
14350.0,274,1,282.93,7.031803592586036,0.0,18,0.0,1.8160356332711196,-0.42596643235245885,-0.20297614740647268,-0.05466839485866471,0.0,-0.5106751752121748,-0.47247971450894716
14351.0,165,1,51.0,0.0,0.0,1,0.0,0.7253623337246744,-0.42596643235245885,-0.23127785323754851,-0.07534398620873628,0.0,-0.7097631695313136,-0.47247971450894716
14352.0,157,4,1078.96,11.374724320901288,0.0,44,0.0,0.6453129172442014,-0.03483729145626595,-0.105839050468986,-0.041898917858614014,0.0,-0.20618765448878607,-0.47247971450894716
14353.0,215,1,90.6,5.868560300448483,0.0,6,1.0,1.2256711867276309,-0.42596643235245885,-0.2264455868170311,-0.05808867567741594,0.0,-0.651207877084508,3.102826795614516
14354.0,6,2,163.62,9.178137065875623,0.0,9,0.3333333333333333,-0.8656198188247272,-0.29559005205372785,-0.21753518040222852,-0.04835753688170078,0.0,-0.6160747016164247,0.7192891221988739
14355.0,366,1,174.4,4.07194391817069,0.0,11,0.0,2.7366039227965597,-0.42596643235245885,-0.21621973009886547,-0.06337126152381024,0.0,-0.5926525846377025,-0.47247971450894716
14356.0,80,2,701.23,18.19690237021708,0.0,33,0.0,-0.12516271638035156,-0.29559005205372785,-0.1519322826665123,-0.021839687874744707,0.0,-0.3350092978717582,-0.47247971450894716
14357.0,43,1,225.12,5.752951617012984,0.0,39,0.0,-0.4953912676025394,-0.42596643235245885,-0.2100305242188492,-0.05842859954812137,0.0,-0.2647429469355916,-0.47247971450894716
14359.0,19,3,912.18,4.196635280408303,0.0,44,0.14545454545454545,-0.7355395170439585,-0.1652136717549969,-0.1261907018228722,-0.063004631879429,0.0,-0.20618765448878607,0.04756486878173839
14360.0,32,4,2118.03,10.692780262155773,0.0,104,0.0,-0.6054592152631898,-0.03483729145626595,0.02095547148977721,-0.04390403596189797,0.0,0.4964758548728802,-0.47247971450894716
14362.0,22,1,151.5,2.82335654712475,0.0,37,0.0,-0.7055209858637811,-0.42596643235245885,-0.2190141467915384,-0.06704247928589682,0.0,-0.2881650639143138,-0.47247971450894716
14364.0,109,8,3717.35,61.56656174608456,0.0,61,0.18840579710144928,0.1650164183613632,0.48666822973865786,0.2161155808751787,0.10567999358971797,0.0,-0.007099660169647285,0.2011287584128648
14367.0,8,16,9227.82,17.90212467571703,0.0,270,0.07293666026871401,-0.8456074647046089,1.5296792721285057,0.8885413167910514,-0.022706421859895437,0.0,2.4405115641068234,-0.2117087982235506
14368.0,320,1,155.0,5.261653732430517,0.0,8,0.0,2.2763197780338396,-0.42596643235245885,-0.21858705253719976,-0.05987316126817448,0.0,-0.6277857601057858,-0.47247971450894716
14371.0,295,1,100.5,10.666888018536616,0.0,4,0.0,2.026165351532361,-0.42596643235245885,-0.22523752021190174,-0.043980166849394695,0.0,-0.6746299940632302,-0.47247971450894716
14373.0,358,1,76.55,7.4078083803511,0.0,4,0.0,2.6565545063160867,-0.42596643235245885,-0.22816006518087628,-0.053562829090915254,0.0,-0.6746299940632302,-0.47247971450894716
14375.0,185,1,235.56,4.277474714135657,0.0,57,0.0,0.9254858749258571,-0.42596643235245885,-0.2087565630716219,-0.06276693993102471,0.0,-0.053943894127091704,-0.47247971450894716
14377.0,191,2,617.05,43.16176232816181,0.0,11,0.0,0.9855229372862119,-0.29559005205372785,-0.16220450961800612,0.05156441617993128,0.0,-0.5926525846377025,-0.47247971450894716
14379.0,44,2,348.1,5.8652731052384794,0.0,39,0.0,-0.48538509054248025,-0.29559005205372785,-0.1950236523906868,-0.0580983410077903,0.0,-0.2647429469355916,-0.47247971450894716
14381.0,52,1,202.68,3.5972124850135927,0.0,56,0.0,-0.4053356740620072,-0.42596643235245885,-0.21276880852380908,-0.06476711295563048,0.0,-0.06565495261645281,-0.47247971450894716
14382.0,26,1,615.49,5.356498966172136,0.0,121,1.0,-0.6654962776235446,-0.42596643235245885,-0.16239487162851135,-0.05959428810732406,0.0,0.695563849192019,3.102826795614516
14383.0,38,3,1247.69,18.18840070223882,0.0,49,0.0,-0.545422152902835,-0.1652136717549969,-0.08524944660196827,-0.02186468530400992,0.0,-0.14763236204198055,-0.47247971450894716
14385.0,9,3,202.11,4.837160017300134,0.0,13,0.0,-0.8356012876445498,-0.1652136717549969,-0.2128383638738014,-0.06112129888594911,0.0,-0.5692304676589803,-0.47247971450894716
14386.0,297,1,142.4,7.886244806170877,0.0,7,0.0,2.0461777056524797,-0.42596643235245885,-0.2201245918528189,-0.05215608388010359,0.0,-0.639496818595147,-0.47247971450894716
14387.0,33,3,1727.6,9.697187733701691,0.0,125,0.0,-0.5954530382031307,-0.1652136717549969,-0.026687502716349377,-0.04683137373498428,0.0,0.7424080831494634,-0.47247971450894716
14388.0,10,8,3212.84,7.1939638862310415,0.0,124,0.0,-0.8255951105844906,0.48666822973865786,0.15455177451620808,-0.05419159542584968,0.0,0.7306970246601023,-0.47247971450894716
14389.0,65,2,1043.46,15.540749601670383,0.0,33,0.0,-0.27525537228123853,-0.29559005205372785,-0.11017100647727814,-0.02964956602090552,0.0,-0.3350092978717582,-0.47247971450894716
14390.0,10,9,4642.57,19.287132409656383,0.0,135,0.0,-0.8255951105844906,0.6170446100373889,0.3290173368749543,-0.018634087707415575,0.0,0.8595186680430744,-0.47247971450894716
14393.0,218,1,67.95,3.595552808679077,0.0,5,0.0,1.2556897179078084,-0.42596643235245885,-0.22920949677725128,-0.0647719928970586,0.0,-0.6629189355738692,-0.47247971450894716
14395.0,2,9,3479.91,7.0443166694337815,0.0,181,0.19827586206896552,-0.9056445270649637,0.6170446100373889,0.187141506660844,-0.05463160269573957,0.0,1.3982273585536853,0.23641726594656715
14396.0,65,2,487.99,5.458844278780039,0.0,71,0.0,-0.27525537228123853,-0.29559005205372785,-0.17795330517941965,-0.05929336248671837,0.0,0.11001092472396376,-0.47247971450894716
14397.0,3,19,2612.96,22.83205215744734,0.0,18,0.11494252873563218,-0.8956383500049045,1.9208084130246985,0.08135025986115801,-0.008210970635232106,0.0,-0.5106751752121748,-0.06152494323038816
14400.0,149,1,574.7,20.235517248969288,0.0,25,0.0,0.5652635007637283,-0.42596643235245885,-0.16737235009550389,-0.01584555456338536,0.0,-0.42869776578664703,-0.47247971450894716
14401.0,4,13,4051.48,21.17972373675866,0.0,113,0.0,-0.8856321729448454,1.1385501312323127,0.25688843893294344,-0.013069307014008071,0.0,0.6018753812771301,-0.47247971450894716
14403.0,130,4,1475.81,70.25737619825522,0.0,17,0.0,0.37514613662260493,-0.03483729145626595,-0.057412663373472554,0.1312335696739291,0.0,-0.5223862337015359,-0.47247971450894716
14404.0,34,6,1449.32,13.624785931410724,0.0,70,0.55,-0.5854468611430715,0.22591546914119598,-0.06064515674416716,-0.03528306834591905,0.0,0.09829986623460266,1.4939388660589576
14406.0,119,1,156.75,5.416669871793923,0.0,8,0.0,0.2650781889619545,-0.42596643235245885,-0.21837350541003042,-0.059417367771108835,0.0,-0.6277857601057858,-0.47247971450894716
14407.0,107,6,2157.73,37.112451151081366,0.0,67,0.0,0.14500406424124493,0.22591546914119598,0.0257999406032757,0.033777644379506415,0.0,0.06316669076651935,-0.47247971450894716
14408.0,11,7,2599.03,24.492916259426618,0.0,60,0.08490566037735849,-0.8155889335244315,0.3562918494399269,0.07965042472889017,-0.003327536817949049,0.0,-0.01881071865900839,-0.16891595421544556
14409.0,71,6,2059.4500000000003,56.31505363207523,0.0,40,0.0,-0.21521830992088373,0.22591546914119598,0.013807133941446167,0.09023899978105686,0.0,-0.2530318884462305,-0.47247971450894716
14410.0,92,9,1100.27,6.535488657692059,0.0,153,0.0,-0.0050885916596420154,0.6170446100373889,-0.10323865659471264,-0.05612770819694176,0.0,1.0703177208515744,-0.47247971450894716
14411.0,311,1,1063.0,17.539161832943954,0.0,14,0.0,2.1862641844933073,-0.42596643235245885,-0.10778660026877031,-0.023773640435276116,0.0,-0.5575194091696192,-0.47247971450894716
14412.0,43,2,770.03,13.115831189681986,0.0,43,0.0,-0.4953912676025394,-0.29559005205372785,-0.14353682989551236,-0.03677954647092804,0.0,-0.21789871297814717,-0.47247971450894716
14413.0,362,1,121.05,3.174394478169073,0.0,22,1.0,2.696579214556323,-0.42596643235245885,-0.22272986680428475,-0.06601032349327778,0.0,-0.46383094125473034,3.102826795614516
14414.0,92,7,1496.98,10.016457784386242,0.0,79,0.21649484536082475,-0.0050885916596420154,0.3562918494399269,-0.05482935326937271,-0.04589262494722942,0.0,0.2036993926388526,0.30155571551778204
14415.0,1,13,5855.57,6.727940256596815,0.0,283,0.04145077720207254,-0.9156507041250228,1.1385501312323127,0.4770360027357527,-0.05556184332867127,0.0,2.5927553244685178,-0.32428048092869993
14416.0,22,2,490.22,55.1735628880195,0.0,13,0.0,-0.7055209858637811,-0.29559005205372785,-0.17768118512594103,0.08688267791523155,0.0,-0.5692304676589803,-0.47247971450894716
14418.0,4,3,1937.25,13.102901557880605,0.0,114,0.0,-0.8856321729448454,-0.1652136717549969,-0.0011045568814636456,-0.03681756342915396,0.0,0.6135864397664912,-0.47247971450894716
14419.0,11,6,1051.79,4.2358179736871975,0.0,112,0.0,-0.8155889335244315,0.22591546914119598,-0.10915452215195214,-0.06288942312202232,0.0,0.590164322787769,-0.47247971450894716
14420.0,99,1,387.52,5.031224571578491,0.0,29,0.0,0.0649546477607719,-0.42596643235245885,-0.19021335081753543,-0.060550691449754,0.0,-0.3818535318292026,-0.47247971450894716
14421.0,57,2,813.11,27.511569925616385,0.0,25,0.0,-0.35530478876171157,-0.29559005205372785,-0.1382799097592525,0.00554820164769003,0.0,-0.42869776578664703,-0.47247971450894716
14422.0,1,6,4263.64,10.187287498574626,0.0,189,0.0,-0.9156507041250228,0.22591546914119598,0.28277767236165485,-0.045390334842777054,0.0,1.4919158264685741,-0.47247971450894716
14423.0,218,1,265.2,71.64244551939862,0.0,3,0.0,1.2556897179078084,-0.42596643235245885,-0.20513968487202253,0.13530608491108329,0.0,-0.6863410525525914,-0.47247971450894716
14424.0,18,1,322.08,0.0,0.0,1,0.0,-0.7455456941040176,-0.42596643235245885,-0.19819879310437025,-0.07534398620873628,0.0,-0.7097631695313136,-0.47247971450894716
14426.0,24,10,4481.67,21.68184490370899,0.0,183,0.0,-0.6855086317436628,0.7474209903361198,0.3093832038683571,-0.011592921628751874,0.0,1.4216494755324074,-0.47247971450894716
14427.0,50,2,363.34000000000003,11.519910896305731,0.0,16,0.0,-0.42534802818212547,-0.29559005205372785,-0.1931639619803665,-0.04147202619944657,0.0,-0.534097292190897,-0.47247971450894716
14428.0,7,5,1224.06,9.595467226484963,0.0,108,0.0,-0.855613641764668,0.09553908884246501,-0.08813294295340329,-0.04713046224214231,0.0,0.5433200888303246,-0.47247971450894716
14431.0,303,1,470.36,15.026040827216478,0.0,17,0.0,2.1062147680128342,-0.42596643235245885,-0.18010463995198842,-0.03116296271135423,0.0,-0.5223862337015359,-0.47247971450894716
14432.0,10,6,2248.5,8.143560858297237,0.0,256,0.9496021220159151,-0.8255951105844906,0.22591546914119598,0.036876325022224314,-0.05139949825146238,0.0,2.276556745255768,2.922638934361609
14434.0,22,6,1372.8,39.367360730802005,0.0,3,0.0,-0.7055209858637811,0.22591546914119598,-0.06998265741330836,0.04040774836176509,0.0,-0.6863410525525914,-0.47247971450894716
14436.0,99,1,89.06,5.216452604766746,0.0,9,0.0,0.0649546477607719,-0.42596643235245885,-0.2266335082889401,-0.060006066010440576,0.0,-0.6160747016164247,-0.47247971450894716
14437.0,366,1,63.0,3.394112549695428,0.0,5,0.0,2.7366039227965597,-0.42596643235245885,-0.22981353007981595,-0.06536428709603051,0.0,-0.6629189355738692,-0.47247971450894716
14438.0,306,1,131.9,5.776484898082725,0.0,9,1.0,2.1362332991930115,-0.42596643235245885,-0.22140587461583489,-0.05835940471124661,0.0,-0.6160747016164247,3.102826795614516
14439.0,320,1,2661.24,39.45914487816644,0.0,32,0.0,2.2763197780338396,-0.42596643235245885,0.08724172003243527,0.040677621019374964,0.0,-0.3467203563611193,-0.47247971450894716
14440.0,8,5,2357.6800000000003,30.621199197114414,0.0,33,0.0,-0.8456074647046089,0.09553908884246501,0.05019922521899431,0.014691435417117493,0.0,-0.3350092978717582,-0.47247971450894716
14441.0,1,4,1712.89,19.075038776205034,0.0,43,0.0,-0.9156507041250228,-0.03483729145626595,-0.028482518853869834,-0.019257705991893182,0.0,-0.21789871297814717,-0.47247971450894716
14442.0,205,2,1589.82,15.093471549320196,0.0,58,0.0,1.1256094161270396,-0.29559005205372785,-0.043500373105715244,-0.030964696358163332,0.0,-0.0422328356377306,-0.47247971450894716
14443.0,54,4,1420.2,4.65552128135207,0.0,84,0.27956989247311825,-0.38532331994188895,-0.03483729145626595,-0.06419858094026479,-0.061655370725180424,0.0,0.26225468508565813,0.5270683420847091
14446.0,1,4,1010.35,3.606785388282281,0.0,233,0.0,-0.9156507041250228,-0.03483729145626595,-0.11421131812332186,-0.06473896577640241,0.0,2.0072024000004625,-0.47247971450894716
14447.0,19,5,1163.23,5.832573806217025,0.0,54,0.0,-0.7355395170439585,0.09553908884246501,-0.0955558410938092,-0.05819448666019649,0.0,-0.08907706959517502,-0.47247971450894716
14448.0,9,2,375.35,52.14449376744546,0.0,20,0.0,-0.8356012876445498,-0.29559005205372785,-0.19169841855333583,0.0779763149198059,0.0,-0.48725305823345255,-0.47247971450894716
14449.0,19,4,885.8,3.7290082017440906,0.0,201,0.0,-0.7355395170439585,-0.03483729145626595,-0.1294097722312876,-0.06437959439870114,0.0,1.6324485283409071,-0.47247971450894716
14450.0,181,3,483.25,7.538409744392975,0.0,32,1.0,0.8854611666856206,-0.1652136717549969,-0.17853171282672403,-0.05317882228567132,0.0,-0.3467203563611193,3.102826795614516
14451.0,60,2,643.9,4.0399261045720785,0.0,86,0.49523809523809526,-0.3252862575815342,-0.29559005205372785,-0.15892808655257956,-0.06346540340663893,0.0,0.28567680206438034,1.2981482714569583
14452.0,11,2,259.05,2.9615734623475665,0.0,55,0.0,-0.8155889335244315,-0.29559005205372785,-0.20589015049036047,-0.0666360804979916,0.0,-0.07736601110581391,-0.47247971450894716
14453.0,190,1,119.93,3.5758679205587818,0.0,22,0.0,0.9755167602261527,-0.42596643235245885,-0.22286653696567313,-0.064829872315502,0.0,-0.46383094125473034,-0.47247971450894716
14456.0,5,9,3017.28,3.5432737743579783,0.0,580,0.604012671594509,-0.8756259958847863,0.6170446100373889,0.13068818812236002,-0.06492570878737998,0.0,6.070939695808766,1.6870507224399662
14457.0,311,1,113.64,16.84091446448203,0.0,4,0.0,2.1862641844933073,-0.42596643235245885,-0.22363408635418458,-0.025826695112002702,0.0,-0.6746299940632302,-0.47247971450894716
14459.0,155,1,1837.92,30.058232022397995,0.0,37,0.0,0.6253005631240831,-0.42596643235245885,-0.0132254918195948,0.013036144694803619,0.0,-0.2881650639143138,-0.47247971450894716
14460.0,110,3,434.34,9.192735447079938,0.0,14,0.375,0.17502259542142232,-0.1652136717549969,-0.18450004996378228,-0.04831461330453044,0.0,-0.5575194091696192,0.8682602267873516
14461.0,148,3,2103.06,11.20494363660261,0.0,173,0.0,0.5552573237036692,-0.1652136717549969,0.019128728350505827,-0.04239812350357771,0.0,1.3045388906387965,-0.47247971450894716
14462.0,66,11,1980.57,7.566103823271636,0.0,150,0.1072961373390558,-0.2652491952211794,0.8777973706348507,0.0041816497179508446,-0.0530973934672789,0.0,1.035184545383491,-0.08886313616951975
14463.0,98,3,529.62,71.34512597227648,0.0,6,0.0,0.054948470700712765,-0.1652136717549969,-0.1728733240913858,0.13443187712416968,0.0,-0.651207877084508,-0.47247971450894716
14465.0,247,3,1038.44,24.089387189035676,0.0,107,0.0,1.545868852649523,-0.1652136717549969,-0.11078358166492958,-0.004514032152670003,0.0,0.5316090303409635,-0.47247971450894716
14466.0,29,7,2272.4,26.0534191508959,0.0,35,0.1388888888888889,-0.6354777464433672,0.3562918494399269,0.039792768644708314,0.0012608052282710293,0.0,-0.311587180893036,0.024090634119311657
14467.0,18,4,596.26,4.398978422241496,0.0,67,0.0,-0.7455456941040176,-0.03483729145626595,-0.16474144948877775,-0.062409682936679284,0.0,0.06316669076651935,-0.47247971450894716
14470.0,12,2,461.19,8.632349001296067,0.0,43,0.0,-0.8055827564643724,-0.29559005205372785,-0.18122362689835567,-0.04996231591718055,0.0,-0.21789871297814717,-0.47247971450894716
14472.0,104,8,1852.67,6.286068776072893,0.0,153,1.0,0.11498553306106754,0.48666822973865786,-0.011425594604881878,-0.05686107673874492,0.0,1.0703177208515744,3.102826795614516
14473.0,74,2,234.34000000000003,24.936640855232625,0.0,7,0.0,-0.18519977874070634,-0.29559005205372785,-0.2089054359259914,-0.002022854698480647,0.0,-0.639496818595147,-0.47247971450894716
14474.0,46,1,547.66,6.2736675424744615,0.0,29,0.0,-0.465372736422362,-0.42596643235245885,-0.17067195827759457,-0.0568975400492942,0.0,-0.3818535318292026,-0.47247971450894716
14475.0,72,3,925.85,17.26781569356545,0.0,35,0.0,-0.2052121328608246,-0.1652136717549969,-0.12452259369235522,-0.02457147868805733,0.0,-0.311587180893036,-0.47247971450894716
14476.0,257,1,193.0,6.8776238308607365,0.0,17,1.0,1.6459306232501143,-0.42596643235245885,-0.21395002920438003,-0.05512172915702947,0.0,-0.5223862337015359,3.102826795614516
14477.0,20,4,1309.6,60.764009815752694,0.0,7,0.3,-0.7255333399838994,-0.03483729145626595,-0.07769475937736646,0.10332025251756291,0.0,-0.639496818595147,0.6001122385280918
14479.0,254,2,316.25,4.0873599594247265,0.0,18,0.0,1.615912092069937,-0.29559005205372785,-0.19891021010516866,-0.0633259337832089,0.0,-0.5106751752121748,-0.47247971450894716
14480.0,11,1,279.05,9.964736671035364,0.0,13,0.0,-0.8155889335244315,-0.42596643235245885,-0.20344961189413954,-0.04604470038416866,0.0,-0.5692304676589803,-0.47247971450894716
14481.0,165,2,636.51,10.253460694170363,0.0,25,0.0,0.7253623337246744,-0.29559005205372785,-0.15982986556388318,-0.045195765991066186,0.0,-0.42869776578664703,-0.47247971450894716
14482.0,18,6,2022.81,29.602936860567013,0.0,110,0.08029197080291971,-0.7455456941040176,0.22591546914119598,0.009336067233169414,0.0116974416742006,0.0,0.5667422058090468,-0.18541130858662527
14483.0,282,1,137.1,8.714893860512587,0.0,9,0.0,1.8960850497515926,-0.42596643235245885,-0.2207713345808175,-0.049719609511243754,0.0,-0.6160747016164247,-0.47247971450894716
14484.0,50,1,321.92,7.351660947113835,0.0,14,0.0,-0.42534802818212547,-0.42596643235245885,-0.19821831741314,-0.053727919223152884,0.0,-0.5575194091696192,-0.47247971450894716
14485.0,39,1,162.8,2.3234187703917466,0.0,44,0.0,-0.5354159758427759,-0.42596643235245885,-0.2176352424846736,-0.06851244485534093,0.0,-0.20618765448878607,-0.47247971450894716
14487.0,27,6,1165.48,7.814322626366368,0.0,112,0.9071428571428571,-0.6554901005634854,0.22591546914119598,-0.09528128050173434,-0.05236755645311634,0.0,0.590164322787769,2.770834048245909
14488.0,68,1,1064.28,26.555669092797935,0.0,46,0.0,-0.24523684110106111,-0.42596643235245885,-0.10763040579861217,0.0027375692501376754,0.0,-0.18276553751006386,-0.47247971450894716
14489.0,207,1,463.38,5.275028746448882,0.0,30,0.0,1.1456217702471578,-0.42596643235245885,-0.1809563879220695,-0.05983383475393043,0.0,-0.3701424733398415,-0.47247971450894716
14491.0,175,2,340.93,10.913203080241301,0.0,17,0.0,0.8254241043252657,-0.29559005205372785,-0.19589858547743202,-0.04325592740042271,0.0,-0.5223862337015359,-0.47247971450894716
14493.0,7,5,2383.2400000000002,10.523202210444536,0.0,95,0.0,-0.855613641764668,0.09553908884246501,0.053318233544964636,-0.04440264580686286,0.0,0.3910763284686303,-0.47247971450894716
14494.0,26,1,139.56,7.5203495359495856,0.0,7,0.0,-0.6654962776235446,-0.42596643235245885,-0.2204711483334823,-0.05323192466325569,0.0,-0.639496818595147,-0.47247971450894716
14495.0,51,2,123.8,0.40824829046386496,0.0,6,0.0,-0.41534185112206634,-0.29559005205372785,-0.22239429274730438,-0.0741436149651629,0.0,-0.651207877084508,-0.47247971450894716
14496.0,312,2,538.8100000000001,30.67427772637993,0.0,16,0.0,2.1962703615533665,-0.29559005205372785,-0.1717518966064223,0.014847502060064358,0.0,-0.534097292190897,-0.47247971450894716
14497.0,309,1,475.37,4.917798853806698,0.0,29,0.0,2.1662518303731892,-0.42596643235245885,-0.17949328503363504,-0.0608841967529611,0.0,-0.3818535318292026,-0.47247971450894716
14498.0,43,5,1957.32,15.683627897574492,0.0,162,0.0,-0.4953912676025394,0.09553908884246501,0.001344523599844033,-0.029229461389140402,0.0,1.1757172472558242,-0.47247971450894716
14499.0,26,3,808.44,3.8780430273635433,0.0,146,0.7684210526315789,-0.6654962776235446,-0.1652136717549969,-0.13884977552147007,-0.06394138774078398,0.0,0.9883403114260466,2.274861077480661
14500.0,88,3,356.85,32.14837809728065,0.0,6,0.0,-0.045113299899878535,-0.1652136717549969,-0.19395591675484017,0.01918179503005949,0.0,-0.651207877084508,-0.47247971450894716
14501.0,184,2,251.21,8.146135348194944,0.0,9,0.0,0.915479697865798,-0.29559005205372785,-0.20684684162007905,-0.05139192848641433,0.0,-0.6160747016164247,-0.47247971450894716
14502.0,20,11,2429.83,5.853522258053972,0.0,368,0.8322368421052632,-0.7255333399838994,0.8777973706348507,0.059003468204861215,-0.05813289198908622,0.0,3.5881952960642116,2.503022085034593
14503.0,3,6,3543.26,17.270698027861947,0.0,113,0.21951219512195122,-0.8956383500049045,0.22591546914119598,0.19487191266437381,-0.024563003769032074,0.0,0.6018753812771301,0.31234366576205697
14504.0,47,4,673.26,5.03050450000781,0.0,85,0.794392523364486,-0.45536655936230286,-0.03483729145626595,-0.15534537589332723,-0.060552808674068107,0.0,0.27396574357501924,2.367717045869505
14505.0,17,8,5859.43,7.445031726986298,0.0,540,0.16942675159235668,-0.7555518711640767,0.48666822973865786,0.47750702668482337,-0.05345338139466235,0.0,5.602497356234322,0.13327285344827652
14506.0,17,5,1960.65,6.207787050331398,0.0,204,0.15254237288135594,-0.7555518711640767,0.09553908884246501,0.0017508732761148337,-0.05709124826590704,0.0,1.6675817038089904,0.07290602432344559
14507.0,24,6,1367.88,24.862075675576573,0.0,79,0.30526315789473685,-0.6855086317436628,0.22591546914119598,-0.0705830299079787,-0.0022420984761564993,0.0,0.2036993926388526,0.6189296412129521
14508.0,22,2,268.05,4.28253618333998,0.0,52,0.43636363636363634,-0.7055209858637811,-0.29559005205372785,-0.20479190812206105,-0.06275205770806135,0.0,-0.11249918657389722,1.0876540353631095
14511.0,11,5,1314.81,9.580941503890196,0.0,53,0.25,-0.8155889335244315,0.09553908884246501,-0.0770589990730509,-0.047173172181417436,0.0,-0.10078812808453612,0.4213469130219187
14512.0,188,2,275.28,8.01628303366899,0.0,19,0.391304347826087,0.9555044061060345,-0.29559005205372785,-0.2039096534195272,-0.05177373286357729,0.0,-0.49896411672281366,0.9265532677132777
14513.0,101,3,455.59000000000003,50.68080692087997,0.0,11,0.0,0.08496700188089015,-0.1652136717549969,-0.18190697770529754,0.07367264080467983,0.0,-0.5926525846377025,-0.47247971450894716
14514.0,61,3,990.2,12.766716759610487,0.0,65,0.6231884057971014,-0.31528008052147505,-0.1652136717549969,-0.11667016075901442,-0.037806046599313574,0.0,0.03974457378779713,1.755609849770892
14515.0,18,6,2076.89,16.197417624176516,0.0,68,0.0,-0.7455456941040176,0.22591546914119598,0.015935283597350754,-0.027718766972378156,0.0,0.07487774925588045,-0.47247971450894716
14517.0,33,2,330.45,5.9835374644298245,0.0,17,0.2222222222222222,-0.5954530382031307,-0.29559005205372785,-0.1971774277018518,-0.057750608661497754,0.0,-0.5223862337015359,0.32203284329626686
14518.0,64,1,174.37,9.999577470240098,0.0,16,0.0,-0.28526154934129766,-0.42596643235245885,-0.2162233909067598,-0.04594225808509386,0.0,-0.534097292190897,-0.47247971450894716
14520.0,2,2,270.6,68.3269346597665,0.0,3,0.0,-0.9056445270649637,-0.29559005205372785,-0.20448073945104286,0.1255574981156907,0.0,-0.6863410525525914,-0.47247971450894716
14522.0,24,4,974.54,41.82325580027569,0.0,15,0.0,-0.6855086317436628,-0.03483729145626595,-0.11858110247985541,0.047628809386369104,0.0,-0.5458083506802581,-0.47247971450894716
14523.0,108,1,241.09,12.787029975958479,0.0,12,0.0,0.15501024130130406,-0.42596643235245885,-0.20808175414976685,-0.037746319709236684,0.0,-0.5809415261483414,-0.47247971450894716
14524.0,32,9,1843.83,11.78826432561761,0.0,161,0.2233502538071066,-0.6054592152631898,0.6170446100373889,-0.01250431266441154,-0.04068298740324177,0.0,1.1640061887664632,0.3260659019653289
14525.0,20,9,4215.9,25.038765574497923,0.0,217,0.22695035460992907,-0.7255333399838994,0.6170446100373889,0.27695210673247544,-0.0017225776878291661,0.0,1.8198254641706848,0.3389373658027608
14527.0,3,55,8507.13,7.61718628478588,0.0,330,0.05046343975283213,-0.8956383500049045,6.614358103779013,0.8005977287455288,-0.05294719585645003,0.0,3.14317507346849,-0.29205744983742327
14528.0,37,1,364.21999999999997,13.119363875460275,0.0,18,0.0,-0.5554283299628942,-0.42596643235245885,-0.19305657828213277,-0.036769159325360276,0.0,-0.5106751752121748,-0.47247971450894716
14529.0,60,3,578.61,2.674584131978781,0.0,177,0.2347417840375587,-0.3252862575815342,-0.1652136717549969,-0.16689522479994273,-0.06747991437907325,0.0,1.3513831245962409,0.36679411415853247
14530.0,26,6,2862.11,11.578978666029093,0.0,140,0.0,-0.6654962776235446,0.22591546914119598,0.11175326942358005,-0.041298349410457756,0.0,0.91807396048988,-0.47247971450894716
14532.0,236,4,932.85,10.329636482284883,0.0,45,0.78125,1.4358009049888727,-0.03483729145626595,-0.12366840518367789,-0.044971786546093344,0.0,-0.19447659599942496,2.3207284965250086
14533.0,25,7,1865.72,23.89358829788096,0.0,52,0.39344262295081966,-0.6755024546836037,0.3562918494399269,-0.009833143170847738,-0.005089739054464064,0.0,-0.11249918657389722,0.9341982566871694
14534.0,3,18,4397.3,11.974976480207921,0.0,331,0.0,-0.8956383500049045,1.7904320327259675,0.2990877918001992,-0.04013399820615002,0.0,3.1548861319578507,-0.47247971450894716
14535.0,60,3,2854.84,7.673190133594034,0.0,280,0.0,-0.3252862575815342,-0.1652136717549969,0.11086613364385375,-0.05278252790508555,0.0,2.5576221490004345,-0.47247971450894716
14536.0,260,1,170.95,11.08981345281789,0.0,18,0.0,1.6759491544302918,-0.42596643235245885,-0.21664072300671358,-0.042736640443172165,0.0,-0.5106751752121748,-0.47247971450894716
14537.0,58,1,355.56,13.19467165184492,0.0,10,0.0,-0.34529861170165244,-0.42596643235245885,-0.19411333149429644,-0.03654773209271499,0.0,-0.6043636431270636,-0.47247971450894716
14538.0,65,2,388.25,10.526246200062372,0.0,19,0.0,-0.27525537228123853,-0.29559005205372785,-0.19012427115877337,-0.04439369557317337,0.0,-0.49896411672281366,-0.47247971450894716
14539.0,16,2,537.48,8.079544361953475,0.0,31,0.0,-0.7655580482241359,-0.29559005205372785,-0.17191419242307102,-0.05158772576672781,0.0,-0.3584314148504804,-0.47247971450894716
14540.0,10,3,952.66,9.240336449839768,0.0,64,0.6338028169014085,-0.8255951105844906,-0.1652136717549969,-0.12125105170412108,-0.04817465221660224,0.0,0.028033515298436028,1.793559622893248
14541.0,59,8,1453.35,16.38004082298446,0.0,71,0.0,-0.3352924346415933,0.48666822973865786,-0.06015338821702865,-0.02718180051990543,0.0,0.11001092472396376,-0.47247971450894716
14542.0,186,1,103.25,9.486174149782409,0.0,5,0.0,0.9354920519859162,-0.42596643235245885,-0.22490194615492137,-0.047451816353010344,0.0,-0.6629189355738692,-0.47247971450894716
14543.0,29,16,3599.73,61.27558265589087,0.0,43,0.0,-0.6354777464433672,1.5296792721285057,0.20176277339080353,0.10482442862959829,0.0,-0.21789871297814717,-0.47247971450894716
14544.0,24,2,2004.3,17.176004941469532,0.0,97,0.0,-0.6855086317436628,-0.29559005205372785,0.007077348762366959,-0.024841429571480653,0.0,0.4144984454473525,-0.47247971450894716
14546.0,5,5,2573.93,5.288686890045567,0.0,250,0.43828715365239296,-0.8756259958847863,0.09553908884246501,0.07658754879063288,-0.05979367575462285,0.0,2.206290394319601,1.094531199247936
14547.0,4,8,3974.75,9.202026750868797,0.0,198,0.8619718309859155,-0.8856321729448454,0.48666822973865786,0.24752531260854185,-0.048287294111421825,0.0,1.597315352872824,2.609333784358038
14548.0,151,2,652.8,94.22356393174692,0.0,2,0.0,0.5852758548838466,-0.29559005205372785,-0.15784204687726122,0.20170128073446236,0.0,-0.6980521110419524,-0.47247971450894716
14549.0,311,1,289.24,3.532728536003143,0.0,56,0.0,2.1862641844933073,-0.42596643235245885,-0.202206157479365,-0.06495671492059217,0.0,-0.06565495261645281,-0.47247971450894716
14550.0,11,2,757.37,18.893084166559447,0.0,38,0.0,-0.8155889335244315,-0.29559005205372785,-0.14508169082692018,-0.019792706593625062,0.0,-0.2764540054249527,-0.47247971450894716
14551.0,18,2,186.23,7.003764146673003,0.0,9,0.0,-0.7455456941040176,-0.29559005205372785,-0.2147761515192008,-0.054750839158729005,0.0,-0.6160747016164247,-0.47247971450894716
14552.0,152,1,164.22,2.3644688955227853,0.0,57,0.0,0.5952820319439057,-0.42596643235245885,-0.21746196424434192,-0.06839174529357081,0.0,-0.053943894127091704,-0.47247971450894716
14553.0,19,5,859.27,16.465753134789434,0.0,103,0.6548672566371682,-0.7355395170439585,0.09553908884246501,-0.13264714667917463,-0.02692978086247102,0.0,0.4847647963835191,1.8688714514126128
14554.0,10,4,2279.4900000000002,10.871300668846107,0.0,147,0.0,-0.8255951105844906,-0.03483729145626595,0.04065793957706865,-0.04337913293697994,0.0,1.0000513699154077,-0.47247971450894716
14555.0,57,2,312.54,13.4118254096418,0.0,18,0.0,-0.35530478876171157,-0.29559005205372785,-0.19936293001476763,-0.03590923553955835,0.0,-0.5106751752121748,-0.47247971450894716
14557.0,85,1,788.38,32.494676256273124,0.0,16,0.0,-0.07513183108005593,-0.42596643235245885,-0.14129763573347967,0.020200014484903134,0.0,-0.534097292190897,-0.47247971450894716
14560.0,7,22,2237.77,27.496120846863548,0.0,39,0.02702702702702703,-0.855613641764668,2.3119375539208913,0.035566976065351794,0.005502776767028472,0.0,-0.2647429469355916,-0.37584980882993463
14561.0,76,3,1080.76,6.467241545974701,0.0,67,0.4782608695652174,-0.16518742462058808,-0.1652136717549969,-0.10561940199532613,-0.05632837497810421,0.0,0.06316669076651935,1.237449485984883
14562.0,4,18,5006.77,12.66113272377373,0.0,187,0.1431980906921241,-0.8856321729448454,1.7904320327259675,0.3734595447121372,-0.03811649502827052,0.0,1.4684937094898518,0.03949735137985428
14565.0,96,4,3099.12,13.183908660524537,0.0,111,0.0,0.034936116580594506,-0.03483729145626595,0.14067487205809595,-0.03657937848432912,0.0,0.5784532642984079,-0.47247971450894716
14566.0,111,1,1432.0,0.0,0.0,4,1.0,0.18502877248148145,-0.42596643235245885,-0.06275866316849446,-0.07534398620873628,0.0,-0.6746299940632302,3.102826795614516
14567.0,57,2,1530.3600000000001,29.45470050464241,0.0,33,0.0,-0.35530478876171157,-0.29559005205372785,-0.05075609435227999,0.01126158275437066,0.0,-0.3350092978717582,-0.47247971450894716
14569.0,1,1,227.39,35.73135762078237,0.0,10,0.0,-0.9156507041250228,-0.42596643235245885,-0.20975352308817816,0.029716819148438163,0.0,-0.6043636431270636,-0.47247971450894716
14570.0,281,2,218.06,13.601658494209575,0.0,29,0.0,1.8860788726915334,-0.29559005205372785,-0.21089203434331522,-0.035351069881264775,0.0,-0.3818535318292026,-0.47247971450894716
14572.0,3,7,2804.54,11.875449100553054,0.0,190,0.42366412213740456,-0.8956383500049045,0.3562918494399269,0.10472817907435814,-0.040426638266810574,0.0,1.503626884957935,1.0422493794746572
14573.0,180,9,1639.82,6.910285327839334,0.0,127,0.0881057268722467,0.8754549896255615,0.6170446100373889,-0.03739902661516296,-0.05502569465385832,0.0,0.7658302001281856,-0.15747473564344375
14576.0,372,1,35.400000000000006,0.0,0.0,1,0.0,2.7966409851569147,-0.42596643235245885,-0.2331814733426008,-0.07534398620873628,0.0,-0.7097631695313136,-0.47247971450894716
14577.0,13,4,859.71,3.963327351421049,0.0,86,0.5772357723577236,-0.7955765794043133,-0.03483729145626595,-0.13259345483005777,-0.06369062649446032,0.0,0.28567680206438034,1.5913151002777675
14578.0,3,1,168.63,6.038416012066625,0.0,24,0.0,-0.8956383500049045,-0.42596643235245885,-0.2169238254838752,-0.057589249429846244,0.0,-0.44040882427600814,-0.47247971450894716
14581.0,17,1,138.6,7.662081770564938,0.0,16,0.0,-0.7555518711640767,-0.42596643235245885,-0.2205882941861009,-0.0528151897921155,0.0,-0.534097292190897,-0.47247971450894716
14582.0,41,1,114.11,12.203352681401398,0.0,6,1.0,-0.5154036217226576,-0.42596643235245885,-0.22357673369717343,-0.03946250433579555,0.0,-0.651207877084508,3.102826795614516
14583.0,6,5,986.96,3.5086706487269876,0.0,243,0.2947019867549669,-0.8656198188247272,0.09553908884246501,-0.11706552801160221,-0.06502745225554736,0.0,2.1243129848940736,0.5811702172824046
14584.0,169,4,1033.06,7.794048350550672,0.0,68,0.0,0.7653870419649109,-0.03483729145626595,-0.11144008654731302,-0.05242716884646105,0.0,0.07487774925588045,-0.47247971450894716
14585.0,50,1,157.05,6.78026210313378,0.0,29,0.0,-0.42534802818212547,-0.42596643235245885,-0.2183368973310871,-0.05540800155771795,0.0,-0.3818535318292026,-0.47247971450894716
14586.0,277,1,237.36,3.031011642826099,0.0,19,0.0,1.8460541644512969,-0.42596643235245885,-0.20853691459796206,-0.06643191162086592,0.0,-0.49896411672281366,-0.47247971450894716
14587.0,19,9,1580.29,4.283676377013034,0.0,170,0.0,-0.7355395170439585,0.6170446100373889,-0.04466328974681451,-0.06274870519996954,0.0,1.269405715170713,-0.47247971450894716
14589.0,372,1,39.75,4.589934640057525,0.0,3,0.0,2.7966409851569147,-0.42596643235245885,-0.23265065619792277,-0.06184821493301061,0.0,-0.6863410525525914,-0.47247971450894716
14591.0,15,4,1320.21,8.137489556519721,0.0,138,0.0,-0.775564225284195,-0.03483729145626595,-0.07640005365207125,-0.05141734968216036,0.0,0.8946518435111578,-0.47247971450894716
14592.0,35,3,557.94,3.020244165726989,0.0,132,0.0,-0.5754406840830124,-0.1652136717549969,-0.16941752143913702,-0.066463571202002,0.0,0.8243854925749912,-0.47247971450894716
14593.0,22,3,617.15,6.878795591226127,0.0,127,0.0,-0.7055209858637811,-0.1652136717549969,-0.162192306925025,-0.05511828383348537,0.0,0.7658302001281856,-0.47247971450894716
14594.0,7,2,363.33,4.054164325552455,0.0,48,0.0,-0.855613641764668,-0.29559005205372785,-0.1931651822496646,-0.0634235388075121,0.0,-0.15934342053134165,-0.47247971450894716
14595.0,20,6,1740.6,8.96636848306071,0.0,94,0.20588235294117646,-0.7255333399838994,0.22591546914119598,-0.025101152628805783,-0.0489801994207514,0.0,0.37936526997926917,0.2636128022811776
14597.0,11,2,866.24,25.780654139191046,0.0,45,0.0,-0.8155889335244315,-0.29559005205372785,-0.13179661897839165,0.00045879506937622185,0.0,-0.19447659599942496,-0.47247971450894716
14598.0,44,1,221.97,2.832099106129369,0.0,49,0.0,-0.48538509054248025,-0.42596643235245885,-0.21041490904775403,-0.06701677356545775,0.0,-0.14763236204198055,-0.47247971450894716
14600.0,306,1,393.33000000000004,4.07995273665435,0.0,25,0.0,2.1362332991930115,-0.42596643235245885,-0.18950437435533324,-0.06334771321845944,0.0,-0.42869776578664703,-0.47247971450894716
14601.0,11,1,213.96,28.141787941981022,0.0,7,0.0,-0.8155889335244315,-0.42596643235245885,-0.2113923447555405,0.007401229821222384,0.0,-0.639496818595147,-0.47247971450894716
14603.0,275,1,660.0,254.55844122715706,0.0,2,0.0,1.8260418103311786,-0.42596643235245885,-0.1569634529826217,0.6731334472441965,0.0,-0.6980521110419524,-0.47247971450894716
14606.0,1,93,12076.15,7.238244030484567,0.0,819,0.13970862906238327,-0.9156507041250228,11.568660555130789,1.236114281779747,-0.05406139864838659,0.0,8.869882674766071,0.027021456498215822
14607.0,16,14,16209.5,232.68745550100212,0.0,38,0.0,-0.7655580482241359,1.2689265115310437,1.7404942921142328,0.6088262524621922,0.0,-0.2764540054249527,-0.47247971450894716
14608.0,4,4,1785.15,62.30153388962426,0.0,8,0.05,-0.8856321729448454,-0.03483729145626595,-0.019664852905723677,0.10784103001421862,0.0,-0.6277857601057858,-0.29371438900277397
14609.0,72,2,266.4,25.455844122715696,0.0,1,0.0,-0.2052121328608246,-0.29559005205372785,-0.20499325255624928,-0.0004962428634430295,0.0,-0.7097631695313136,-0.47247971450894716
14616.0,243,3,406.08000000000004,115.49661813230725,0.0,2,0.0,1.5058441444092865,-0.1652136717549969,-0.1879485310002424,0.2642503792164571,0.0,-0.6980521110419524,-0.47247971450894716
14618.0,9,3,553.44,19.125668615763477,0.0,10,0.0,-0.8356012876445498,-0.1652136717549969,-0.16996664262328673,-0.019108839224065116,0.0,-0.6043636431270636,-0.47247971450894716
14619.0,246,1,394.44,5.582653208117558,0.0,20,0.0,1.535862675589464,-0.42596643235245885,-0.18936892446324297,-0.0589293274571889,0.0,-0.48725305823345255,-0.47247971450894716
14620.0,206,2,412.78000000000003,7.107283068471707,0.0,26,0.0,1.1356155931870988,-0.29559005205372785,-0.1871309505705084,-0.05444646277848331,0.0,-0.41698670729728593,-0.47247971450894716
14621.0,1,5,1788.3600000000001,9.166982225091623,0.0,80,0.18478260869565216,-0.9156507041250228,0.09553908884246501,-0.019273146461030215,-0.048390335427136305,0.0,0.2154104511282137,0.18817474931821448
14622.0,185,1,320.58000000000004,5.071507242850563,0.0,21,0.0,0.9254858749258571,-0.42596643235245885,-0.1983818334990868,-0.060432248430300387,0.0,-0.47554199974409145,-0.47247971450894716
14623.0,32,5,886.7,7.3527434768967135,0.0,108,0.0,-0.6054592152631898,0.09553908884246501,-0.12929994799445765,-0.0537247362640272,0.0,0.5433200888303246,-0.47247971450894716
14624.0,57,2,225.85,3.5361593681454844,0.0,13,0.0,-0.35530478876171157,-0.29559005205372785,-0.20994144456008718,-0.06494662725496958,0.0,-0.5692304676589803,-0.47247971450894716
14625.0,196,2,899.63,4.776759616970107,0.0,51,0.0,1.0355538225865075,-0.29559005205372785,-0.12772213979200084,-0.061298894004777664,0.0,-0.12421024506325833,-0.47247971450894716
14626.0,24,4,2791.27,18.952535632186795,0.0,108,0.0,-0.6855086317436628,-0.03483729145626595,0.10310888171576556,-0.019617901624702172,0.0,0.5433200888303246,-0.47247971450894716
14628.0,91,2,671.96,18.32367764175196,0.0,22,0.0,-0.015094768719701146,-0.29559005205372785,-0.1555040109020816,-0.02146693091800702,0.0,-0.46383094125473034,-0.47247971450894716
14629.0,4,2,955.26,5.791524828482233,0.0,133,0.5533333333333333,-0.8856321729448454,-0.29559005205372785,-0.12093378168661237,-0.058315182848280814,0.0,0.8360965510643522,1.5058565544260358
14631.0,51,3,1006.98,23.850768745600167,0.0,38,0.0,-0.41534185112206634,-0.1652136717549969,-0.11462254887678508,-0.00521564125766043,0.0,-0.2764540054249527,-0.47247971450894716
14632.0,263,1,114.56,5.252210419024955,0.0,8,0.0,1.705967685610469,-0.42596643235245885,-0.22352182157875844,-0.05990092741471047,0.0,-0.6277857601057858,-0.47247971450894716
14633.0,266,1,344.90000000000003,3.7524342976119844,0.0,20,0.0,1.7359862167906466,-0.42596643235245885,-0.19541413856608217,-0.06431071471815902,0.0,-0.48725305823345255,-0.47247971450894716
14636.0,36,2,609.85,8.422267875342198,0.0,27,0.0,-0.5654345070229533,-0.29559005205372785,-0.16308310351264563,-0.05058001683180289,0.0,-0.4052756488079248,-0.47247971450894716
14638.0,51,1,443.6,15.240436126743006,0.0,16,0.0,-0.41534185112206634,-0.42596643235245885,-0.18337008059373197,-0.030532576844908767,0.0,-0.534097292190897,-0.47247971450894716
14639.0,52,6,2984.49,5.8050632321213325,0.0,138,0.0,-0.4053356740620072,0.22591546914119598,0.12668692509385576,-0.05827537592001712,0.0,0.8946518435111578,-0.47247971450894716
14640.0,24,6,2107.38,10.190035900248422,0.0,87,0.0,-0.6855086317436628,0.22591546914119598,0.019655884687289564,-0.04538225372544705,0.0,0.29738786055374145,-0.47247971450894716
14641.0,22,1,110.46,11.041684654073398,0.0,7,0.0,-0.7055209858637811,-0.42596643235245885,-0.22402213199098372,-0.04287815340807638,0.0,-0.639496818595147,-0.47247971450894716
14642.0,59,1,96.12,39.965675272663674,0.0,2,0.0,-0.3352924346415933,-0.42596643235245885,-0.2257719981644741,0.042166970843374216,0.0,-0.6980521110419524,-0.47247971450894716
14643.0,170,2,693.8100000000001,18.345579368490696,0.0,30,0.0,0.77539321902497,-0.29559005205372785,-0.15283772248571023,-0.02140253333551645,0.0,-0.3701424733398415,-0.47247971450894716
14644.0,68,2,830.76,34.89233684437799,0.0,26,0.0,-0.24523684110106111,-0.29559005205372785,-0.13612613444808755,0.027249848835807895,0.0,-0.41698670729728593,-0.47247971450894716
14645.0,157,2,597.09,18.312261418947198,0.0,28,0.0,0.6453129172442014,-0.29559005205372785,-0.16464016713703458,-0.021500498004226765,0.0,-0.3935645903185637,-0.47247971450894716
14646.0,2,71,270283.46,118.0526867762688,0.0,700,0.025108643167551906,-0.9056445270649637,8.700380188558707,32.744359575848655,0.27176598030648197,0.0,7.476266714532099,-0.3827086191316318
14647.0,201,1,236.04000000000002,17.977732316931945,0.0,24,1.0,1.085584707886803,-0.42596643235245885,-0.20869799014531262,-0.022484112935574712,0.0,-0.44040882427600814,3.102826795614516
14649.0,5,4,1402.59,11.561042639558417,0.0,148,0.0,-0.8756259958847863,-0.03483729145626595,-0.06634747517423732,-0.04135108665615426,0.0,1.0117624284047688,-0.47247971450894716
14651.0,67,2,653.75,5.896021899350762,0.0,95,0.0,-0.25524301816112027,-0.29559005205372785,-0.15772612129394073,-0.05800793041921195,0.0,0.3910763284686303,-0.47247971450894716
14652.0,77,1,114.18,4.269149209780499,0.0,29,0.0,-0.15518124756052895,-0.42596643235245885,-0.22356819181208662,-0.06279141938690883,0.0,-0.3818535318292026,-0.47247971450894716
14653.0,1,7,1926.65,9.223519376156263,0.0,154,0.25213675213675213,-0.9156507041250228,0.3562918494399269,-0.002398042337460718,-0.04822409940872103,0.0,1.0820287793409353,0.4289864568469688
14655.0,8,4,1932.23,32.217858362234125,0.0,35,0.2857142857142857,-0.8456074647046089,-0.03483729145626595,-0.0017171320691150925,0.01938608764804265,0.0,-0.311587180893036,0.5490364312406137
14656.0,169,2,291.05,3.0696328456286137,0.0,73,0.0,0.7653870419649109,-0.29559005205372785,-0.201985288736407,-0.0663183538122498,0.0,0.13343304170268597,-0.47247971450894716
14657.0,18,4,848.22,5.326147232555363,0.0,103,0.0,-0.7455456941040176,-0.03483729145626595,-0.13399554425358667,-0.05968353122009932,0.0,0.4847647963835191,-0.47247971450894716
14658.0,5,2,247.15,9.766963870683231,0.0,27,1.0,-0.8756259958847863,-0.29559005205372785,-0.20734227095511187,-0.04662621116535022,0.0,-0.4052756488079248,3.102826795614516
14659.0,9,9,2529.93,6.022338666862119,0.0,147,0.20948616600790515,-0.8356012876445498,0.6170446100373889,0.07121836387894687,-0.05763652160050142,0.0,1.0000513699154077,0.2764975385999207
14660.0,87,2,285.74,15.71532586765024,0.0,24,0.0,-0.055119476959937665,-0.29559005205372785,-0.20263325173370364,-0.02913625994127802,0.0,-0.44040882427600814,-0.47247971450894716
14661.0,27,1,107.95,29.2521900889489,0.0,4,1.0,-0.6554901005634854,-0.42596643235245885,-0.22432841958480945,0.010666141976783143,0.0,-0.6746299940632302,3.102826795614516
14662.0,29,4,741.37,5.17762952293104,0.0,143,0.0,-0.6354777464433672,-0.03483729145626595,-0.1470341217038969,-0.06012021740338218,0.0,0.9532071359579632,-0.47247971450894716
14664.0,20,2,636.24,5.620052010364362,0.0,78,1.0,-0.7255333399838994,-0.29559005205372785,-0.15986281283493214,-0.05881936386931903,0.0,0.19198833414949149,3.102826795614516
14665.0,61,5,1835.7,11.014709266463601,0.0,63,0.26666666666666666,-0.31528008052147505,0.09553908884246501,-0.013496391603775325,-0.04295746906065206,0.0,0.016322456809074924,0.4809353548573097
14666.0,24,1,195.25,8.870943586219568,0.0,14,0.0,-0.6855086317436628,-0.42596643235245885,-0.21367546861230516,-0.04926077696330257,0.0,-0.5575194091696192,-0.47247971450894716
14667.0,11,25,9175.04,16.595697274658495,0.0,354,0.0582010582010582,-0.8155889335244315,2.7030666948170845,0.8821007354356245,-0.02654770649152273,0.0,3.4242404772131563,-0.2643930922266292
14669.0,242,3,1259.24,5.406203086014149,0.0,158,0.0,1.4958379673492275,-0.1652136717549969,-0.08384003556265071,-0.05944814323044611,0.0,1.1288730132983797,-0.47247971450894716
14670.0,280,2,392.86,2.801208094129868,0.0,107,0.0,1.8760726956314744,-0.29559005205372785,-0.18956172701234444,-0.06710760231687016,0.0,0.5316090303409635,-0.47247971450894716
14672.0,235,2,765.55,10.025850254882792,0.0,58,0.0,1.4257947279288135,-0.29559005205372785,-0.14408351054106583,-0.04586500829394874,0.0,-0.0422328356377306,-0.47247971450894716
14673.0,3,5,1736.4,18.763988626077627,0.0,39,0.0,-0.8956383500049045,0.09553908884246501,-0.025613665734012154,-0.020172285830299553,0.0,-0.2647429469355916,-0.47247971450894716
14675.0,16,1,596.36,8.347598786374544,0.0,93,0.0,-0.7655580482241359,-0.42596643235245885,-0.16472924679579665,-0.05079956613372098,0.0,0.36765421148990807,-0.47247971450894716
14676.0,31,6,2548.2400000000002,38.25919228359113,0.0,29,0.0,-0.6154653923232489,0.22591546914119598,0.07345267696378717,0.03714940394700746,0.0,-0.3818535318292026,-0.47247971450894716
14680.0,25,16,28754.11,107.75340823195155,0.0,73,0.0,-0.6755024546836037,1.5296792721285057,3.2712745360911737,0.24148304199924883,0.0,0.13343304170268597,-0.47247971450894716
14681.0,71,3,498.95,120.00906860574766,0.0,6,0.0,-0.21521830992088373,-0.1652136717549969,-0.1766158900286906,0.2775183240257602,0.0,-0.651207877084508,-0.47247971450894716
14682.0,188,2,52.0,7.353910524340097,0.0,1,1.0,0.9555044061060345,-0.29559005205372785,-0.23115582630773746,-0.053721304797873765,0.0,-0.7097631695313136,3.102826795614516
14684.0,26,5,1201.51,4.287787180333194,0.0,231,0.6846153846153846,-0.6654962776235446,0.09553908884246501,-0.09088465022064238,-0.06273661821709964,0.0,1.9837802830217404,1.975230127037116
14687.0,107,1,628.38,34.52452031320845,0.0,15,0.0,0.14500406424124493,-0.42596643235245885,-0.16082194450324697,0.026168358974759942,0.0,-0.5458083506802581,-0.47247971450894716
14688.0,8,21,5579.1,22.339468557196174,0.0,148,0.0,-0.8456074647046089,2.1815611736221605,0.44329921745089296,-0.009659312741271311,0.0,1.0117624284047688,-0.47247971450894716
14689.0,209,1,112.8,6.937477188689686,0.0,13,1.0,1.165634124367276,-0.42596643235245885,-0.2237365889752259,-0.05494574250565232,0.0,-0.5692304676589803,3.102826795614516
14690.0,44,2,355.05,5.779078611774011,0.0,40,0.0,-0.48538509054248025,-0.29559005205372785,-0.19417556522850007,-0.058351778422535035,0.0,-0.2530318884462305,-0.47247971450894716
14691.0,31,5,2114.33,24.478897753192804,0.0,50,0.4084507042253521,-0.6154653923232489,0.09553908884246501,0.020503971849476308,-0.0033687553904550222,0.0,-0.13592130355261944,0.9878567473724673
14692.0,137,4,591.55,4.688796528333136,0.0,53,0.17647058823529413,0.44518937604301884,-0.03483729145626595,-0.16531619632818778,-0.061557531614688396,0.0,-0.10078812808453612,0.15845672845401698
14693.0,265,1,172.9,42.94261744301508,0.0,8,1.0,1.7259800397305873,-0.42596643235245885,-0.21640277049358203,0.05092006512090437,0.0,-0.6277857601057858,3.102826795614516
14696.0,4,7,2078.95,7.648137139164235,0.0,117,0.12307692307692308,-0.8856321729448454,0.3562918494399269,0.0161866590727615,-0.052856191150667704,0.0,0.6487196152345746,-0.03244199018605934
14697.0,218,2,188.60999999999999,7.99839887927794,0.0,22,0.0,1.2556897179078084,-0.29559005205372785,-0.21448572742625052,-0.05182631758995117,0.0,-0.46383094125473034,-0.47247971450894716
14698.0,2,5,1217.27,4.254595053922797,0.0,148,0.39,-0.9056445270649637,0.09553908884246501,-0.08896150580682029,-0.06283421292842303,0.0,1.0117624284047688,0.9218898244392034
14699.0,214,1,109.13000000000001,5.5072846238932875,0.0,8,0.0,1.2156650096675718,-0.42596643235245885,-0.2241844278076324,-0.059150933482945575,0.0,-0.6277857601057858,-0.47247971450894716
14700.0,32,3,2195.1,14.047520928643223,0.0,80,0.0,-0.6054592152631898,-0.1652136717549969,0.030360086970314466,-0.03404010188118899,0.0,0.2154104511282137,-0.47247971450894716
14701.0,11,9,2526.09,19.34278483245307,0.0,268,0.12232415902140673,-0.8155889335244315,0.6170446100373889,0.0707497804684725,-0.018470453052915427,0.0,2.417089447128101,-0.035133352414333914
14702.0,1,17,3251.79,7.561504904497777,0.0,196,0.2046783625730994,-0.9156507041250228,1.6600556524272365,0.1593047234323483,-0.05311091565457673,0.0,1.5738932358941016,0.25930816768006576
14703.0,15,1,318.17,3.7765390200151474,0.0,22,0.0,-0.775564225284195,-0.42596643235245885,-0.19867591839993143,-0.06423983967401813,0.0,-0.46383094125473034,-0.47247971450894716
14704.0,11,9,1493.96,3.39484460662813,0.0,288,0.3104325699745547,-0.8155889335244315,0.6170446100373889,-0.055197874597402066,-0.06536213463119182,0.0,2.6513106169153233,0.6374118738754359
14705.0,199,1,179.0,0.0,0.0,1,0.0,1.0655723537666848,-0.42596643235245885,-0.21565840622173466,-0.07534398620873628,0.0,-0.7097631695313136,-0.47247971450894716
14708.0,3,3,1126.37,42.73587985348906,0.0,25,0.0,-0.8956383500049045,-0.1652136717549969,-0.10005375372664435,0.05031219519657292,0.0,-0.42869776578664703,-0.47247971450894716
14709.0,15,13,4921.04,11.619920124269397,0.0,71,0.14795918367346939,-0.775564225284195,1.1385501312323127,0.36299817601943624,-0.04117796936162575,0.0,0.11001092472396376,0.05651971811136118
14710.0,14,4,599.48,4.183562387292199,0.0,124,0.6617647058823529,-0.7855704023442541,-0.03483729145626595,-0.16434852277478618,-0.06304307006847579,0.0,0.7306970246601023,1.893531946602168
14711.0,10,11,2839.62,17.72111935482825,0.0,221,0.10144927536231885,-0.8255951105844906,0.8777973706348507,0.1090088837721296,-0.02323863127069735,0.0,1.8666696981281292,-0.1097674598587407
14712.0,29,3,917.07,37.46162709137623,0.0,21,0.52,-0.6354777464433672,-0.1652136717549969,-0.1255939901360962,0.03480432536622017,0.0,-0.47554199974409145,1.3866796707552538
14713.0,9,11,2662.2,9.457294399651744,0.0,146,0.0,-0.8356012876445498,0.8777973706348507,0.08735886588505387,-0.04753673139708571,0.0,0.9883403114260466,-0.47247971450894716
14714.0,24,1,160.19,23.531146003164025,0.0,10,0.0,-0.6855086317436628,-0.42596643235245885,-0.21795373277148042,-0.006155427063931581,0.0,-0.6043636431270636,-0.47247971450894716
14715.0,25,4,867.38,11.827279235933698,0.0,60,0.0,-0.6755024546836037,-0.03483729145626595,-0.13165750827840708,-0.040568271977585446,0.0,-0.01881071865900839,-0.47247971450894716
14716.0,43,2,307.51,7.881004240776503,0.0,46,0.0,-0.4953912676025394,-0.29559005205372785,-0.1999767254717172,-0.05217149269906602,0.0,-0.18276553751006386,-0.47247971450894716
14719.0,2,5,1581.84,5.696885467181747,0.0,177,0.0,-0.9056445270649637,0.09553908884246501,-0.04447414800560739,-0.05859345068300015,0.0,1.3513831245962409,-0.47247971450894716
14720.0,6,3,663.81,8.472495820915784,0.0,34,0.7567567567567568,-0.8656198188247272,-0.1652136717549969,-0.15649853038004163,-0.05043233175167239,0.0,-0.3232982393823971,2.2331576445034034
14722.0,147,1,180.42000000000002,6.170775936734024,0.0,28,0.0,0.5452511466436101,-0.42596643235245885,-0.21548512798140296,-0.05720007193398519,0.0,-0.3935645903185637,-0.47247971450894716
14723.0,10,6,1122.3600000000001,4.785043332772144,0.0,193,0.22007722007722008,-0.8255951105844906,0.22591546914119598,-0.10054308171518662,-0.06127453741965296,0.0,1.5387600604260183,0.31436380316301193
14725.0,25,1,655.58,12.816015961478996,0.0,45,0.0,-0.6755024546836037,-0.42596643235245885,-0.1575028120123865,-0.03766109230155806,0.0,-0.19447659599942496,-0.47247971450894716
14727.0,274,1,268.58,16.629400871147862,0.0,10,0.0,1.8160356332711196,-0.42596643235245885,-0.2047272338492612,-0.02644860790623565,0.0,-0.6043636431270636,-0.47247971450894716
14729.0,374,1,313.49,3.7788920640034602,0.0,69,0.0,2.8166533392770328,-0.42596643235245885,-0.19924700443144713,-0.06423292102572391,0.0,0.08658880774524155,-0.47247971450894716
14730.0,1,8,1897.57,4.289435773858768,0.0,317,0.0,-0.9156507041250228,0.48666822973865786,-0.005946585456365945,-0.06273177086242195,0.0,2.9909313131067954,-0.47247971450894716
14731.0,47,3,380.02,6.564212070081991,0.0,38,0.3333333333333333,-0.45536655936230286,-0.1652136717549969,-0.19112855279111826,-0.05604325283226406,0.0,-0.2764540054249527,0.7192891221988739
14732.0,8,8,2702.4900000000002,12.39268210933427,0.0,105,0.0,-0.8456074647046089,0.48666822973865786,0.09227533088714096,-0.03890581957761912,0.0,0.5081869133622413,-0.47247971450894716
14733.0,16,12,9585.91,33.70933545423535,0.0,102,0.034653465346534656,-0.7655580482241359,1.0081737509335817,0.9322379400870887,0.023771473339805074,0.0,0.473053737894158,-0.348582954257144
14735.0,4,32,6065.69,18.376548871434743,0.0,99,0.020618556701030927,-0.8856321729448454,3.615701356908201,0.5026763012276496,-0.021311473797411454,0.0,0.4379205624260747,-0.3987620545064015
14737.0,4,3,1164.55,43.408331827643686,0.0,15,0.0,-0.8856321729448454,-0.1652136717549969,-0.09539476554645862,0.05228940375154862,0.0,-0.5458083506802581,-0.47247971450894716
14738.0,43,7,1314.45,14.261781855648797,0.0,39,0.0,-0.4953912676025394,0.3562918494399269,-0.07710292876778287,-0.033410111109870314,0.0,-0.2647429469355916,-0.47247971450894716
14739.0,4,7,3902.28,41.491729002214655,0.0,47,0.16666666666666666,-0.8856321729448454,0.3562918494399269,0.23868202100513541,0.04665402212047694,0.0,-0.17105447902070275,0.12340470384496335
14740.0,197,3,1448.21,6.93486812153812,0.0,85,0.0,1.0455599996465665,-0.1652136717549969,-0.0607806066362574,-0.05495341393809784,0.0,0.27396574357501924,-0.47247971450894716
14741.0,12,6,1400.34,16.439839889525093,0.0,35,0.22033898305084745,-0.8055827564643724,0.22591546914119598,-0.06662203576631218,-0.02700597350104309,0.0,-0.311587180893036,0.3152996860267312
14744.0,16,7,1099.98,49.47329588933656,0.0,21,0.0,-0.7655580482241359,0.3562918494399269,-0.10327404440435783,0.07012219968240252,0.0,-0.47554199974409145,-0.47247971450894716
14745.0,113,5,1220.26,9.358374453992658,0.0,46,0.10144927536231885,0.2050411266015997,0.09553908884246501,-0.08859664528668526,-0.0478275854213612,0.0,-0.18276553751006386,-0.1097674598587407
14747.0,249,1,328.2,5.605197168175053,0.0,18,0.0,1.5658812067696413,-0.42596643235245885,-0.19745198829392663,-0.05886304151796663,0.0,-0.5106751752121748,-0.47247971450894716
14748.0,29,5,1415.75,6.5812111630633305,0.0,87,0.0,-0.6354777464433672,0.09553908884246501,-0.06474160077792396,-0.05599327044934105,0.0,0.29738786055374145,-0.47247971450894716
14752.0,44,1,389.64,74.0227662276951,0.0,5,0.0,-0.48538509054248025,-0.42596643235245885,-0.189954653726336,0.14230493486456322,0.0,-0.6629189355738692,-0.47247971450894716
14753.0,87,1,563.15,4.309846051601582,0.0,30,0.0,-0.055119476959937665,-0.42596643235245885,-0.1687817611348215,-0.06267175858301233,0.0,-0.3701424733398415,-0.47247971450894716
14754.0,45,2,638.05,5.988766781314465,0.0,38,0.0,-0.4753789134824211,-0.29559005205372785,-0.15964194409197416,-0.05773523291649531,0.0,-0.2764540054249527,-0.47247971450894716
14755.0,10,11,5010.28,10.102249976340415,0.0,128,0.17872340425531916,-0.8255951105844906,0.8777973706348507,0.3738878592357739,-0.045640370418428076,0.0,0.7775412586175467,0.16651123623652292
14756.0,15,1,738.96,8.531471601158007,0.0,38,0.0,-0.775564225284195,-0.42596643235245885,-0.14732820660474152,-0.05025892543908347,0.0,-0.2764540054249527,-0.47247971450894716
14757.0,75,1,420.5,8.996419820719979,0.0,19,1.0,-0.1751936016806472,-0.42596643235245885,-0.18618890267236712,-0.04889183956132343,0.0,-0.49896411672281366,3.102826795614516
14758.0,145,4,1484.06,8.586779572140134,0.0,54,0.0,0.5252387925234918,-0.03483729145626595,-0.05640594120253143,-0.05009630357523708,0.0,-0.08907706959517502,-0.47247971450894716
14759.0,5,3,1625.97,4.748204476262407,0.0,92,0.0,-0.8756259958847863,-0.1652136717549969,-0.039089099593045934,-0.06138285460072472,0.0,0.35594315300054696,-0.47247971450894716
14760.0,297,1,89.2,4.943986245935561,0.0,5,0.0,2.0461777056524797,-0.42596643235245885,-0.22661642451876654,-0.06080719804117237,0.0,-0.6629189355738692,-0.47247971450894716
14761.0,59,2,255.9,14.770461924210272,0.0,11,0.6363636363636364,-0.3352924346415933,-0.29559005205372785,-0.20627453531926523,-0.03191444060556438,0.0,-0.5926525846377025,1.802715337387802
14762.0,264,1,300.52,7.53714168381521,0.0,21,0.0,1.7159738626705283,-0.42596643235245885,-0.20082969371109638,-0.053182550760445646,0.0,-0.47554199974409145,-0.47247971450894716
14764.0,47,1,278.3,26.423808708561808,0.0,6,0.0,-0.45536655936230286,-0.42596643235245885,-0.20354113209149782,0.002349860551532379,0.0,-0.651207877084508,-0.47247971450894716
14765.0,29,3,254.11,7.563278944615362,0.0,38,0.0,-0.6354777464433672,-0.1652136717549969,-0.20649296352362703,-0.05310569944965478,0.0,-0.2764540054249527,-0.47247971450894716
14766.0,8,6,2473.37,10.114626281793248,0.0,111,0.0,-0.8456074647046089,0.22591546914119598,0.06431652072883413,-0.04560398040403174,0.0,0.5784532642984079,-0.47247971450894716
14768.0,17,2,192.60000000000002,17.95318913173924,0.0,4,0.0,-0.7555518711640767,-0.29559005205372785,-0.21399883997630442,-0.022556277190561656,0.0,-0.6746299940632302,-0.47247971450894716
14769.0,3,8,10416.98,9.493863683757718,0.0,718,0.8747645951035782,-0.8956383500049045,0.48666822973865786,1.0336508606451544,-0.047429206838957134,0.0,7.687065767340599,2.655071837190391
14770.0,232,2,876.42,7.653350502001438,0.0,49,0.0,1.3957761967486362,-0.29559005205372785,-0.13055438483291523,-0.052840862315303855,0.0,-0.14763236204198055,-0.47247971450894716
14772.0,112,1,139.26,4.289525031981979,0.0,9,0.0,0.19503494954154058,-0.42596643235245885,-0.22050775641242562,-0.0627315084170257,0.0,-0.6160747016164247,-0.47247971450894716
14775.0,58,3,1011.9,9.209601934753216,0.0,57,0.0,-0.34529861170165244,-0.1652136717549969,-0.11402217638211475,-0.04826502082060337,0.0,-0.053943894127091704,-0.47247971450894716
14776.0,51,11,2538.3,15.659302876509201,0.0,44,0.0,-0.41534185112206634,0.8777973706348507,0.07223972928146537,-0.02930098417678739,0.0,-0.20618765448878607,-0.47247971450894716
14778.0,127,2,730.86,12.360369422833106,0.0,34,0.0,0.34512760544242754,-0.29559005205372785,-0.14831662473621102,-0.03900082847437293,0.0,-0.3232982393823971,-0.47247971450894716
14779.0,281,3,386.15,9.344956902639796,0.0,40,0.0,1.8860788726915334,-0.1652136717549969,-0.19038052771137656,-0.04786703700800434,0.0,-0.2530318884462305,-0.47247971450894716
14780.0,55,2,447.68,5.786745415786191,0.0,26,0.2962962962962963,-0.3753171428818298,-0.29559005205372785,-0.1828722107201029,-0.05832923574132533,0.0,-0.41698670729728593,0.5868703625646715
14782.0,320,1,200.10000000000002,28.758981205877234,0.0,6,0.0,2.2763197780338396,-0.42596643235245885,-0.21308363800272156,0.009215961353512237,0.0,-0.651207877084508,-0.47247971450894716
14784.0,26,2,289.99,11.723176353255285,0.0,15,0.7333333333333333,-0.6654962776235446,-0.29559005205372785,-0.2021146372820067,-0.040874365376282286,0.0,-0.5458083506802581,2.149411726248259
14785.0,10,2,77.4,14.677820001621495,0.0,2,0.0,-0.8255951105844906,-0.29559005205372785,-0.2280563422905369,-0.0321868353771348,0.0,-0.6980521110419524,-0.47247971450894716
14788.0,7,2,679.4399999999999,16.943640735665706,0.0,26,0.5,-0.855613641764668,-0.29559005205372785,-0.154591249467095,-0.025524649360020996,0.0,-0.41698670729728593,1.3151735405527845
14789.0,29,1,197.64,13.975492835674887,0.0,6,0.0,-0.6354777464433672,-0.42596643235245885,-0.21338382425005675,-0.034251885870364755,0.0,-0.651207877084508,-0.47247971450894716
14790.0,17,4,745.06,12.351297164367477,0.0,30,0.0,-0.7555518711640767,-0.03483729145626595,-0.14658384233289418,-0.03902750360916414,0.0,-0.3701424733398415,-0.47247971450894716
14792.0,64,1,6.2,1.6263455967290594,0.0,2,0.0,-0.28526154934129766,-0.42596643235245885,-0.23674465969308334,-0.07056204705056476,0.0,-0.6980521110419524,-0.47247971450894716
14793.0,21,1,228.99,3.96522888493087,0.0,14,0.0,-0.7155271629238402,-0.42596643235245885,-0.2095582800004805,-0.06368503542109345,0.0,-0.5575194091696192,-0.47247971450894716
14794.0,3,7,1319.91,8.960204280242213,0.0,68,0.1125,-0.8956383500049045,0.3562918494399269,-0.07643666173101456,-0.048998324008106005,0.0,0.07487774925588045,-0.07025773212005752
14795.0,166,1,131.45000000000002,9.216746533710618,0.0,6,1.0,0.7353685107847335,-0.42596643235245885,-0.22146078673424988,-0.048244013577375025,0.0,-0.651207877084508,3.102826795614516
14796.0,1,17,7975.49,8.757932104191118,0.0,403,0.0,-0.9156507041250228,1.6600556524272365,0.7357233317807845,-0.04959306429037605,0.0,3.99808234319185,-0.47247971450894716
14798.0,53,3,173.74,6.974621310454242,0.0,11,0.0,-0.3953294970019481,-0.1652136717549969,-0.21630026787254075,-0.05483652775405275,0.0,-0.5926525846377025,-0.47247971450894716
14799.0,51,1,157.7,8.540407349319333,0.0,13,0.0,-0.41534185112206634,-0.42596643235245885,-0.21825757982670993,-0.05023265168513712,0.0,-0.5692304676589803,-0.47247971450894716
14800.0,48,12,4331.79,10.990493987559308,0.0,246,0.8668407310704961,-0.44536038230224373,1.0081737509335817,0.2910938076282776,-0.043028669173746946,0.0,2.159446160362157,2.6267415945275796
14801.0,61,1,189.34,2.063054360829919,0.0,56,1.0,-0.31528008052147505,-0.42596643235245885,-0.21439664776748846,-0.06927799356035293,0.0,-0.06565495261645281,3.102826795614516
14803.0,162,3,845.55,38.86422301555167,0.0,35,0.3181818181818182,0.695343802544497,-0.1652136717549969,-0.13432135615618218,0.03892837402254257,0.0,-0.311587180893036,0.6651178114394275
14804.0,9,1,353.27,18.155616440466385,0.0,12,0.0,-0.8356012876445498,-0.42596643235245885,-0.19439277316356374,-0.021961080772142063,0.0,-0.5809415261483414,-0.47247971450894716
14805.0,15,4,546.4,12.628792729200265,0.0,30,0.6086956521739131,-0.775564225284195,-0.03483729145626595,-0.17082571220915652,-0.038211584218868715,0.0,-0.3701424733398415,1.7037938133922914
14806.0,75,1,193.39000000000001,5.197538753189734,0.0,11,1.0,-0.1751936016806472,-0.42596643235245885,-0.2139024387017537,-0.06006167835241136,0.0,-0.5926525846377025,3.102826795614516
14808.0,40,8,2718.6,17.0561938238966,0.0,176,0.22510822510822512,-0.5254097987827168,0.48666822973865786,0.09424118472639686,-0.025193709846877587,0.0,1.3396720661068797,0.33235118820282816
14810.0,41,11,2085.33,5.4134937903545,0.0,106,0.7244094488188977,-0.5154036217226576,0.8777973706348507,0.016965190884955985,-0.05942670639399149,0.0,0.5198979718516024,2.1175061038482075
14813.0,370,2,152.88,4.769206334814988,0.0,25,1.0,2.7766286310367962,-0.29559005205372785,-0.21884574962839917,-0.061321102898006095,0.0,-0.42869776578664703,3.102826795614516
14815.0,37,2,778.5,5.07974258801787,0.0,53,0.0,-0.5554283299628942,-0.29559005205372785,-0.1425032618000128,-0.06040803406921022,0.0,-0.10078812808453612,-0.47247971450894716
14816.0,197,1,271.85,65.8660430343284,0.0,4,0.0,1.0455599996465665,-0.42596643235245885,-0.20432820578877905,0.11832174573233105,0.0,-0.6746299940632302,-0.47247971450894716
14817.0,200,2,1110.34,8.966356792023381,0.0,52,0.0,1.075578530826744,-0.29559005205372785,-0.1020098454115154,-0.048980233795873955,0.0,-0.11249918657389722,-0.47247971450894716
14818.0,74,3,657.8,15.556208288399096,0.0,41,0.0,-0.18519977874070634,-0.1652136717549969,-0.157231912228206,-0.02960411288994085,0.0,-0.24132082995686938,-0.47247971450894716
14819.0,64,2,272.07,12.458422081838084,0.0,13,0.0,-0.28526154934129766,-0.29559005205372785,-0.20430135986422066,-0.038712524530486854,0.0,-0.5692304676589803,-0.47247971450894716
14820.0,21,4,507.29,6.9673405956196435,0.0,24,0.7931034482758621,-0.7155271629238402,-0.03483729145626595,-0.1755981854340665,-0.05485793521839309,0.0,-0.44040882427600814,2.3631082073131098
14821.0,367,1,48.800000000000004,1.1313708498984771,0.0,2,0.0,2.746610099856619,-0.42596643235245885,-0.23154631248313282,-0.07201741983783436,0.0,-0.6980521110419524,-0.47247971450894716
14823.0,180,3,321.43,2.953316138035366,0.0,56,1.0,0.8754549896255615,-0.1652136717549969,-0.19827811060874742,-0.06666035948429665,0.0,-0.06565495261645281,3.102826795614516
14824.0,10,4,1127.71,31.271975618967545,0.0,19,0.06896551724137931,-0.8255951105844906,-0.03483729145626595,-0.09989023764069753,0.016604911409632918,0.0,-0.49896411672281366,-0.22590685174181174
14825.0,4,12,2221.01,12.453234671141058,0.0,82,0.058333333333333334,-0.8856321729448454,1.0081737509335817,0.033521804721718694,-0.038727777058849534,0.0,0.2388325681069359,-0.26392016808507845
14828.0,197,3,2139.76,100.74659003133146,0.0,17,0.0,1.0455599996465665,-0.1652136717549969,0.023607116674571237,0.22088091512343452,0.0,-0.5223862337015359,-0.47247971450894716
14829.0,29,4,697.55,8.334271272419471,0.0,39,0.0,-0.6354777464433672,-0.03483729145626595,-0.15238134176821694,-0.05083875298366912,0.0,-0.2647429469355916,-0.47247971450894716
14830.0,53,1,188.88,4.786859290009284,0.0,39,0.0,-0.3953294970019481,-0.42596643235245885,-0.21445278015520153,-0.061269197965948104,0.0,-0.2647429469355916,-0.47247971450894716
14834.0,18,6,1720.3,18.04858862569221,0.0,43,0.0,-0.7455456941040176,0.22591546914119598,-0.027578299303970006,-0.022275774340047617,0.0,-0.21789871297814717,-0.47247971450894716
14836.0,10,3,102.44999999999999,7.621663204314396,0.0,5,0.0,-0.8255951105844906,-0.1652136717549969,-0.2249995676987702,-0.052934032383173235,0.0,-0.6629189355738692,-0.47247971450894716
14837.0,90,4,1649.5,5.389026865519067,0.0,96,0.7685185185185185,-0.025100945779760273,-0.03483729145626595,-0.03621780593459203,-0.05949864642087502,0.0,0.4027873869579914,2.2752095479007513
14840.0,268,1,62.85,1.4250000000000007,0.0,4,0.0,1.7559985709107648,-0.42596643235245885,-0.22983183411928762,-0.07115406291438887,0.0,-0.6746299940632302,-0.47247971450894716
14841.0,53,6,3295.76,10.719362199804209,0.0,103,0.0,-0.3953294970019481,0.22591546914119598,0.16467024753614,-0.04382587716908248,0.0,0.4847647963835191,-0.47247971450894716
14842.0,44,4,2824.69,23.919164510117582,0.0,128,0.0,-0.48538509054248025,-0.03483729145626595,0.1071870217100507,-0.005014537393108698,0.0,0.7775412586175467,-0.47247971450894716
14844.0,64,4,3189.81,39.15549628570483,0.0,87,0.0,-0.28526154934129766,-0.03483729145626595,0.15174149432265968,0.039784803959128846,0.0,0.29738786055374145,-0.47247971450894716
14847.0,149,1,309.4,10.545141061171254,0.0,13,0.0,0.5652635007637283,-0.42596643235245885,-0.1997460945743743,-0.04433813906881999,0.0,-0.5692304676589803,-0.47247971450894716
14849.0,22,25,7930.54,14.321429626760393,0.0,159,0.0,-0.7055209858637811,2.7030666948170845,0.7302382212857781,-0.03323472894451145,0.0,1.140584071787741,-0.47247971450894716
14850.0,312,1,325.75,10.452091952832992,0.0,21,0.0,2.1962703615533665,-0.42596643235245885,-0.1977509542719637,-0.04461173108744788,0.0,-0.47554199974409145,-0.47247971450894716
14851.0,23,2,511.35,11.556166102994538,0.0,28,0.0,-0.695514808803722,-0.29559005205372785,-0.1751027560990336,-0.04136542512222074,0.0,-0.3935645903185637,-0.47247971450894716
14852.0,58,6,2836.69,7.841136651845095,0.0,96,0.20279720279720279,-0.34529861170165244,0.22591546914119598,0.10865134486778326,-0.05228871525313842,0.0,0.4027873869579914,0.25258244488672016
14853.0,24,2,475.8,69.37575224817385,0.0,8,0.0,-0.6855086317436628,-0.29559005205372785,-0.17944081345381632,0.12864133337547265,0.0,-0.6277857601057858,-0.47247971450894716
14854.0,78,7,2740.03,20.42248403046513,0.0,110,0.0,-0.14517507050046982,0.3562918494399269,0.09685622183224761,-0.015295816687554765,0.0,0.5667422058090468,-0.47247971450894716
14855.0,119,2,645.65,18.837737006506803,0.0,13,0.0,0.2650781889619545,-0.29559005205372785,-0.15871453942541022,-0.019955443684979833,0.0,-0.5692304676589803,-0.47247971450894716
14856.0,36,3,1290.53,16.21221770853223,0.0,65,0.0,-0.5654345070229533,-0.1652136717549969,-0.0800218129288631,-0.027675250328027062,0.0,0.03974457378779713,-0.47247971450894716
14857.0,60,2,1173.12,6.155835263927242,0.0,58,0.0,-0.3252862575815342,-0.29559005205372785,-0.09434899475797796,-0.05724400195014405,0.0,-0.0422328356377306,-0.47247971450894716
14859.0,13,4,1353.74,11.33161715058486,0.0,47,0.25862068965517243,-0.7955765794043133,-0.03483729145626595,-0.07230849069550689,-0.0420256657442717,0.0,-0.17105447902070275,0.4521685208678106
14860.0,19,1,170.32,10.8619770509123,0.0,11,1.0,-0.7355395170439585,-0.42596643235245885,-0.21671759997249454,-0.04340654714327359,0.0,-0.5926525846377025,3.102826795614516
14861.0,52,1,125.79,10.381116991923363,0.0,6,0.0,-0.4053356740620072,-0.42596643235245885,-0.2221514591569804,-0.04482041855553956,0.0,-0.651207877084508,-0.47247971450894716
14862.0,26,2,841.1999999999999,6.728608341460063,0.0,47,0.0,-0.6654962776235446,-0.29559005205372785,-0.13485217330086022,-0.05555987896071961,0.0,-0.17105447902070275,-0.47247971450894716
14863.0,29,1,266.76,15.359011331817847,0.0,11,0.0,-0.6354777464433672,-0.42596643235245885,-0.2049493228615173,-0.030183930519382385,0.0,-0.5926525846377025,-0.47247971450894716
14865.0,7,2,52.2,4.1861199218369265,0.0,4,0.0,-0.855613641764668,-0.29559005205372785,-0.23113142092177524,-0.06303555015720207,0.0,-0.6746299940632302,-0.47247971450894716
14866.0,11,12,14389.9,139.50712344729078,0.0,30,0.0,-0.8155889335244315,1.0081737509335817,1.518454090630054,0.33484839713105474,0.0,-0.3701424733398415,-0.47247971450894716
14867.0,186,3,710.28,7.471002227660912,0.0,31,0.0,0.9354920519859162,-0.1652136717549969,-0.15082793895172233,-0.053377020408176434,0.0,-0.3584314148504804,-0.47247971450894716
14868.0,3,8,2953.59,9.281838249235173,0.0,96,0.1875,-0.8956383500049045,0.48666822973865786,0.1229162929626945,-0.04805262459832565,0.0,0.4027873869579914,0.19789025613920222
14869.0,9,2,721.45,5.999974404707313,0.0,66,0.7,-0.8356012876445498,-0.29559005205372785,-0.14946489814573294,-0.05770227917451077,0.0,0.051455632277158235,2.0302348425774768
14870.0,262,1,327.25,19.66302171785718,0.0,13,0.0,1.69596150855041,-0.42596643235245885,-0.19756791387724715,-0.0175288614838881,0.0,-0.5692304676589803,-0.47247971450894716
14871.0,3,4,501.28000000000003,4.013253449407583,0.0,68,0.0,-0.8956383500049045,-0.03483729145626595,-0.17633156728223087,-0.06354382893589916,0.0,0.07487774925588045,-0.47247971450894716
14873.0,210,1,519.68,5.534934841866137,0.0,28,0.0,1.1756403014273353,-0.42596643235245885,-0.1740862717737076,-0.05906963362864507,0.0,-0.3935645903185637,-0.47247971450894716
14875.0,108,2,1465.3200000000002,40.30103186266067,0.0,46,0.0,0.15501024130130406,-0.29559005205372785,-0.0586927258671904,0.043153018835192694,0.0,-0.18276553751006386,-0.47247971450894716
14878.0,13,9,1476.09,15.190709155101128,0.0,62,0.7950819672131147,-0.7955765794043133,0.6170446100373889,-0.057378495833125466,-0.03067878891286642,0.0,0.00461139831971382,2.3701820189498717
14880.0,77,3,690.59,4.478600804836497,0.0,45,0.0,-0.15518124756052895,-0.1652136717549969,-0.15323064919970183,-0.062175569480127535,0.0,-0.19447659599942496,-0.47247971450894716
14881.0,20,1,255.4,6.84336260654847,0.0,17,1.0,-0.7255333399838994,-0.42596643235245885,-0.20633554878417076,-0.05522246733375846,0.0,-0.5223862337015359,3.102826795614516
14882.0,27,2,589.7,27.023303075140706,0.0,6,1.0,-0.6554901005634854,-0.29559005205372785,-0.1655419461483382,0.004112552068275515,0.0,-0.651207877084508,3.102826795614516
14883.0,19,6,761.59,7.389817829092258,0.0,39,0.0,-0.7355395170439585,0.22591546914119598,-0.14456673718311758,-0.053615726655685474,0.0,-0.2647429469355916,-0.47247971450894716
14885.0,132,1,765.3199999999999,24.010711260562342,0.0,15,1.0,0.3951584907427232,-0.42596643235245885,-0.1441115767349224,-0.004745362752961114,0.0,-0.5458083506802581,3.102826795614516
14886.0,253,1,364.8,7.189371239790682,0.0,18,0.0,1.6059059150098778,-0.42596643235245885,-0.19298580266284238,-0.054205099170623834,0.0,-0.5106751752121748,-0.47247971450894716
14887.0,79,1,1862.0,116.75901107266482,0.0,6,0.0,-0.1351688934404107,-0.42596643235245885,-0.010287083349744831,0.2679621894532458,0.0,-0.651207877084508,-0.47247971450894716
14888.0,207,1,369.2,6.250002105262803,0.0,20,0.0,1.1456217702471578,-0.42596643235245885,-0.19244888417167377,-0.05696712346448301,0.0,-0.48725305823345255,-0.47247971450894716
14889.0,336,1,135.9,2.4445858544956045,0.0,10,0.0,2.4364186109947856,-0.42596643235245885,-0.2209177668965907,-0.06815617763555504,0.0,-0.6043636431270636,-0.47247971450894716
14890.0,254,1,125.65,4.700265949922408,0.0,7,0.0,1.615912092069937,-0.42596643235245885,-0.22216854292715393,-0.06152380810823957,0.0,-0.639496818595147,-0.47247971450894716
14891.0,148,2,554.38,4.914289075869685,0.0,30,0.8181818181818182,0.5552573237036692,-0.29559005205372785,-0.16985193730926434,-0.060894516542670765,0.0,-0.3701424733398415,2.452771066501159
14893.0,10,2,1237.8500000000001,6.056239637466731,0.0,72,0.0,-0.8255951105844906,-0.29559005205372785,-0.08645019159130896,-0.05753684267668581,0.0,0.12172198321332486,-0.47247971450894716
14894.0,85,1,655.75,19.987583171250794,0.0,23,0.0,-0.07513183108005593,-0.42596643235245885,-0.15748206743431864,-0.016574554400364486,0.0,-0.45211988276536924,-0.47247971450894716
14895.0,8,20,11138.710000000001,14.81330933152733,0.0,273,0.20481927710843373,-0.8456074647046089,2.0511847933234293,1.1217213566976807,-0.03178845650028709,0.0,2.4756447395749066,0.2598119803356176
14896.0,205,2,468.77000000000004,8.749624462752825,0.0,43,0.0,1.1256094161270396,-0.29559005205372785,-0.18029866277038797,-0.049617491223978426,0.0,-0.21789871297814717,-0.47247971450894716
14897.0,8,4,1366.38,13.007567320964656,0.0,43,0.0,-0.8456074647046089,-0.03483729145626595,-0.07076607030269526,-0.037097874404594645,0.0,-0.21789871297814717,-0.47247971450894716
14898.0,23,6,1269.31,14.881547835158095,0.0,86,0.0,-0.695514808803722,0.22591546914119598,-0.08261122437945348,-0.03158781502945625,0.0,0.28567680206438034,-0.47247971450894716
14901.0,11,9,1421.29,14.055537585988676,0.0,73,0.0,-0.8155889335244315,0.6170446100373889,-0.06406557158677076,-0.034016530527256006,0.0,0.13343304170268597,-0.47247971450894716
14902.0,26,1,332.66,6.497401180877102,0.0,20,0.0,-0.6654962776235446,-0.42596643235245885,-0.19690774818696938,-0.05623969669261187,0.0,-0.48725305823345255,-0.47247971450894716
14903.0,21,5,2795.33,6.112123512844526,0.0,227,0.4057142857142857,-0.7155271629238402,0.09553908884246501,0.1036043110507984,-0.05737252748284453,0.0,1.936936049064296,0.9780732124554292
14904.0,2,2,1025.44,16.19412577552177,0.0,66,0.0,-0.9056445270649637,-0.29559005205372785,-0.11236993175247317,-0.02772844598526236,0.0,0.051455632277158235,-0.47247971450894716
14905.0,158,2,616.15,26.19455980228135,0.0,14,0.0,0.6553190943042605,-0.29559005205372785,-0.16231433385483607,0.001675800668986308,0.0,-0.5575194091696192,-0.47247971450894716
14907.0,3,7,3501.1,11.940699605064554,0.0,125,0.0,-0.8956383500049045,0.3562918494399269,0.1897272573035401,-0.04023478240097152,0.0,0.7424080831494634,-0.47247971450894716
14908.0,74,1,277.8,22.732740705862984,0.0,9,0.0,-0.18519977874070634,-0.42596643235245885,-0.20360214555640335,-0.008502975803224209,0.0,-0.6160747016164247,-0.47247971450894716
14910.0,3,4,434.35,4.705945676762926,0.0,25,0.5,-0.8956383500049045,-0.03483729145626595,-0.18449882969448414,-0.06150710802417317,0.0,-0.42869776578664703,1.3151735405527845
14911.0,1,199,140336.83,31.764787203752636,0.0,1786,0.07233592095977417,-0.9156507041250228,25.38855686679627,16.887371277656733,0.018053923857924366,0.0,20.194476233978257,-0.21385662538569025
14912.0,17,2,867.85,19.494100013276718,0.0,21,0.0,-0.7555518711640767,-0.29559005205372785,-0.13160015562139585,-0.018025541473321468,0.0,-0.47554199974409145,-0.47247971450894716
14913.0,36,4,1227.43,10.59096981236497,0.0,76,0.0,-0.5654345070229533,-0.03483729145626595,-0.08772171219994006,-0.04420338892694111,0.0,0.16856621717076928,-0.47247971450894716
14915.0,91,2,307.48,19.90257330704812,0.0,12,0.0,-0.015094768719701146,-0.29559005205372785,-0.1999803862796115,-0.016824508653187013,0.0,-0.5809415261483414,-0.47247971450894716
14916.0,71,4,1268.98,7.820381935420918,0.0,72,0.0,-0.21521830992088373,-0.03483729145626595,-0.08265149326629112,-0.0523497402845863,0.0,0.12172198321332486,-0.47247971450894716
14918.0,116,2,1610.15,22.18853535071887,0.0,39,0.0,0.2350596577817771,-0.29559005205372785,-0.04101956562265666,-0.010103101202822052,0.0,-0.2647429469355916,-0.47247971450894716
14920.0,213,2,977.77,4.89675539602718,0.0,57,0.0,1.2056588326075126,-0.29559005205372785,-0.11818695549656573,-0.06094607076976391,0.0,-0.053943894127091704,-0.47247971450894716
14921.0,30,2,1316.07,6.947456167749257,0.0,78,0.6794871794871795,-0.6254715693833081,-0.29559005205372785,-0.07690524514148898,-0.05491640134297477,0.0,0.19198833414949149,1.9568952218569957
14923.0,51,1,749.1,7.53182318334122,0.0,44,0.0,-0.41534185112206634,-0.42596643235245885,-0.1460908535364575,-0.053198188731692644,0.0,-0.20618765448878607,-0.47247971450894716
14924.0,246,1,310.05,34.829668467494145,0.0,10,0.0,1.535862675589464,-0.42596643235245885,-0.19966677706999714,0.027065585192211698,0.0,-0.6043636431270636,-0.47247971450894716
14929.0,32,1,223.88,12.133926891908564,0.0,11,0.0,-0.6054592152631898,-0.42596643235245885,-0.21018183761181494,-0.03966663677974256,0.0,-0.5926525846377025,-0.47247971450894716
14930.0,109,3,2362.96,8.57528455355,0.0,116,0.0,0.1650164183613632,-0.1652136717549969,0.0508435274083966,-0.050130102344472,0.0,0.6370085567452135,-0.47247971450894716
14931.0,5,5,1257.68,45.07728575025071,0.0,30,0.0,-0.8756259958847863,0.09553908884246501,-0.08403039757315593,0.05719662404454766,0.0,-0.3701424733398415,-0.47247971450894716
14932.0,366,1,363.53,9.636284332422642,0.0,17,0.0,2.7366039227965597,-0.42596643235245885,-0.1931407768637024,-0.047010447826018716,0.0,-0.5223862337015359,-0.47247971450894716
14934.0,82,2,1890.94,13.677675655383407,0.0,68,0.0,-0.10515036226023332,-0.29559005205372785,-0.006755624001013163,-0.035127556846617475,0.0,0.07487774925588045,-0.47247971450894716
14935.0,297,1,1784.71,93.71891738953597,0.0,10,0.0,2.0461777056524797,-0.42596643235245885,-0.019718544754840545,0.20021746999578055,0.0,-0.6043636431270636,-0.47247971450894716
14936.0,34,8,8137.02,18.871340857445148,0.0,210,0.17582417582417584,-0.5854468611430715,0.48666822973865786,0.7554343417531628,-0.019856638381242044,0.0,1.7378480547451571,0.15614560595232116
14937.0,57,3,1621.88,39.34449582688356,0.0,33,0.0,-0.35530478876171157,-0.1652136717549969,-0.0395881897359731,0.04034051875225568,0.0,-0.3350092978717582,-0.47247971450894716
14944.0,30,12,5900.25,26.24698532238986,0.0,101,0.0,-0.6254715693833081,1.0081737509335817,0.4824881659597102,0.0018299472710360807,0.0,0.4613426794047969,-0.47247971450894716
14946.0,14,1,100.9,0.750555349946513,0.0,3,0.0,-0.7855704023442541,-0.42596643235245885,-0.22518870943997732,-0.07313713052842893,0.0,-0.6863410525525914,-0.47247971450894716
14947.0,72,2,290.82,10.184184895121552,0.0,14,0.0,-0.2052121328608246,-0.29559005205372785,-0.20201335493026354,-0.04539945741855331,0.0,-0.5575194091696192,-0.47247971450894716
14948.0,23,6,1101.97,8.837260596994465,0.0,56,0.0,-0.695514808803722,0.22591546914119598,-0.10303121081403385,-0.04935981495711134,0.0,-0.06565495261645281,-0.47247971450894716
14950.0,19,1,371.2,10.068227832935966,0.0,19,1.0,-0.7355395170439585,-0.42596643235245885,-0.19220483031205168,-0.04574040562626943,0.0,-0.49896411672281366,3.102826795614516
14951.0,79,1,311.69,8.977058758155056,0.0,20,0.0,-0.1351688934404107,-0.42596643235245885,-0.199466652905107,-0.04894876683644209,0.0,-0.48725305823345255,-0.47247971450894716
14952.0,60,11,8099.49,54.18359802268788,0.0,117,0.11594202898550725,-0.3252862575815342,0.8777973706348507,0.7508546710773543,0.08397188714341512,0.0,0.6487196152345746,-0.05795142348013981
14953.0,25,1,285.67,5.263320384936999,0.0,54,0.0,-0.6755024546836037,-0.42596643235245885,-0.20264179361879042,-0.05986826081472851,0.0,-0.08907706959517502,-0.47247971450894716
14954.0,12,1,294.85,4.563953954699278,0.0,75,1.0,-0.8055827564643724,-0.42596643235245885,-0.201521586403125,-0.06192460586549175,0.0,0.15685515868140817,3.102826795614516
14957.0,253,1,58.49,4.624392752928035,0.0,12,0.0,1.6059059150098778,-0.42596643235245885,-0.23036387153326376,-0.06174689784543489,0.0,-0.5809415261483414,-0.47247971450894716
14958.0,147,3,483.72999999999996,8.64012786434293,0.0,33,0.0,0.5452511466436101,-0.1652136717549969,-0.17847313990041472,-0.04993944374912189,0.0,-0.3350092978717582,-0.47247971450894716
14959.0,64,4,695.42,9.603926539070102,0.0,37,0.3898305084745763,-0.28526154934129766,-0.03483729145626595,-0.15264125912871448,-0.047105589350314496,0.0,-0.2881650639143138,0.9212838402849455
14960.0,8,2,221.27,12.898630926268098,0.0,23,0.0,-0.8456074647046089,-0.29559005205372785,-0.21050032789862175,-0.03741817976441312,0.0,-0.45211988276536924,-0.47247971450894716
14961.0,11,9,7044.68,15.805069086793685,0.0,193,0.0,-0.8155889335244315,0.6170446100373889,0.6221394452433653,-0.028872388218892864,0.0,1.5387600604260183,-0.47247971450894716
14962.0,271,1,126.7,25.196413435249077,0.0,5,0.0,1.786017102090942,-0.42596643235245885,-0.22204041465085234,-0.00125904614813422,0.0,-0.6629189355738692,-0.47247971450894716
14963.0,10,5,1472.34,11.05398687433918,0.0,149,0.3229166666666667,-0.8255951105844906,0.09553908884246501,-0.05783609681991689,-0.042841981226136874,0.0,1.02347348689413,0.6820463460517546
14964.0,247,1,206.21,26.92584512875011,0.0,13,0.0,1.545868852649523,-0.42596643235245885,-0.2123380534615761,0.0038259967561343126,0.0,-0.5692304676589803,-0.47247971450894716
14965.0,96,2,596.09,9.824950915593785,0.0,80,1.0,0.034936116580594506,-0.29559005205372785,-0.16476219406684564,-0.046455712028338925,0.0,0.2154104511282137,3.102826795614516
14966.0,15,1,183.02,4.285732661336267,0.0,35,0.0,-0.775564225284195,-0.42596643235245885,-0.21516785796389426,-0.06274265911324273,0.0,-0.311587180893036,-0.47247971450894716
14967.0,50,1,463.8,73.05173509233028,0.0,6,0.0,-0.42534802818212547,-0.42596643235245885,-0.18090513661154886,0.13944981488308836,0.0,-0.651207877084508,-0.47247971450894716
14968.0,30,1,147.59,3.3369670059499836,0.0,37,0.0,-0.6254715693833081,-0.42596643235245885,-0.21949127208709962,-0.06553231196964958,0.0,-0.2881650639143138,-0.47247971450894716
14970.0,68,4,1592.06,27.04295407425728,0.0,24,0.5,-0.24523684110106111,-0.03483729145626595,-0.0432270327829385,0.004170331842981294,0.0,-0.44040882427600814,1.3151735405527845
14971.0,35,3,1097.98,5.707536729394374,0.0,144,0.0,-0.5754406840830124,-0.1652136717549969,-0.10351809826397992,-0.05856213280815181,0.0,0.9649181944473244,-0.47247971450894716
14972.0,128,1,114.77,5.162562221689,0.0,18,0.0,0.3551337825024867,-0.42596643235245885,-0.22349619592349812,-0.06016451974475549,0.0,-0.5106751752121748,-0.47247971450894716
14973.0,107,3,1314.45,71.41399233137471,0.0,29,0.0,0.14500406424124493,-0.1652136717549969,-0.07710292876778287,0.13463436467657852,0.0,-0.3818535318292026,-0.47247971450894716
14974.0,37,1,89.94,3.5441985528964004,0.0,17,0.0,-0.5554283299628942,-0.42596643235245885,-0.22652612459070637,-0.06492298966377279,0.0,-0.5223862337015359,-0.47247971450894716
14975.0,57,1,279.94,18.84207921358227,0.0,11,0.0,-0.35530478876171157,-0.42596643235245885,-0.2033410079266077,-0.019942676306331144,0.0,-0.5926525846377025,-0.47247971450894716
14976.0,57,7,790.86,10.520852633738631,0.0,47,0.0,-0.35530478876171157,0.3562918494399269,-0.14099500894754827,-0.04440955426031684,0.0,-0.17105447902070275,-0.47247971450894716
14978.0,72,5,1921.3700000000001,6.6560147981571385,0.0,136,0.0,-0.2052121328608246,0.09553908884246501,-0.003042344526863036,-0.055773325541845324,0.0,0.8712297265324356,-0.47247971450894716
14981.0,246,1,102.12,4.1822994358879395,0.0,8,0.0,1.535862675589464,-0.42596643235245885,-0.22503983658560783,-0.06304678352076233,0.0,-0.6277857601057858,-0.47247971450894716
14984.0,19,2,202.37,4.543789164674066,0.0,37,1.0,-0.7355395170439585,-0.29559005205372785,-0.2128066368720505,-0.06198389633808983,0.0,-0.2881650639143138,3.102826795614516
14985.0,198,2,292.01,3.3550981028070255,0.0,78,0.0,1.0555661767066258,-0.29559005205372785,-0.20186814288378838,-0.06547900115907176,0.0,0.19198833414949149,-0.47247971450894716
14987.0,16,2,326.4,0.0,0.0,2,0.0,-0.7655580482241359,-0.29559005205372785,-0.19767163676758653,-0.07534398620873628,0.0,-0.6980521110419524,-0.47247971450894716
14988.0,212,1,334.54,9.156100264374679,0.0,40,0.0,1.1956526555474536,-0.42596643235245885,-0.1966783375589246,-0.04842233162411602,0.0,-0.2530318884462305,-0.47247971450894716
14995.0,39,2,231.98000000000002,2.6955185449164882,0.0,53,0.0,-0.5354159758427759,-0.29559005205372785,-0.20919341948034545,-0.06741836098649698,0.0,-0.10078812808453612,-0.47247971450894716
14997.0,46,3,546.1999999999999,13.000437010406168,0.0,25,0.0,-0.465372736422362,-0.1652136717549969,-0.1708501175951187,-0.03711883963568583,0.0,-0.42869776578664703,-0.47247971450894716
14998.0,170,2,414.87,6.835379272042582,0.0,70,0.0,0.77539321902497,-0.29559005205372785,-0.1868759142872033,-0.055245940708644636,0.0,0.09829986623460266,-0.47247971450894716
15000.0,48,1,490.52,4.433145622395493,0.0,76,1.0,-0.44536038230224373,-0.42596643235245885,-0.1776445770469977,-0.06230922121890534,0.0,0.16856621717076928,3.102826795614516
15002.0,116,4,1641.76,11.453366515173277,0.0,93,0.0,0.2350596577817771,-0.03483729145626595,-0.03716229437132953,-0.04166768644689555,0.0,0.36765421148990807,-0.47247971450894716
15004.0,147,1,1220.77,10.923989426964148,0.0,154,0.0,0.5452511466436101,-0.42596643235245885,-0.08853441155248164,-0.043224212336987644,0.0,1.0820287793409353,-0.47247971450894716
15005.0,16,28,6295.37,3.7531467516459167,0.0,360,0.1079136690647482,-0.7655580482241359,3.0941958357132773,0.5307034464666506,-0.06430861989166574,0.0,3.494506828149323,-0.08665527097044394
15006.0,51,1,480.38,4.484193208892208,0.0,121,0.0,-0.41534185112206634,-0.42596643235245885,-0.17888193011528172,-0.062159126150987586,0.0,0.695563849192019,-0.47247971450894716
15007.0,159,1,156.91,9.253618907151292,0.0,12,1.0,0.6653252713643196,-0.42596643235245885,-0.21835398110126064,-0.04813559784657014,0.0,-0.5809415261483414,3.102826795614516
15009.0,12,3,1259.43,6.77771360032605,0.0,148,0.5222222222222223,-0.8055827564643724,-0.1652136717549969,-0.0838168504459866,-0.05541549491300203,0.0,1.0117624284047688,1.3946247963333058
15010.0,36,1,308.94,5.758146723053394,0.0,20,0.0,-0.5654345070229533,-0.42596643235245885,-0.19980222696208738,-0.05841332439316325,0.0,-0.48725305823345255,-0.47247971450894716
15012.0,54,2,405.04,2.517227912533223,0.0,110,0.0,-0.38532331994188895,-0.29559005205372785,-0.1880754390072459,-0.06794258840669808,0.0,0.5667422058090468,-0.47247971450894716
15014.0,43,2,257.67,14.80711916075876,0.0,29,0.0,-0.4953912676025394,-0.29559005205372785,-0.20605854765349968,-0.03180665744112865,0.0,-0.3818535318292026,-0.47247971450894716
15016.0,173,1,170.04,4.311935210918398,0.0,20,0.0,0.8054117502051474,-0.42596643235245885,-0.21675176751284164,-0.06266561583403889,0.0,-0.48725305823345255,-0.47247971450894716
15017.0,34,1,125.58,2.9837593736761017,0.0,20,1.0,-0.5854468611430715,-0.42596643235245885,-0.22217708481224072,-0.06657084732839037,0.0,-0.48725305823345255,3.102826795614516
15018.0,39,3,496.21000000000004,9.189375889978155,0.0,30,0.0,-0.5354159758427759,-0.1652136717549969,-0.17695024381637287,-0.048324491400361644,0.0,-0.3701424733398415,-0.47247971450894716
15019.0,267,1,252.81,3.445867282509779,0.0,64,0.0,1.7459923938507056,-0.42596643235245885,-0.20665159853238138,-0.06521211280788203,0.0,0.028033515298436028,-0.47247971450894716
15021.0,9,9,1871.77,4.631865652318231,0.0,287,0.13063063063063063,-0.8356012876445498,0.6170446100373889,-0.009094880245490917,-0.06172492530141292,0.0,2.639599558425962,-0.005435170393719973
15022.0,12,4,852.39,6.133357427488907,0.0,96,0.6115702479338843,-0.8055827564643724,-0.03483729145626595,-0.1334866919562746,-0.05731009346628405,0.0,0.4027873869579914,1.7140713743268896
15023.0,3,11,6720.41,15.527692754957865,0.0,347,0.08860759493670886,-0.8956383500049045,0.8777973706348507,0.5825697727135374,-0.029687957028759204,0.0,3.3422630677876284,-0.15568040348534914
15024.0,10,10,1636.43,8.59798854190404,0.0,105,0.0,-0.8255951105844906,0.7474209903361198,-0.03781269790722239,-0.05006334587452169,0.0,0.5081869133622413,-0.47247971450894716
15025.0,33,1,361.96,4.323459995417615,0.0,66,1.0,-0.5954530382031307,-0.42596643235245885,-0.19333235914350574,-0.06263172954418934,0.0,0.051455632277158235,3.102826795614516
15026.0,80,3,469.0,10.498180292486497,0.0,57,0.0,-0.12516271638035156,-0.1652136717549969,-0.1802705965765314,-0.04447621767838682,0.0,-0.053943894127091704,-0.47247971450894716
15027.0,31,4,1066.1499999999999,28.180893208285763,0.0,30,0.0,-0.6154653923232489,-0.03483729145626595,-0.10740221543986553,0.0075162109203254675,0.0,-0.3701424733398415,-0.47247971450894716
15028.0,8,4,627.13,14.666928638960327,0.0,35,0.0,-0.8456074647046089,-0.03483729145626595,-0.16097447816551078,-0.032218859218623365,0.0,-0.311587180893036,-0.47247971450894716
15030.0,72,2,518.28,34.27367502909486,0.0,7,0.0,-0.2052121328608246,-0.29559005205372785,-0.1742571094754431,0.025430799326209265,0.0,-0.639496818595147,-0.47247971450894716
15031.0,4,4,653.19,7.621579515007786,0.0,74,0.17272727272727273,-0.8856321729448454,-0.03483729145626595,-0.1577944563746349,-0.052934278454594454,0.0,0.14514410019204707,0.14507322814874196
15032.0,256,3,4959.1,100.37143658833142,0.0,29,0.0,1.6359244461900553,-0.1652136717549969,0.3676425209680447,0.21977785256218504,0.0,-0.3818535318292026,-0.47247971450894716
15033.0,5,10,2557.18,5.442952243860137,0.0,315,0.25948103792415167,-0.8756259958847863,0.7474209903361198,0.07454359771629786,-0.05934008979009063,0.0,2.967509196128073,0.45524452963486556
15034.0,16,8,4274.16,15.212559150863775,0.0,299,0.015384615384615385,-0.7655580482241359,0.48666822973865786,0.284061395663267,-0.03061454343481217,0.0,2.7801322602982954,-0.41747499896858614
15035.0,90,1,252.73000000000002,9.59699451410199,0.0,26,1.0,-0.025100945779760273,-0.42596643235245885,-0.20666136068676627,-0.04712597156286951,0.0,-0.41698670729728593,3.102826795614516
15036.0,72,3,429.56,3.782887754932075,0.0,107,0.0,-0.2052121328608246,-0.1652136717549969,-0.18508333868827906,-0.06422117250747912,0.0,0.5316090303409635,-0.47247971450894716
15038.0,59,6,685.74,5.40634649397384,0.0,105,0.992,-0.3352924346415933,0.22591546914119598,-0.15382247980928537,-0.05944772156844548,0.0,0.5081869133622413,3.0742243435335284
15039.0,10,47,19766.59,21.232887970691717,0.0,408,0.0,-0.8255951105844906,5.571347061389165,2.174555063875805,-0.012912988373880177,0.0,4.056637635638656,-0.47247971450894716
15041.0,170,1,179.93,2.627282752580061,0.0,66,0.0,0.77539321902497,-0.42596643235245885,-0.21554492117701038,-0.06761899448531708,0.0,0.051455632277158235,-0.47247971450894716
15042.0,199,1,135.93,28.204128775766147,0.0,5,0.0,1.0655723537666848,-0.42596643235245885,-0.22091410608869638,0.0075845303908120935,0.0,-0.6629189355738692,-0.47247971450894716
15043.0,31,1,537.0,0.0,0.0,3,0.0,-0.6154653923232489,-0.42596643235245885,-0.1719727653493803,-0.07534398620873628,0.0,-0.6863410525525914,-0.47247971450894716
15044.0,19,17,7634.7300000000005,11.29602125856134,0.0,233,0.36261261261261263,-0.7355395170439585,1.6600556524272365,0.6941414351783728,-0.042130328240533046,0.0,2.0072024000004625,0.8239715200178042
15045.0,152,2,735.66,49.67810428603879,0.0,11,0.3333333333333333,0.5952820319439057,-0.29559005205372785,-0.147730895473118,0.07072439720676786,0.0,-0.5926525846377025,0.7192891221988739
15046.0,9,15,5090.42,33.56696445764045,0.0,147,0.2537313432835821,-0.8356012876445498,1.3993028918297747,0.38366709739083116,0.023352860318701624,0.0,1.0000513699154077,0.4346876089552152
15047.0,270,1,343.62,3.9965722326000326,0.0,22,0.0,1.776010925030883,-0.42596643235245885,-0.1955703330362403,-0.06359287666844654,0.0,-0.46383094125473034,-0.47247971450894716
15048.0,65,4,381.0,4.76871394776681,0.0,86,0.0,-0.27525537228123853,-0.03483729145626595,-0.19100896639990345,-0.06132255066219066,0.0,0.28567680206438034,-0.47247971450894716
15049.0,274,1,121.17000000000002,39.74928049663289,0.0,3,0.0,1.8160356332711196,-0.42596643235245885,-0.22271522357270743,0.04153070592206441,0.0,-0.6863410525525914,-0.47247971450894716
15050.0,25,3,1737.69,21.382568248335765,0.0,68,0.0,-0.6755024546836037,-0.1652136717549969,-0.02545625099455591,-0.012472883895280047,0.0,0.07487774925588045,-0.47247971450894716
15051.0,23,3,1383.3600000000001,10.660793434434563,0.0,130,0.0,-0.695514808803722,-0.1652136717549969,-0.06869405303450371,-0.0439980867370428,0.0,0.800963375596269,-0.47247971450894716
15052.0,319,1,207.73000000000002,14.535892827446316,0.0,27,0.0,2.2663136009737803,-0.42596643235245885,-0.2121525725282633,-0.032604143428487414,0.0,-0.4052756488079248,-0.47247971450894716
15053.0,5,3,693.95,10.200020167808487,0.0,49,0.0,-0.8756259958847863,-0.1652136717549969,-0.1528206387155367,-0.045352897013007105,0.0,-0.14763236204198055,-0.47247971450894716
15054.0,12,2,302.1,2.596744387869011,0.0,105,1.0,-0.8055827564643724,-0.29559005205372785,-0.20063689116199493,-0.06770878634894803,0.0,0.5081869133622413,3.102826795614516
15057.0,275,2,1489.5,47.139208733282736,0.0,25,0.0,1.8260418103311786,-0.29559005205372785,-0.05574211470435934,0.06325929010613093,0.0,-0.42869776578664703,-0.47247971450894716
15058.0,25,11,2102.54,8.899672055498323,0.0,199,0.34962406015037595,-0.6755024546836037,0.8777973706348507,0.019065274347004085,-0.04917630672986959,0.0,1.609026411362185,0.7775334638424892
15059.0,41,9,1337.72,4.835940584849943,0.0,161,0.5274261603375527,-0.5154036217226576,0.6170446100373889,-0.07426336211107984,-0.06112488437958345,0.0,1.1640061887664632,1.4132304701553267
15060.0,8,4,294.25,2.6563834145613026,0.0,81,0.0,-0.8456074647046089,-0.03483729145626595,-0.20159480256101164,-0.06753342989477944,0.0,0.2271215096175748,-0.47247971450894716
15061.0,4,48,54534.14,233.34063639096883,0.0,70,0.01240694789081886,-0.8856321729448454,5.701723441687896,6.417132447427825,0.6107467983052056,0.0,0.09829986623460266,-0.42812107294413987
15062.0,71,4,987.86,6.46448547303478,0.0,47,0.0,-0.21521830992088373,-0.03483729145626595,-0.11695570377477227,-0.05633647865123536,0.0,-0.17105447902070275,-0.47247971450894716
15063.0,213,1,370.79999999999995,101.46340719688058,0.0,5,0.0,1.2056588326075126,-0.42596643235245885,-0.1922536410839761,0.2229885705197309,0.0,-0.6629189355738692,-0.47247971450894716
15065.0,38,4,3158.13,20.44301955528864,0.0,148,0.0,-0.545422152902835,-0.03483729145626595,0.14787568118624578,-0.015235436144523423,0.0,1.0117624284047688,-0.47247971450894716
15066.0,53,1,893.59,12.046816816583178,0.0,42,0.0,-0.3953294970019481,-0.42596643235245885,-0.12845918244805957,-0.03992276627713076,0.0,-0.22960977146750827,-0.47247971450894716
15067.0,78,3,1744.76,14.778929659449364,0.0,82,0.0,-0.14517507050046982,-0.1652136717549969,-0.024593520600791823,-0.031889542948632,0.0,0.2388325681069359,-0.47247971450894716
15068.0,46,2,553.36,3.987561897698404,0.0,96,0.0,-0.465372736422362,-0.29559005205372785,-0.16997640477767162,-0.06361936972956528,0.0,0.4027873869579914,-0.47247971450894716
15069.0,179,1,1109.53,4.430248933272943,0.0,70,0.0,0.8654488125655023,-0.42596643235245885,-0.10210868722466235,-0.062317738345383275,0.0,0.09829986623460266,-0.47247971450894716
15070.0,373,1,106.2,0.0,0.0,1,0.0,2.8066471622169735,-0.42596643235245885,-0.22454196671197876,-0.07534398620873628,0.0,-0.7097631695313136,-0.47247971450894716
15071.0,94,2,982.07,39.70728165152893,0.0,25,0.0,0.014923762460476244,-0.29559005205372785,-0.11766223969837822,0.0414072168417579,0.0,-0.42869776578664703,-0.47247971450894716
15073.0,10,3,1043.41,12.016752604245552,0.0,31,0.0,-0.8255951105844906,-0.1652136717549969,-0.11017710782376867,-0.04001116399193752,0.0,-0.3584314148504804,-0.47247971450894716
15074.0,105,1,735.67,5.619599825176339,0.0,41,0.0,0.12499171012112667,-0.42596643235245885,-0.14772967520381988,-0.058820693428092825,0.0,-0.24132082995686938,-0.47247971450894716
15075.0,78,1,773.03,21.776542235577526,0.0,27,0.0,-0.14517507050046982,-0.42596643235245885,-0.14317074910607921,-0.011314483343342377,0.0,-0.4052756488079248,-0.47247971450894716
15076.0,173,1,880.85,8.884373583015577,0.0,49,0.0,0.8054117502051474,-0.42596643235245885,-0.13001380553385225,-0.04922128878335968,0.0,-0.14763236204198055,-0.47247971450894716
15078.0,7,32,9743.11,8.568627940279569,0.0,97,0.05454545454545454,-0.855613641764668,3.615701356908201,0.9514205734533852,-0.050149674764825146,0.0,0.4144984454473525,-0.2774629957749401
15079.0,213,4,895.61,17.163195431746008,0.0,46,0.0,1.2056588326075126,-0.03483729145626595,-0.12821268804984123,-0.024879093335115576,0.0,-0.18276553751006386,-0.47247971450894716
15081.0,22,5,504.8,5.580560279246434,0.0,26,0.2727272727272727,-0.7055209858637811,0.09553908884246501,-0.17590203248929598,-0.05893548128977174,0.0,-0.41698670729728593,0.5026038791610882
15083.0,257,1,88.2,9.632523033971939,0.0,5,0.0,1.6459306232501143,-0.42596643235245885,-0.2267384514485776,-0.04702150716075247,0.0,-0.6629189355738692,-0.47247971450894716
15087.0,282,1,306.94,11.71626187744847,0.0,15,0.0,1.8960850497515926,-0.42596643235245885,-0.20004628082170947,-0.04089469598909013,0.0,-0.5458083506802581,-0.47247971450894716
15088.0,21,2,1160.07,13.310464161816736,0.0,53,0.0,-0.7155271629238402,-0.29559005205372785,-0.09594144619201211,-0.036207267717387366,0.0,-0.10078812808453612,-0.47247971450894716
15089.0,10,6,2420.84,10.095612150508089,0.0,139,0.0,-0.8255951105844906,0.22591546914119598,0.05790644610585994,-0.045659887598132415,0.0,0.9063629020005188,-0.47247971450894716
15090.0,308,1,381.32,4.97084400465123,0.0,23,0.0,2.15624565331313,-0.42596643235245885,-0.1909699177823639,-0.060728228252486936,0.0,-0.45211988276536924,-0.47247971450894716
15091.0,68,1,480.71,6.268176044076955,0.0,30,0.0,-0.24523684110106111,-0.42596643235245885,-0.17884166122844408,-0.05691368668582514,0.0,-0.3701424733398415,-0.47247971450894716
15092.0,215,2,457.81,5.274567674591554,0.0,23,0.2692307692307692,1.2256711867276309,-0.29559005205372785,-0.18163607792111702,-0.05983519044215174,0.0,-0.45211988276536924,0.49010280744736984
15093.0,18,6,4597.02,44.3120734692046,0.0,52,0.0,-0.7455456941040176,0.22591546914119598,0.32345901022206125,0.05494667263298569,0.0,-0.11249918657389722,-0.47247971450894716
15095.0,104,4,1370.6,12.900390172587626,0.0,30,0.2127659574468085,0.11498553306106754,-0.03483729145626595,-0.07025111665889268,-0.03741300705765194,0.0,-0.3701424733398415,0.2882237982832791
15096.0,43,1,219.39000000000001,11.028455343914995,0.0,11,0.0,-0.4953912676025394,-0.42596643235245885,-0.21072973852666652,-0.042917051509691,0.0,-0.5926525846377025,-0.47247971450894716
15097.0,4,1,248.08,6.120922261663951,0.0,25,0.0,-0.8856321729448454,-0.42596643235245885,-0.20722878591038763,-0.05734665654765883,0.0,-0.42869776578664703,-0.47247971450894716
15098.0,182,3,39916.5,22226.80778362021,0.0,1,0.0,0.8954673437456797,-0.1652136717549969,4.633386717144692,65.27807334121053,0.0,-0.7097631695313136,-0.47247971450894716
15099.0,84,1,410.48,15.474018528071968,0.0,23,0.0,-0.08513800814011506,-0.42596643235245885,-0.18741161250907382,-0.029845775199661174,0.0,-0.45211988276536924,-0.47247971450894716
15100.0,334,3,876.0,101.15176716202244,0.0,1,0.0,2.4164062568746676,-0.1652136717549969,-0.13060563614343584,0.22207225624499163,0.0,-0.7097631695313136,-0.47247971450894716
15101.0,9,2,317.53,30.378663300556386,0.0,8,0.0,-0.8356012876445498,-0.29559005205372785,-0.1987540156350105,0.01397830783627264,0.0,-0.6277857601057858,-0.47247971450894716
15103.0,31,2,703.36,12.891941440979597,0.0,35,0.0,-0.6154653923232489,-0.29559005205372785,-0.15167236530601477,-0.03743784883826399,0.0,-0.311587180893036,-0.47247971450894716
15104.0,197,2,993.54,6.040792676845597,0.0,66,0.0,1.0455599996465665,-0.29559005205372785,-0.11626259081344555,-0.05758226132941097,0.0,0.051455632277158235,-0.47247971450894716
15105.0,18,7,2298.93,22.573795740606265,0.0,90,0.0,-0.7455456941040176,0.3562918494399269,0.04303014309259533,-0.008970321215468676,0.0,0.33252103602182476,-0.47247971450894716
15106.0,18,5,1422.52,5.194676078020223,0.0,90,0.0,-0.7455456941040176,0.09553908884246501,-0.06391547846310318,-0.060070095467763554,0.0,0.33252103602182476,-0.47247971450894716
15107.0,311,6,319.5,11.627637693587346,0.0,12,0.3125,2.1862641844933073,0.22591546914119598,-0.19851362258328276,-0.041155277415337324,0.0,-0.5809415261483414,0.6448035699046352
15108.0,142,4,1300.25,10.938438256770256,0.0,50,0.31666666666666665,0.4952202613433145,-0.03483729145626595,-0.07883571117109972,-0.04318172848535209,0.0,-0.13592130355261944,0.6597006803634828
15109.0,246,1,484.95,4.014080294222527,0.0,28,0.0,1.535862675589464,-0.42596643235245885,-0.17832426704604523,-0.06354139776653007,0.0,-0.3935645903185637,-0.47247971450894716
15110.0,24,4,996.1,23.20907783858823,0.0,17,0.0,-0.6855086317436628,-0.03483729145626595,-0.11595020187312925,-0.0071024031377026975,0.0,-0.5223862337015359,-0.47247971450894716
15111.0,29,3,1567.48,7.0419156253199375,0.0,70,0.0,-0.6354777464433672,-0.1652136717549969,-0.046226454717693995,-0.054638662478661226,0.0,0.09829986623460266,-0.47247971450894716
15113.0,10,3,3509.43,35.68119709237651,0.0,77,0.7422680412371134,-0.8255951105844906,-0.1652136717549969,0.1907437416288661,0.02956933229480694,0.0,0.18027727566013038,2.1813560455826955
15114.0,30,10,2760.56,5.774068938549051,0.0,136,0.0,-0.6254715693833081,0.7474209903361198,0.09936143470126835,-0.05836650834993316,0.0,0.8712297265324356,-0.47247971450894716
15115.0,18,1,340.11,9.461075293764745,0.0,21,0.0,-0.7455456941040176,-0.42596643235245885,-0.19599864755987711,-0.04752561444528394,0.0,-0.47554199974409145,-0.47247971450894716
15116.0,18,4,1352.75,28.533694613260803,0.0,37,0.0,-0.7455456941040176,-0.03483729145626595,-0.07242929735601983,0.008553551850138386,0.0,-0.2881650639143138,-0.47247971450894716
15117.0,15,5,1551.78,26.094517202716037,0.0,63,0.10126582278481013,-0.775564225284195,0.09553908884246501,-0.048142277515727416,0.0013816457087436592,0.0,0.016322456809074924,-0.11042335905340657
15119.0,246,1,266.4,8.29317871426953,0.0,14,0.0,1.535862675589464,-0.42596643235245885,-0.20499325255624928,-0.05095957731111948,0.0,-0.5575194091696192,-0.47247971450894716
15120.0,134,1,358.82,8.278181160939482,0.0,21,0.0,0.41517084486284145,-0.42596643235245885,-0.19371552370311243,-0.051003674572913014,0.0,-0.47554199974409145,-0.47247971450894716
15121.0,50,2,457.72,4.678321048270184,0.0,28,0.0,-0.42534802818212547,-0.29559005205372785,-0.18164706034480002,-0.06158833263780084,0.0,-0.3935645903185637,-0.47247971450894716
15122.0,114,3,1633.78,11.658118026891694,0.0,65,0.0,0.21504730366165883,-0.1652136717549969,-0.03813606927122167,-0.041065656181280226,0.0,0.03974457378779713,-0.47247971450894716
15123.0,7,2,2199.31,12.723662979411895,0.0,93,0.0,-0.855613641764668,-0.29559005205372785,0.03087382034481897,-0.03793263750216536,0.0,0.36765421148990807,-0.47247971450894716
15124.0,23,2,184.19,4.967788336109031,0.0,14,0.0,-0.695514808803722,-0.29559005205372785,-0.2150250864560153,-0.060737212825683264,0.0,-0.5575194091696192,-0.47247971450894716
15125.0,25,15,11528.48,67.00172455439741,0.0,102,0.0,-0.6755024546836037,1.3993028918297747,1.1692837931301316,0.12166098675401317,0.0,0.473053737894158,-0.47247971450894716
15127.0,66,1,406.53,13.127059695529688,0.0,16,0.0,-0.2652491952211794,-0.42596643235245885,-0.18789361888182746,-0.036746531328323125,0.0,-0.534097292190897,-0.47247971450894716
15128.0,60,4,1471.0,7.153111452762333,0.0,74,0.0,-0.3252862575815342,-0.03483729145626595,-0.05799961290586368,-0.05431171371540851,0.0,0.14514410019204707,-0.47247971450894716
15129.0,50,11,3447.4,59.63266154266533,0.0,54,0.0,-0.42534802818212547,0.8777973706348507,0.18317441117268696,0.09999375252919207,0.0,-0.08907706959517502,-0.47247971450894716
15130.0,170,1,330.11,5.603096720309482,0.0,22,0.0,0.77539321902497,-0.42596643235245885,-0.19721891685798756,-0.05886921745862665,0.0,-0.46383094125473034,-0.47247971450894716
15132.0,18,5,977.9300000000001,15.27316254843015,0.0,49,0.0,-0.7455456941040176,0.09553908884246501,-0.11816743118779595,-0.030436351443808695,0.0,-0.14763236204198055,-0.47247971450894716
15133.0,128,3,982.42,26.746223268216777,0.0,27,0.2413793103448276,0.3551337825024867,-0.1652136717549969,-0.11761953027294436,0.0032978551297324615,0.0,-0.4052756488079248,0.3905253051760268
15134.0,15,8,1387.99,9.559893707257627,0.0,44,0.0,-0.775564225284195,0.48666822973865786,-0.06812906834947857,-0.04723505895573707,0.0,-0.20618765448878607,-0.47247971450894716
15135.0,239,1,139.05,2.1633307652783924,0.0,9,0.0,1.46581943616905,-0.42596643235245885,-0.22053338206768594,-0.06898315114430237,0.0,-0.6160747016164247,-0.47247971450894716
15136.0,3,4,1286.7,7.249032577518256,0.0,61,0.4264705882352941,-0.8956383500049045,-0.03483729145626595,-0.08048917607003939,-0.05402967711538405,0.0,-0.007099660169647285,1.0522833559848828
15139.0,240,2,178.96,5.860519798421665,0.0,13,0.0,1.4758256132291092,-0.29559005205372785,-0.2156632872989271,-0.05811231714179518,0.0,-0.5692304676589803,-0.47247971450894716
15140.0,52,7,2354.25,17.435118865599822,0.0,74,0.2125,-0.4053356740620072,0.3562918494399269,0.04978067284974239,-0.024079557665092396,0.0,0.14514410019204707,0.2872729188922888
15142.0,46,1,498.74,11.391055195263451,0.0,26,0.0,-0.465372736422362,-0.42596643235245885,-0.17664151568395092,-0.04185090023692482,0.0,-0.41698670729728593,-0.47247971450894716
15143.0,226,1,259.45,3.3378716815715603,0.0,14,0.0,1.3357391343882814,-0.42596643235245885,-0.20584133971843602,-0.06552965195458946,0.0,-0.5575194091696192,-0.47247971450894716
15144.0,8,17,6580.44,18.799327434741773,0.0,132,0.0,-0.8456074647046089,1.6600556524272365,0.5654896633478853,-0.02006837923548103,0.0,0.8243854925749912,-0.47247971450894716
15145.0,4,4,1194.73,9.588394014320542,0.0,54,0.0,-0.8856321729448454,-0.03483729145626595,-0.09171199280476126,-0.04715125958699394,0.0,-0.08907706959517502,-0.47247971450894716
15146.0,165,2,1327.16,9.478628834961551,0.0,90,0.0,0.7253623337246744,-0.29559005205372785,-0.07555196648988448,-0.04747400181990935,0.0,0.33252103602182476,-0.47247971450894716
15147.0,240,1,623.5,15.243506293729935,0.0,28,0.0,1.4758256132291092,-0.42596643235245885,-0.16141743592072486,-0.030523549641978193,0.0,-0.3935645903185637,-0.47247971450894716
15148.0,11,1,301.29,4.953336435384262,0.0,20,0.0,-0.8155889335244315,-0.42596643235245885,-0.20073573297514188,-0.0607797057067319,0.0,-0.48725305823345255,-0.47247971450894716
15149.0,134,1,520.8000000000001,14.36526986383721,0.0,23,0.0,0.41517084486284145,-0.42596643235245885,-0.17394960161231926,-0.03310582562482172,0.0,-0.45211988276536924,-0.47247971450894716
15150.0,17,10,5291.33,6.188287519891306,0.0,282,0.15249266862170088,-0.7555518711640767,0.7474209903361198,0.4081835278591683,-0.0571485826777104,0.0,2.581044265979157,0.07272831636031998
15152.0,10,13,4745.69,6.820198093629958,0.0,196,0.2693726937269373,-0.8255951105844906,1.1385501312323127,0.34160075387706934,-0.055290577882726524,0.0,1.5738932358941016,0.49061023102246554
15153.0,31,1,329.25,4.850521483099385,0.0,22,0.0,-0.6154653923232489,-0.42596643235245885,-0.19732386001762506,-0.06108201220749374,0.0,-0.46383094125473034,-0.47247971450894716
15154.0,75,1,254.28,3.9440006142330173,0.0,66,1.0,-0.1751936016806472,-0.42596643235245885,-0.20647221894555914,-0.06374745284277461,0.0,0.051455632277158235,3.102826795614516
15156.0,1,3,961.49,9.8280213078871,0.0,51,0.36363636363636365,-0.9156507041250228,-0.1652136717549969,-0.12017355391388955,-0.04644668416294065,0.0,-0.12421024506325833,0.8276317437177668
15157.0,4,3,1936.07,11.600323876457486,0.0,125,0.0,-0.8856321729448454,-0.1652136717549969,-0.001248548658640687,-0.041235588151232024,0.0,0.7424080831494634,-0.47247971450894716
15158.0,45,1,401.40000000000003,50.22328202281147,0.0,7,0.0,-0.4753789134824211,-0.42596643235245885,-0.1885196170317581,0.07232738169719834,0.0,-0.639496818595147,-0.47247971450894716
15159.0,2,30,18641.010000000002,24.211281228248197,0.0,363,0.04084507042253521,-0.9056445270649637,3.3549485963107393,2.0372039922190885,-0.004155627468923592,0.0,3.529640003617406,-0.3264460683208057
15160.0,357,1,158.16,45.09366252590269,0.0,4,0.0,2.6465483292560275,-0.42596643235245885,-0.21820144743899683,0.05724477662966382,0.0,-0.6746299940632302,-0.47247971450894716
15163.0,18,2,304.47,12.992951755478698,0.0,29,0.0,-0.7455456941040176,-0.29559005205372785,-0.20034768733834277,-0.03714084850865757,0.0,-0.3818535318292026,-0.47247971450894716
15164.0,69,3,824.58,6.145363498984699,0.0,79,0.8514851485148515,-0.23523066404100199,-0.1652136717549969,-0.1368802608743198,-0.05727479204969891,0.0,0.2036993926388526,2.571840680249645
15165.0,373,1,487.75,4.125129713923569,0.0,27,0.0,2.8066471622169735,-0.42596643235245885,-0.17798259164257432,-0.06321487948552716,0.0,-0.4052756488079248,-0.47247971450894716
15167.0,321,1,158.8,2.9839217146098815,0.0,39,1.0,2.286325955093899,-0.42596643235245885,-0.2181233502039178,-0.06657036999782191,0.0,-0.2647429469355916,3.102826795614516
15168.0,26,1,106.56,15.497861788001599,0.0,5,0.0,-0.6654962776235446,-0.42596643235245885,-0.2244980370172468,-0.02977566893285953,0.0,-0.6629189355738692,-0.47247971450894716
15171.0,331,1,1289.5,274.1056821738652,0.0,5,0.0,2.38638772569449,-0.42596643235245885,-0.08014750066656846,0.730608142109343,0.0,-0.6629189355738692,-0.47247971450894716
15172.0,9,5,1624.05,6.194760777671495,0.0,106,0.22727272727272727,-0.8356012876445498,0.09553908884246501,-0.03932339129828315,-0.05712954937696406,0.0,0.5198979718516024,0.340089946882749
15174.0,323,1,135.75,5.956523238509952,0.0,11,0.0,2.306338309214017,-0.42596643235245885,-0.22093607093606238,-0.05783003851024191,0.0,-0.5926525846377025,-0.47247971450894716
15175.0,72,1,224.14,4.598980983539344,0.0,23,0.0,-0.2052121328608246,-0.42596643235245885,-0.21015011061006406,-0.0618216159959698,0.0,-0.45211988276536924,-0.47247971450894716
15178.0,260,1,40.5,5.5677643628300215,0.0,3,0.0,1.6759491544302918,-0.42596643235245885,-0.2325591360005645,-0.05897310508504587,0.0,-0.6863410525525914,-0.47247971450894716
15179.0,18,5,2206.95,18.626698744033572,0.0,91,0.0,-0.7455456941040176,0.09553908884246501,0.03180610608857534,-0.02057595886528523,0.0,0.34423209451118586,-0.47247971450894716
15180.0,367,1,87.5,2.807964862078347,0.0,6,0.0,2.746610099856619,-0.42596643235245885,-0.22682387029944534,-0.06708773541201274,0.0,-0.651207877084508,-0.47247971450894716
15181.0,66,3,689.4799999999999,58.72933934584996,0.0,11,0.0,-0.2652491952211794,-0.1652136717549969,-0.1533660990917921,0.09733771693990238,0.0,-0.5926525846377025,-0.47247971450894716
15182.0,154,2,622.85,6.342069657213314,0.0,24,0.0,0.615294386064024,-0.29559005205372785,-0.16149675342510203,-0.056696417513205116,0.0,-0.44040882427600814,-0.47247971450894716
15184.0,29,2,402.2,6.429030058934081,0.0,59,0.0,-0.6354777464433672,-0.29559005205372785,-0.18842199548790925,-0.05644072810067484,0.0,-0.030521777148369494,-0.47247971450894716
15185.0,70,1,310.62,15.745971639030182,0.0,21,0.0,-0.22522448698094286,-0.42596643235245885,-0.19959722172000482,-0.029046152270135513,0.0,-0.47554199974409145,-0.47247971450894716
15186.0,14,2,411.41,7.389641438175151,0.0,17,0.0,-0.7855704023442541,-0.29559005205372785,-0.18729812746434954,-0.053616245297378455,0.0,-0.5223862337015359,-0.47247971450894716
15187.0,2,16,4777.18,68.37554413959597,0.0,61,0.0989010989010989,-0.9056445270649637,1.5296792721285057,0.3454433818968192,0.12570042442577045,0.0,-0.007099660169647285,-0.11887797174948377
15189.0,1,41,16225.39,72.77715605913512,0.0,80,0.0,-0.9156507041250228,4.78908877959678,1.74243330002893,0.13864247096215943,0.0,0.2154104511282137,-0.47247971450894716
15192.0,120,3,1044.32,14.191527682416162,0.0,36,0.0,0.27508436602201364,-0.1652136717549969,-0.11006606331764064,-0.03361667924808262,0.0,-0.2998761224036749,-0.47247971450894716
15193.0,61,1,499.32,16.647016416029498,0.0,19,0.0,-0.31528008052147505,-0.42596643235245885,-0.17657074006466053,-0.026396812971609555,0.0,-0.49896411672281366,-0.47247971450894716
15194.0,3,15,7616.53,22.989914237687522,0.0,209,0.0,-0.8956383500049045,1.3993028918297747,0.6919205450558116,-0.007746809226605806,0.0,1.726136996255796,-0.47247971450894716
15197.0,11,3,1079.6100000000001,73.29769427057761,0.0,30,0.0,-0.8155889335244315,-0.1652136717549969,-0.10575973296460882,0.14017300792898102,0.0,-0.3701424733398415,-0.47247971450894716
15198.0,92,2,193.64,9.778078884252606,0.0,10,0.5,-0.0050885916596420154,-0.29559005205372785,-0.21387193196930093,-0.04659352972375632,0.0,-0.6043636431270636,1.3151735405527845
15199.0,59,4,1268.7,78.55295943436779,0.0,5,0.0,-0.3352924346415933,-0.03483729145626595,-0.08268566080663821,0.15562504858002446,0.0,-0.6629189355738692,-0.47247971450894716
15201.0,87,5,1236.54,15.307364215721023,0.0,35,0.0,-0.055119476959937665,0.09553908884246501,-0.08661004686936144,-0.030335788382413926,0.0,-0.311587180893036,-0.47247971450894716
15203.0,26,6,1827.8,6.328807560224295,0.0,82,0.0,-0.6654962776235446,0.22591546914119598,-0.014460404349282597,-0.05673541201784104,0.0,0.2388325681069359,-0.47247971450894716
15204.0,357,1,316.58,19.571984513017014,0.0,9,0.0,2.6465483292560275,-0.42596643235245885,-0.19886994121833101,-0.01779653790859834,0.0,-0.6160747016164247,-0.47247971450894716
15205.0,85,2,653.24,13.446665555615064,0.0,37,0.0,-0.07513183108005593,-0.29559005205372785,-0.15778835502814437,-0.0358067951611781,0.0,-0.2881650639143138,-0.47247971450894716
15206.0,10,4,420.29999999999995,21.749999999999996,0.0,3,0.2222222222222222,-0.8255951105844906,-0.03483729145626595,-0.18621330805832934,-0.011392525400275955,0.0,-0.6863410525525914,0.32203284329626686
15208.0,1,5,870.12,12.033849674110696,0.0,25,0.0,-0.9156507041250228,0.09553908884246501,-0.13132315449072476,-0.039960893527872215,0.0,-0.42869776578664703,-0.47247971450894716
15210.0,225,1,331.18,10.677938841121765,0.0,20,0.0,1.3257329573282222,-0.42596643235245885,-0.19708834804308972,-0.04394767414836226,0.0,-0.48725305823345255,-0.47247971450894716
15211.0,60,2,894.4100000000001,5.660942030101966,0.0,52,0.0,-0.3252862575815342,-0.29559005205372785,-0.12835912036561448,-0.05869913506496471,0.0,-0.11249918657389722,-0.47247971450894716
15212.0,241,1,101.8,11.249133299948044,0.0,5,0.0,1.4858317902891682,-0.42596643235245885,-0.2250788852031474,-0.04226819276686164,0.0,-0.6629189355738692,-0.47247971450894716
15213.0,319,2,328.35,4.269070067254745,0.0,22,0.0,2.2663136009737803,-0.29559005205372785,-0.19743368425445498,-0.06279165208944373,0.0,-0.46383094125473034,-0.47247971450894716
15214.0,2,8,1661.44,6.26980329791098,0.0,109,0.16363636363636364,-0.9056445270649637,0.48666822973865786,-0.03476080439264814,-0.056908902076179525,0.0,0.5550311473196857,0.1125704416930741
15215.0,47,3,734.94,9.584010116645663,0.0,33,0.45714285714285713,-0.45536655936230286,-0.1652136717549969,-0.14781875486258192,-0.04716414954838903,0.0,-0.3350092978717582,1.1619461186903504
15216.0,88,1,96.6,21.637467504308354,0.0,2,0.0,-0.045113299899878535,-0.42596643235245885,-0.22571342523816482,-0.01172340436523698,0.0,-0.6980521110419524,-0.47247971450894716
15218.0,11,11,5756.89,37.417204137280144,0.0,77,0.0,-0.8155889335244315,0.8777973706348507,0.46499438530199877,0.03467370868539848,0.0,0.18027727566013038,-0.47247971450894716
15219.0,176,1,305.75,30.5430138402294,0.0,9,0.0,0.8354302813853249,-0.42596643235245885,-0.20019149286818463,0.014461547243019674,0.0,-0.6160747016164247,-0.47247971450894716
15220.0,52,6,1778.96,7.583805522555896,0.0,110,0.0,-0.4053356740620072,0.22591546914119598,-0.020420199601254057,-0.053045345213117046,0.0,0.5667422058090468,-0.47247971450894716
15221.0,366,1,403.25,18.739330297531982,0.0,5,0.0,2.7366039227965597,-0.42596643235245885,-0.18829386721160768,-0.02024478864094732,0.0,-0.6629189355738692,-0.47247971450894716
15222.0,319,1,585.0,48.42003717470692,0.0,5,0.0,2.2663136009737803,-0.42596643235245885,-0.16611547271845012,0.06702530619229646,0.0,-0.6629189355738692,-0.47247971450894716
15223.0,226,2,755.75,41.418899433267875,0.0,14,0.0,1.3357391343882814,-0.29559005205372785,-0.14527937445321407,0.046439881553847186,0.0,-0.5575194091696192,-0.47247971450894716
15224.0,358,2,322.08,18.081554440617403,0.0,13,0.14285714285714285,2.6565545063160867,-0.29559005205372785,-0.19819879310437025,-0.022178845051716245,0.0,-0.5692304676589803,0.038278358365833286
15225.0,234,1,409.40000000000003,5.382125298362418,0.0,23,0.0,1.4157885508687544,-0.42596643235245885,-0.18754340159326974,-0.05951893907841688,0.0,-0.45211988276536924,-0.47247971450894716
15226.0,311,1,154.41,8.568197739314844,0.0,8,0.0,2.1862641844933073,-0.42596643235245885,-0.21865904842578826,-0.050150939683452064,0.0,-0.6277857601057858,-0.47247971450894716
15227.0,37,5,1219.4,8.220471458388813,0.0,43,0.22413793103448276,-0.5554283299628942,0.09553908884246501,-0.08870158844632275,-0.05117335824100207,0.0,-0.21789871297814717,0.3288820894842429
15228.0,66,4,3386.71,17.326986481842,0.0,110,0.0,-0.2652491952211794,-0.03483729145626595,0.17576859680245457,-0.02439749899392062,0.0,0.5667422058090468,-0.47247971450894716
15230.0,239,2,429.6,14.000193392227228,0.0,23,0.0,1.46581943616905,-0.29559005205372785,-0.1850784576110866,-0.03417925889683352,0.0,-0.45211988276536924,-0.47247971450894716
15232.0,113,2,612.06,10.872788565165596,0.0,26,0.0,0.2050411266015997,-0.29559005205372785,-0.16281342399776325,-0.04337475807982302,0.0,-0.41698670729728593,-0.47247971450894716
15234.0,277,1,197.0,5.162520042267457,0.0,14,0.0,1.8460541644512969,-0.42596643235245885,-0.21346192148513585,-0.06016464376478418,0.0,-0.5575194091696192,-0.47247971450894716
15235.0,218,12,2247.51,5.708313731863454,0.0,132,0.027972027972027972,1.2556897179078084,1.0081737509335817,0.036755518361711405,-0.05855984819008517,0.0,0.8243854925749912,-0.3724711407991999
15236.0,299,1,321.05,20.52779010674716,0.0,15,0.0,2.0661900597725977,-0.42596643235245885,-0.19832448084207563,-0.014986185542256237,0.0,-0.5458083506802581,-0.47247971450894716
15237.0,2,4,1412.32,4.7588555497160545,0.0,94,0.0,-0.9056445270649637,-0.03483729145626595,-0.06516015314717584,-0.06135153728088386,0.0,0.37936526997926917,-0.47247971450894716
15238.0,29,3,1071.99,25.11740379554725,0.0,49,0.0,-0.6354777464433672,-0.1652136717549969,-0.106689578169769,-0.0014913579585655737,0.0,-0.14763236204198055,-0.47247971450894716
15239.0,10,2,780.59,6.087407753984064,0.0,48,0.0,-0.8255951105844906,-0.29559005205372785,-0.1422482255167077,-0.05744519915567746,0.0,-0.15934342053134165,-0.47247971450894716
15240.0,45,5,1706.57,12.289251896318268,0.0,58,0.0,-0.4753789134824211,0.09553908884246501,-0.029253729050275665,-0.03920993512769285,0.0,-0.0422328356377306,-0.47247971450894716
15241.0,67,8,1756.44,11.18997593091448,0.0,82,0.0,-0.25524301816112027,0.48666822973865786,-0.023168246060598804,-0.042442133004437804,0.0,0.2388325681069359,-0.47247971450894716
15243.0,74,1,316.68,4.120192699229962,0.0,22,0.0,-0.18519977874070634,-0.42596643235245885,-0.19885773852534988,-0.06322939577525999,0.0,-0.46383094125473034,-0.47247971450894716
15244.0,65,2,631.57,11.478752226343978,0.0,31,0.0,-0.27525537228123853,-0.29559005205372785,-0.16043267859714974,-0.041593044915262084,0.0,-0.3584314148504804,-0.47247971450894716
15245.0,134,3,2515.84,32.976108206338715,0.0,55,0.1797752808988764,0.41517084486284145,-0.1652136717549969,0.06949900443790927,0.02161556742681395,0.0,-0.07736601110581391,0.17027201764807992
15246.0,238,2,514.15,3.3877061605610117,0.0,32,0.0,1.455813259108991,-0.29559005205372785,-0.17476108069556273,-0.06538312378309502,0.0,-0.3467203563611193,-0.47247971450894716
15247.0,122,1,356.0,30.093897498773174,0.0,6,0.0,0.2950967201421319,-0.42596643235245885,-0.19405963964517958,0.013141011789728783,0.0,-0.651207877084508,-0.47247971450894716
15249.0,32,13,6688.46,9.363324966493591,0.0,211,0.0,-0.6054592152631898,1.1385501312323127,0.5786710123060745,-0.047813029444065326,0.0,1.7495591132345183,-0.47247971450894716
15251.0,9,11,10484.99,44.360848960629475,0.0,97,0.05405405405405406,-0.8356012876445498,0.8777973706348507,1.0419499121416038,0.05509008706646943,0.0,0.4144984454473525,-0.2792199031509221
15252.0,36,2,740.78,6.5286047934978315,0.0,44,0.0,-0.5654345070229533,-0.29559005205372785,-0.14710611759248543,-0.05614794880251546,0.0,-0.20618765448878607,-0.47247971450894716
15253.0,16,5,918.1999999999999,6.261035662067707,0.0,52,0.0,-0.7655580482241359,0.09553908884246501,-0.12545609970540972,-0.056934681529973274,0.0,-0.11249918657389722,-0.47247971450894716
15254.0,127,1,300.36,5.475078296512404,0.0,18,0.0,0.34512760544242754,-0.42596643235245885,-0.20084921801986616,-0.05924562965229192,0.0,-0.5106751752121748,-0.47247971450894716
15255.0,67,1,890.85,13.267133589156533,0.0,47,0.0,-0.25524301816112027,-0.42596643235245885,-0.1287935362357418,-0.03633467247229712,0.0,-0.17105447902070275,-0.47247971450894716
15256.0,149,1,98.45,7.625379771963275,0.0,6,0.0,0.5652635007637283,-0.42596643235245885,-0.22548767541801437,-0.05292310457028407,0.0,-0.651207877084508,-0.47247971450894716
15257.0,283,1,317.15,53.641047937279566,0.0,7,0.0,1.9060912268116517,-0.42596643235245885,-0.19880038586833873,0.08237662872853618,0.0,-0.639496818595147,-0.47247971450894716
15258.0,169,2,623.16,5.974221121080559,0.0,32,0.0,0.7653870419649109,-0.29559005205372785,-0.1614589250768606,-0.05777800147835194,0.0,-0.3467203563611193,-0.47247971450894716
15260.0,100,7,1810.77,11.627419699078121,0.0,62,0.0,0.07496082482083102,0.3562918494399269,-0.0165385229639647,-0.04115591838394942,0.0,0.00461139831971382,-0.47247971450894716
15261.0,135,1,254.82,6.913270060107345,0.0,19,0.0,0.4251770219229006,-0.42596643235245885,-0.20640632440346118,-0.05501691865437963,0.0,-0.49896411672281366,-0.47247971450894716
15262.0,324,1,178.95000000000002,3.8609476384259174,0.0,10,0.0,2.316344486274076,-0.42596643235245885,-0.2156645075682252,-0.06399165326242306,0.0,-0.6043636431270636,-0.47247971450894716
15263.0,107,1,156.51,4.250249457919554,0.0,12,0.0,0.14500406424124493,-0.42596643235245885,-0.21840279187318506,-0.06284699027152606,0.0,-0.5809415261483414,-0.47247971450894716
15264.0,64,1,393.74,6.166293208789127,0.0,23,0.0,-0.28526154934129766,-0.42596643235245885,-0.1894543433141107,-0.057213252485731544,0.0,-0.45211988276536924,-0.47247971450894716
15265.0,151,2,1506.1200000000001,7.424515788140455,0.0,76,0.0,0.5852758548838466,-0.29559005205372785,-0.05371402713089974,-0.053513704349101375,0.0,0.16856621717076928,-0.47247971450894716
15266.0,338,1,119.3,9.815531909512934,0.0,6,0.0,2.456430965114904,-0.42596643235245885,-0.2229434139314541,-0.04648340670411981,0.0,-0.651207877084508,-0.47247971450894716
15267.0,22,5,1717.36,83.16646526968995,0.0,8,0.0,-0.7055209858637811,0.09553908884246501,-0.027937058477614487,0.16919012617162024,0.0,-0.6277857601057858,-0.47247971450894716
15269.0,24,1,408.8,121.05668093913692,0.0,2,0.0,-0.6855086317436628,-0.42596643235245885,-0.18761661775115637,0.2805986154777696,0.0,-0.6980521110419524,-0.47247971450894716
15270.0,16,7,2379.49,57.74839823562631,0.0,22,0.17073170731707318,-0.7655580482241359,0.3562918494399269,0.05286063255817316,0.09445345868859778,0.0,-0.46383094125473034,0.13793847014627833
15271.0,7,15,2493.34,7.727965395067914,0.0,184,0.10227272727272728,-0.855613641764668,1.3993028918297747,0.06675339851716075,-0.05262147236543406,0.0,1.4333605340217686,-0.10682336688268383
15272.0,57,2,721.94,8.750309095557316,0.0,63,0.0,-0.35530478876171157,-0.29559005205372785,-0.14940510495012552,-0.049615478200163966,0.0,0.016322456809074924,-0.47247971450894716
15274.0,4,2,716.57,6.934590221174945,0.0,44,0.0,-0.8856321729448454,-0.29559005205372785,-0.15006038956321086,-0.05495423104771551,0.0,-0.20618765448878607,-0.47247971450894716
15275.0,38,1,615.14,5.163671954024625,0.0,41,0.0,-0.545422152902835,-0.42596643235245885,-0.1624375810539452,-0.06016125680204425,0.0,-0.24132082995686938,-0.47247971450894716
15276.0,66,1,128.63,2.178736371585775,0.0,49,0.0,-0.2652491952211794,-0.42596643235245885,-0.22180490267631703,-0.06893785408554387,0.0,-0.14763236204198055,-0.47247971450894716
15277.0,47,1,255.89999999999998,13.82971800146337,0.0,12,0.0,-0.45536655936230286,-0.42596643235245885,-0.20627453531926526,-0.034680507185166486,0.0,-0.5809415261483414,-0.47247971450894716
15279.0,355,1,290.51,5.637105246095335,0.0,19,0.0,2.6265359751359094,-0.42596643235245885,-0.20205118327850496,-0.058769222290629065,0.0,-0.49896411672281366,-0.47247971450894716
15280.0,172,1,113.12,6.544141400265329,0.0,16,0.0,0.7954055731450883,-0.42596643235245885,-0.22369754035768633,-0.056102266563490724,0.0,-0.534097292190897,-0.47247971450894716
15281.0,59,9,2332.15,6.092649988364793,0.0,121,0.23741007194244604,-0.3352924346415933,0.6170446100373889,0.04708387770091829,-0.05742978542939938,0.0,0.695563849192019,0.3763340612757599
15286.0,50,1,240.55,30.139522778792188,0.0,3,0.0,-0.42534802818212547,-0.42596643235245885,-0.2081476486918648,0.013275163665913196,0.0,-0.6863410525525914,-0.47247971450894716
15287.0,22,2,486.69,24.125734343882243,0.0,17,0.0,-0.7055209858637811,-0.29559005205372785,-0.17811194018817403,-0.004407160720547278,0.0,-0.5223862337015359,-0.47247971450894716
15288.0,43,5,2306.52,24.978083952776142,0.0,80,0.3522727272727273,-0.4953912676025394,0.09553908884246501,0.043956327489861176,-0.0019009996810859138,0.0,0.2154104511282137,0.787003260648182
15289.0,29,3,939.78,16.027314208124604,0.0,43,0.0,-0.6354777464433672,-0.1652136717549969,-0.12282275856008736,-0.0282189215445634,0.0,-0.21789871297814717,-0.47247971450894716
15290.0,5,18,7943.22,25.1008076696333,0.0,93,0.004901960784313725,-0.8756259958847863,1.7904320327259675,0.7317855227557822,-0.001540155498609629,0.0,0.36765421148990807,-0.45495370220442033
15291.0,26,15,4668.3,48.592846047911,0.0,62,0.17475728155339806,-0.6654962776235446,1.3993028918297747,0.33215708977899255,0.06753341561216152,0.0,0.00461139831971382,0.15233113192039596
15292.0,201,1,178.39,4.804006913768571,0.0,24,1.0,1.085584707886803,-0.42596643235245885,-0.21573284264891937,-0.06121877885841705,0.0,-0.44040882427600814,3.102826795614516
15296.0,51,6,3672.86,14.009270728054574,0.0,137,0.0,-0.41534185112206634,0.22591546914119598,0.2106866027678853,-0.03415256883309064,0.0,0.8829407850217966,-0.47247971450894716
15297.0,10,3,641.94,4.593172851320235,0.0,30,0.0,-0.8255951105844906,-0.1652136717549969,-0.15916725933500916,-0.06183869362999191,0.0,-0.3701424733398415,-0.47247971450894716
15298.0,2,12,4799.9,71.13764268695694,0.0,115,0.3072916666666667,-0.9056445270649637,1.0081737509335817,0.3482158337421261,0.13382181463269735,0.0,0.6252974982558523,0.6261821818310754
15299.0,67,6,3503.81,170.86088966368715,0.0,6,0.0,-0.25524301816112027,0.22591546914119598,0.19005795028332803,0.42703778340165244,0.0,-0.651207877084508,-0.47247971450894716
15300.0,64,1,496.44,5.107254825427436,0.0,28,0.0,-0.28526154934129766,-0.42596643235245885,-0.17692217762251633,-0.06032713991875271,0.0,-0.3935645903185637,-0.47247971450894716
15301.0,51,12,5049.95,40.44857671082912,0.0,167,0.13636363636363635,-0.41534185112206634,1.0081737509335817,0.3787286675413781,0.04358684451680809,0.0,1.2342725397026297,0.015062082326070533
15303.0,290,1,574.02,6.96828691865118,0.0,31,0.0,1.9761344662320657,-0.42596643235245885,-0.1674553284077754,-0.05485515274757638,0.0,-0.3584314148504804,-0.47247971450894716
15304.0,61,8,694.4000000000001,18.01730640355338,0.0,8,0.0,-0.31528008052147505,0.48666822973865786,-0.15276572659712173,-0.0223677533654781,0.0,-0.6277857601057858,-0.47247971450894716
15306.0,64,3,1174.35,12.821127514304344,0.0,57,0.0,-0.28526154934129766,-0.1652136717549969,-0.09419890163431038,-0.037646062817871605,0.0,-0.053943894127091704,-0.47247971450894716
15307.0,96,1,205.3,2.770611462978502,0.0,12,0.0,0.034936116580594506,-0.42596643235245885,-0.21244909796770417,-0.06719756550114361,0.0,-0.5809415261483414,-0.47247971450894716
15308.0,274,1,310.47,3.363989816479848,0.0,19,0.0,1.8160356332711196,-0.42596643235245885,-0.19961552575947647,-0.06545285687960199,0.0,-0.49896411672281366,-0.47247971450894716
15311.0,1,91,60632.75,46.60632422305558,0.0,567,0.040997464074387154,-0.9156507041250228,11.307907794533326,7.161327101842766,0.06169245135343082,0.0,5.918695935447071,-0.325901214305238
15312.0,75,4,924.85,12.88398183333053,0.0,42,0.6595744680851063,-0.1751936016806472,-0.03483729145626595,-0.12464462062216626,-0.03746125244914307,0.0,-0.22960977146750827,1.885701175146954
15313.0,110,1,52.0,0.0,0.0,1,1.0,0.17502259542142232,-0.42596643235245885,-0.23115582630773746,-0.07534398620873628,0.0,-0.7097631695313136,3.102826795614516
15314.0,199,1,327.97,5.152592407176485,0.0,24,0.0,1.0655723537666848,-0.42596643235245885,-0.1974800544877832,-0.06019383396094238,0.0,-0.44040882427600814,-0.47247971450894716
15315.0,64,2,570.5,6.05738474177676,0.0,35,0.0,-0.28526154934129766,-0.29559005205372785,-0.16788486320071028,-0.05753347572986262,0.0,-0.311587180893036,-0.47247971450894716
15316.0,327,1,165.0,0.0,0.0,1,0.0,2.3463630174542534,-0.42596643235245885,-0.21736678323908928,-0.07534398620873628,0.0,-0.7097631695313136,-0.47247971450894716
15318.0,4,1,312.62,7.662399537133696,0.0,33,0.0,-0.8856321729448454,-0.42596643235245885,-0.19935316786038274,-0.052814255464011216,0.0,-0.3350092978717582,-0.47247971450894716
15319.0,284,1,204.5,6.010126870541088,0.0,16,0.0,1.916097403871711,-0.42596643235245885,-0.212546719511553,-0.057672427909183054,0.0,-0.534097292190897,-0.47247971450894716
15320.0,44,1,267.13,11.075888996531702,0.0,36,0.0,-0.48538509054248025,-0.42596643235245885,-0.20490417289748722,-0.04277758248089471,0.0,-0.2998761224036749,-0.47247971450894716
15321.0,71,3,2748.31,16.4481966233765,0.0,83,0.0,-0.21521830992088373,-0.1652136717549969,0.09786660481108303,-0.026981402221163322,0.0,0.25054362659629703,-0.47247971450894716
15322.0,86,1,679.68,6.726207312324113,0.0,42,0.0,-0.06512565401999679,-0.42596643235245885,-0.15456196300394032,-0.0555669386996018,0.0,-0.22960977146750827,-0.47247971450894716
15325.0,104,1,161.74,3.8000610064158526,0.0,47,1.0,0.11498553306106754,-0.42596643235245885,-0.2177645910302733,-0.0641706780468254,0.0,-0.17105447902070275,3.102826795614516
15326.0,334,1,311.71,5.133581821230761,0.0,29,0.0,2.4164062568746676,-0.42596643235245885,-0.1994642123665108,-0.060249730730691974,0.0,-0.3818535318292026,-0.47247971450894716
15327.0,53,1,208.75,9.357327788067133,0.0,10,0.0,-0.3953294970019481,-0.42596643235245885,-0.21202810505985606,-0.04783066293009297,0.0,-0.6043636431270636,-0.47247971450894716
15329.0,39,3,1049.7,9.536328087029025,0.0,51,0.0,-0.5354159758427759,-0.1652136717549969,-0.10940955843525721,-0.04730434887934518,0.0,-0.12421024506325833,-0.47247971450894716
15330.0,32,2,714.96,65.47506489555336,0.0,10,0.0,-0.6054592152631898,-0.29559005205372785,-0.15025685292020663,0.11717215386479833,0.0,-0.6043636431270636,-0.47247971450894716
15332.0,366,4,1661.06,23.82426491322371,0.0,29,0.9714285714285714,2.7366039227965597,-0.03483729145626595,-0.03480717462597635,-0.00529357039777523,0.0,-0.3818535318292026,3.00067518103956
15333.0,208,1,1028.56,67.12463065075293,0.0,16,1.0,1.155627947307217,-0.42596643235245885,-0.11198920773146272,0.12202236718639023,0.0,-0.534097292190897,3.102826795614516
15334.0,157,3,350.82,3.449885693487176,0.0,67,0.29591836734693877,0.6453129172442014,-0.1652136717549969,-0.1946917391416008,-0.06520029748594487,0.0,0.06316669076651935,0.5855191507316695
15335.0,54,1,170.22,3.6952950553668225,0.0,34,0.0,-0.38532331994188895,-0.42596643235245885,-0.21672980266547565,-0.06447872106349542,0.0,-0.3232982393823971,-0.47247971450894716
15339.0,66,2,574.07,4.286818847074527,0.0,77,0.0,-0.2652491952211794,-0.29559005205372785,-0.16744922706128487,-0.06273946540452222,0.0,0.18027727566013038,-0.47247971450894716
15341.0,81,1,2020.52,41.78886201172861,0.0,17,0.0,-0.11515653932029245,-0.42596643235245885,0.009056625563902123,0.04752768143141173,0.0,-0.5223862337015359,-0.47247971450894716
15342.0,130,1,406.09,6.496440817640182,0.0,24,0.0,0.37514613662260493,-0.42596643235245885,-0.1879473107309443,-0.05624252044580304,0.0,-0.44040882427600814,-0.47247971450894716
15343.0,87,1,364.5,6.026323209766585,0.0,21,0.0,-0.055119476959937665,-0.42596643235245885,-0.1930224107417857,-0.057624805860759146,0.0,-0.47554199974409145,-0.47247971450894716
15344.0,1,3,563.94,9.346134174085023,0.0,21,0.0,-0.9156507041250228,-0.1652136717549969,-0.16868535986027075,-0.04786357548024846,0.0,-0.47554199974409145,-0.47247971450894716
15345.0,46,1,393.54,6.042744322521715,0.0,20,0.0,-0.465372736422362,-0.42596643235245885,-0.18947874870007292,-0.05757652291138945,0.0,-0.48725305823345255,-0.47247971450894716
15346.0,333,1,252.42000000000002,3.6151283436658894,0.0,17,0.0,2.4064000798146084,-0.42596643235245885,-0.20669918903500767,-0.06471443500931083,0.0,-0.5223862337015359,-0.47247971450894716
15347.0,366,1,201.60000000000002,44.64893055830116,0.0,5,0.0,2.7366039227965597,-0.42596643235245885,-0.212900597608005,0.05593713253787814,0.0,-0.6629189355738692,-0.47247971450894716
15348.0,72,1,158.04,9.865211604420859,0.0,9,0.0,-0.2052121328608246,-0.42596643235245885,-0.21821609067057418,-0.04633733364380347,0.0,-0.6160747016164247,-0.47247971450894716
15349.0,158,2,463.90999999999997,6.285024031974338,0.0,65,0.8309859154929577,0.6553190943042605,-0.29559005205372785,-0.18089171364926962,-0.05686414859673452,0.0,0.03974457378779713,2.498549638973931
15350.0,373,1,115.65,4.628660713424566,0.0,5,0.0,2.8066471622169735,-0.42596643235245885,-0.22338881222526438,-0.06173434877378312,0.0,-0.6629189355738692,-0.47247971450894716
15351.0,12,7,1934.66,9.369251848345707,0.0,157,0.730593607305936,-0.8055827564643724,0.3562918494399269,-0.0014206066296742438,-0.04779560265084778,0.0,1.1171619548090188,2.139616365946551
15353.0,255,2,770.12,13.904463027262242,0.0,59,0.0,1.625918269129996,-0.29559005205372785,-0.14352584747182934,-0.03446073460640768,0.0,-0.030521777148369494,-0.47247971450894716
15355.0,29,2,277.05,11.133338337061017,0.0,9,0.0,-0.6354777464433672,-0.29559005205372785,-0.20369366575376163,-0.042608664354488616,0.0,-0.6160747016164247,-0.47247971450894716
15356.0,31,10,2718.03,3.8017036367986305,0.0,215,0.0,-0.6154653923232489,0.7474209903361198,0.0941716293764046,-0.06416584822555886,0.0,1.7964033471919627,-0.47247971450894716
15358.0,5,22,8347.2,8.45789225113405,0.0,292,0.0,-0.8756259958847863,2.3119375539208913,0.7810819618608484,-0.05047527058480159,0.0,2.6981548508727675,-0.47247971450894716
15360.0,40,1,427.93,13.086159453054561,0.0,13,0.0,-0.5254097987827168,-0.42596643235245885,-0.18528224258387105,-0.036866790190562417,0.0,-0.5692304676589803,-0.47247971450894716
15361.0,362,1,418.92,66.37944432255688,0.0,7,0.0,2.696579214556323,-0.42596643235245885,-0.18638170522146857,0.11983129802488997,0.0,-0.639496818595147,-0.47247971450894716
15363.0,373,1,326.0,8.478502226218966,0.0,16,0.0,2.8066471622169735,-0.42596643235245885,-0.19772044753951096,-0.05041467113588636,0.0,-0.534097292190897,-0.47247971450894716
15364.0,96,2,913.19,44.028621854022774,0.0,29,0.0,0.034936116580594506,-0.29559005205372785,-0.12606745462376304,0.054113240685427284,0.0,-0.3818535318292026,-0.47247971450894716
15365.0,26,7,2314.32,16.375742062138773,0.0,65,0.30701754385964913,-0.6654962776235446,0.3562918494399269,0.04490813754238736,-0.027194440153732916,0.0,0.03974457378779713,0.6252021087745723
15366.0,75,2,602.51,4.91629655622529,0.0,37,0.8181818181818182,-0.1751936016806472,-0.29559005205372785,-0.1639787811774587,-0.06088861395410593,0.0,-0.2881650639143138,2.452771066501159
15367.0,57,4,1877.59,10.384301213414865,0.0,91,0.0,-0.35530478876171157,-0.03483729145626595,-0.008384683513990639,-0.0448110559984858,0.0,0.34423209451118586,-0.47247971450894716
15368.0,21,1,446.94000000000005,115.09287076096416,0.0,4,0.0,-0.7155271629238402,-0.42596643235245885,-0.18296251064816307,0.26306324201209086,0.0,-0.6746299940632302,-0.47247971450894716
15370.0,41,7,2386.05,29.20899344886065,0.0,65,0.02127659574468085,-0.5154036217226576,0.3562918494399269,0.053661129217733666,0.010539131023419421,0.0,0.03974457378779713,-0.39640936322972453
15372.0,137,1,2007.3999999999999,39.46832313456111,0.0,27,0.0,0.44518937604301884,-0.42596643235245885,0.00745563224478119,0.040704607819564094,0.0,-0.4052756488079248,-0.47247971450894716
15373.0,8,12,2415.91,17.879963704552207,0.0,74,0.12878787878787878,-0.8456074647046089,1.0081737509335817,0.05730485334189145,-0.022771581698006912,0.0,0.14514410019204707,-0.01202357305365265
15374.0,129,1,168.0,33.580351397804044,0.0,3,0.0,0.3651399595625458,-0.42596643235245885,-0.21700070244965616,0.023392221899355286,0.0,-0.6863410525525914,-0.47247971450894716
15376.0,40,3,1221.56,6.152029672023476,0.0,100,1.0,-0.5254097987827168,-0.1652136717549969,-0.08843801027793091,-0.05725519152078712,0.0,0.4496316209154358,3.102826795614516
15379.0,169,7,3703.29,10.832346099809913,0.0,145,0.05154639175257732,0.7653870419649109,0.3562918494399269,0.2143998822420354,-0.04349367094134907,0.0,0.9766292529366855,-0.2881855645025831
15380.0,9,5,1690.2600000000002,54.859954142994226,0.0,22,0.0,-0.8356012876445498,0.09553908884246501,-0.031243988275493784,0.08596057504779826,0.0,-0.46383094125473034,-0.47247971450894716
15381.0,214,2,596.85,98.96918148559466,0.0,8,0.0,1.2156650096675718,-0.29559005205372785,-0.16466945360018923,0.21565480602213288,0.0,-0.6277857601057858,-0.47247971450894716
15382.0,15,6,5955.71,11.350132268845883,0.0,193,0.0,-0.775564225284195,0.22591546914119598,0.4892557794870308,-0.04197122579669313,0.0,1.5387600604260183,-0.47247971450894716
15384.0,170,2,642.41,7.9379822880174045,0.0,34,0.0,0.77539321902497,-0.29559005205372785,-0.159109906677998,-0.05200396031492491,0.0,-0.3232982393823971,-0.47247971450894716
15385.0,40,1,316.88,41.988963340671354,0.0,12,1.0,-0.5254097987827168,-0.42596643235245885,-0.1988333331393877,0.048116038778335986,0.0,-0.5809415261483414,3.102826795614516
15386.0,186,1,394.14,4.167736215416028,0.0,31,0.0,0.9354920519859162,-0.42596643235245885,-0.18940553254218628,-0.06308960371493495,0.0,-0.3584314148504804,-0.47247971450894716
15388.0,270,1,140.54,4.6193029777229375,0.0,10,0.0,1.776010925030883,-0.42596643235245885,-0.2203515619422675,-0.0617618632964488,0.0,-0.6043636431270636,-0.47247971450894716
15389.0,172,1,500.0,0.0,0.0,1,0.0,0.7954055731450883,-0.42596643235245885,-0.176487761752389,-0.07534398620873628,0.0,-0.7097631695313136,-0.47247971450894716
15392.0,5,4,1535.53,14.234174428901872,0.0,74,0.0,-0.8756259958847863,-0.03483729145626595,-0.050125215125156906,-0.03349128514525553,0.0,0.14514410019204707,-0.47247971450894716
15393.0,16,2,231.86,9.989639936484503,0.0,10,0.0,-0.7655580482241359,-0.29559005205372785,-0.2092080627119228,-0.045971477386266446,0.0,-0.6043636431270636,-0.47247971450894716
15394.0,10,4,2183.54,11.708388200674895,0.0,54,0.0,-0.8255951105844906,-0.03483729145626595,0.02894945566169878,-0.040917846937669616,0.0,-0.08907706959517502,-0.47247971450894716
15395.0,326,1,107.45,1.664331697709324,0.0,7,0.0,2.3363568403941946,-0.42596643235245885,-0.22438943304971498,-0.0704503566299622,0.0,-0.639496818595147,-0.47247971450894716
15396.0,113,1,288.18,18.00366147131262,0.0,14,0.0,0.2050411266015997,-0.42596643235245885,-0.2023355060249647,-0.022407873519474843,0.0,-0.5575194091696192,-0.47247971450894716
15397.0,290,1,94.0,1.5727894540168648,0.0,6,0.0,1.9761344662320657,-0.42596643235245885,-0.22603069525567354,-0.0707195180189193,0.0,-0.651207877084508,-0.47247971450894716
15398.0,16,2,1345.53,6.5296785392915035,0.0,60,0.0,-0.7655580482241359,-0.29559005205372785,-0.07331033178925558,-0.05614479167092731,0.0,-0.01881071865900839,-0.47247971450894716
15399.0,1,3,815.77,7.5165111343397255,0.0,45,0.0,-0.9156507041250228,-0.1652136717549969,-0.13795531812595513,-0.05324321070418075,0.0,-0.19447659599942496,-0.47247971450894716
15400.0,92,5,716.2,31.07869288620665,0.0,10,0.4166666666666667,-0.0050885916596420154,0.09553908884246501,-0.15010553952724093,0.01603660276093818,0.0,-0.6043636431270636,1.0172313313758294
15402.0,149,2,626.77,12.210425471122226,0.0,35,0.0,0.5652635007637283,-0.29559005205372785,-0.16101840786024274,-0.03944170823305357,0.0,-0.311587180893036,-0.47247971450894716
15405.0,189,1,349.1,40.57732996566996,0.0,8,0.0,0.9655105831660936,-0.42596643235245885,-0.19490162546087578,0.0439654173320226,0.0,-0.6277857601057858,-0.47247971450894716
15406.0,31,2,510.71000000000004,9.787913531812638,0.0,51,0.0,-0.6154653923232489,-0.29559005205372785,-0.1751808533341127,-0.0465646129385609,0.0,-0.12421024506325833,-0.47247971450894716
15407.0,34,4,1046.74,17.540224756804374,0.0,142,0.8378378378378378,-0.5854468611430715,-0.03483729145626595,-0.1097707581474979,-0.023770515123386366,0.0,0.9414960774686022,2.5230473615404407
15408.0,264,1,267.18,6.135656083853025,0.0,34,1.0,1.7159738626705283,-0.42596643235245885,-0.20489807155099665,-0.057303334733760744,0.0,-0.3232982393823971,3.102826795614516
15410.0,84,8,3450.84,21.9187145989008,0.0,48,0.18032786885245902,-0.08513800814011506,0.48666822973865786,0.18359418381123696,-0.010896454363061253,0.0,-0.15934342053134165,0.1722476889559397
15411.0,26,4,1348.93,8.555403449411415,0.0,86,0.5612244897959183,-0.6654962776235446,-0.03483729145626595,-0.07289544022789801,-0.05018855869629488,0.0,0.28567680206438034,1.5340698574991187
15412.0,171,1,190.53,30.226878417873202,0.0,10,0.0,0.7853993960850292,-0.42596643235245885,-0.2142514357210133,0.013532015193687333,0.0,-0.6043636431270636,-0.47247971450894716
15414.0,10,3,774.9000000000001,12.992168366612127,0.0,37,0.0,-0.8255951105844906,-0.1652136717549969,-0.14294255874733255,-0.03714315190462991,0.0,-0.2881650639143138,-0.47247971450894716
15415.0,313,1,559.61,6.360617715625528,0.0,46,1.0,2.2062765386134258,-0.42596643235245885,-0.1692137364663526,-0.05664188071179722,0.0,-0.18276553751006386,3.102826795614516
15416.0,65,4,3984.32,15.113195833679763,0.0,165,0.0,-0.27525537228123853,-0.03483729145626595,0.24869311032683358,-0.03090670110307387,0.0,1.2108504227239076,-0.47247971450894716
15417.0,85,1,508.8,2.422251346846895,0.0,28,0.0,-0.07513183108005593,-0.42596643235245885,-0.1754139247700518,-0.06822184772247791,0.0,-0.3935645903185637,-0.47247971450894716
15419.0,25,1,135.86,8.244460911077553,0.0,8,0.0,-0.6755024546836037,-0.42596643235245885,-0.2209226479737832,-0.05110282212406229,0.0,-0.6277857601057858,-0.47247971450894716
15421.0,59,4,950.36,5.915523917799756,0.0,40,0.4716981132075472,-0.3352924346415933,-0.03483729145626595,-0.12153171364268649,-0.05795058869192336,0.0,-0.2530318884462305,1.2139856204549506
15422.0,323,2,97.7,4.019660018790975,0.0,6,0.0,2.306338309214017,-0.29559005205372785,-0.22557919561537265,-0.06352499171884911,0.0,-0.651207877084508,-0.47247971450894716
15423.0,38,1,43.5,20.152543263816604,0.0,2,0.0,-0.545422152902835,-0.42596643235245885,-0.23219305521113134,-0.01608952272704576,0.0,-0.6980521110419524,-0.47247971450894716
15424.0,254,2,383.34,14.125082508868857,0.0,17,0.0,1.615912092069937,-0.29559005205372785,-0.1907234233841456,-0.03381204779576178,0.0,-0.5223862337015359,-0.47247971450894716
15426.0,19,5,1404.07,7.145352513543352,0.0,217,1.0,-0.7355395170439585,0.09553908884246501,-0.06616687531811698,-0.054334527301494843,0.0,1.8198254641706848,3.102826795614516
15427.0,33,3,1430.54,4.704310726411403,0.0,233,1.0,-0.5954530382031307,-0.1652136717549969,-0.06293682248601859,-0.061511915263866464,0.0,2.0072024000004625,3.102826795614516
15428.0,15,1,93.78,5.830413364419371,0.0,6,0.0,-0.775564225284195,-0.42596643235245885,-0.22605754118023197,-0.058200839000837945,0.0,-0.651207877084508,-0.47247971450894716
15429.0,27,2,397.35,5.579753308960782,0.0,77,1.0,-0.6554901005634854,-0.29559005205372785,-0.18901382609749282,-0.058937854022121,0.0,0.18027727566013038,3.102826795614516
15432.0,23,1,171.19,6.416822422352047,0.0,10,0.0,-0.695514808803722,-0.42596643235245885,-0.2166114365435589,-0.056476622178488166,0.0,-0.6043636431270636,-0.47247971450894716
15433.0,214,2,533.3,3.2831037330476205,0.0,40,0.0,1.2156650096675718,-0.29559005205372785,-0.1724242649896812,-0.06569068599199583,0.0,-0.2530318884462305,-0.47247971450894716
15434.0,8,5,1041.48,10.904034863127332,0.0,40,0.0,-0.8456074647046089,0.09553908884246501,-0.11041261979830401,-0.043282884682144425,0.0,-0.2530318884462305,-0.47247971450894716
15435.0,22,1,149.29,2.8488084969363507,0.0,29,0.0,-0.7055209858637811,-0.42596643235245885,-0.21928382630642082,-0.066967642992983,0.0,-0.3818535318292026,-0.47247971450894716
15436.0,12,3,1067.75,3.4389536468369313,0.0,243,0.570446735395189,-0.8055827564643724,-0.1652136717549969,-0.10720697235216783,-0.06523244095044645,0.0,2.1243129848940736,1.5670422122281484
15437.0,262,1,200.16,3.9964555887345066,0.0,44,0.0,1.69596150855041,-0.42596643235245885,-0.21307631638693292,-0.0635932196360601,0.0,-0.20618765448878607,-0.47247971450894716
15438.0,131,1,156.57999999999998,3.9685458293939355,0.0,25,1.0,0.38515231368266406,-0.42596643235245885,-0.2183942499880983,-0.06367528261907812,0.0,-0.42869776578664703,3.102826795614516
15440.0,55,3,383.68,7.131408752730367,0.0,50,0.8064516129032258,-0.3753171428818298,-0.1652136717549969,-0.19068193422800983,-0.05437552610026056,0.0,-0.13592130355261944,2.410831987203523
15442.0,249,1,594.0,0.0,0.0,2,0.0,1.5658812067696413,-0.42596643235245885,-0.1650172303501507,-0.07534398620873628,0.0,-0.6980521110419524,-0.47247971450894716
15443.0,2,7,3213.59,7.257158387136356,0.0,237,0.3333333333333333,-0.9056445270649637,0.3562918494399269,0.1546432947135664,-0.05400578482134594,0.0,2.054046633957907,0.7192891221988739
15444.0,9,2,1411.21,4.344294343855817,0.0,191,0.3130841121495327,-0.8356012876445498,-0.29559005205372785,-0.0652956030392661,-0.06257047037096565,0.0,1.515337943447296,0.6468919498755016
15445.0,264,1,113.5,4.981465647778774,0.0,5,1.0,1.7159738626705283,-0.42596643235245885,-0.22365117012435815,-0.060696997466547054,0.0,-0.6629189355738692,3.102826795614516
15447.0,331,1,155.17,5.395248938752605,0.0,9,0.0,2.38638772569449,-0.42596643235245885,-0.21856630795913187,-0.05948035167730987,0.0,-0.6160747016164247,-0.47247971450894716
15448.0,313,1,494.64,5.893646565690026,0.0,28,0.0,2.2062765386134258,-0.42596643235245885,-0.1771418260961762,-0.0580149146057642,0.0,-0.3935645903185637,-0.47247971450894716
15449.0,26,3,974.52,5.580071623378495,0.0,47,0.3333333333333333,-0.6654962776235446,-0.1652136717549969,-0.11858354301845163,-0.05893691808317805,0.0,-0.17105447902070275,0.7192891221988739
15450.0,30,1,429.84,6.297293562070657,0.0,30,0.0,-0.6254715693833081,-0.42596643235245885,-0.18504917114793198,-0.056828072533603814,0.0,-0.3701424733398415,-0.47247971450894716
15452.0,30,3,528.48,7.570766435149378,0.0,47,0.7321428571428571,-0.6254715693833081,-0.1652136717549969,-0.17301243479137043,-0.05308368400333571,0.0,-0.17105447902070275,2.1451554089743023
15453.0,2,7,1371.77,4.730863356762529,0.0,169,0.25448028673835127,-0.9056445270649637,0.3562918494399269,-0.07010834515101375,-0.06143384264321076,0.0,1.257694656681352,0.43736531136476575
15454.0,362,1,179.1,5.099867645341396,0.0,23,1.0,2.696579214556323,-0.42596643235245885,-0.21564620352875358,-0.060348860422557646,0.0,-0.45211988276536924,3.102826795614516
15456.0,283,3,434.59000000000003,5.087324809215405,0.0,48,0.0,1.9060912268116517,-0.1652136717549969,-0.1844695432313295,-0.060385740086600796,0.0,-0.15934342053134165,-0.47247971450894716
15457.0,262,1,237.07,3.121386084567115,0.0,56,0.0,1.69596150855041,-0.42596643235245885,-0.20857230240760724,-0.06616618391654008,0.0,-0.06565495261645281,-0.47247971450894716
15458.0,25,1,161.64,8.94861521609429,0.0,7,0.0,-0.6755024546836037,-0.42596643235245885,-0.2177767937232544,-0.04903239929921693,0.0,-0.639496818595147,-0.47247971450894716
15460.0,354,1,214.26,3.021716958390275,0.0,53,0.0,2.61652979807585,-0.42596643235245885,-0.21135573667659718,-0.06645924075408084,0.0,-0.10078812808453612,-0.47247971450894716
15462.0,94,3,234.6,11.856229662847369,0.0,9,0.45454545454545453,0.014923762460476244,-0.1652136717549969,-0.20887370892424054,-0.04048314912277359,0.0,-0.6160747016164247,1.1526596082744454
15463.0,29,1,126.14,9.14761171016785,0.0,7,0.0,-0.6354777464433672,-0.42596643235245885,-0.2221087497315465,-0.04844729049499779,0.0,-0.639496818595147,-0.47247971450894716
15464.0,338,1,1044.65,7.657249889437594,0.0,155,0.0,2.456430965114904,-0.42596643235245885,-0.11002579443080299,-0.052829396957933726,0.0,1.0937398378302965,-0.47247971450894716
15465.0,20,18,7354.62,106.14571896955015,0.0,43,0.8969072164948454,-0.7255333399838994,1.7904320327259675,0.6599604718690006,0.23675595800583982,0.0,-0.21789871297814717,2.734238495601788
15466.0,85,1,334.53,4.238582008597807,0.0,56,0.0,-0.07513183108005593,-0.42596643235245885,-0.19667955782822272,-0.06288129603833224,0.0,-0.06565495261645281,-0.47247971450894716
15467.0,9,3,524.88,8.778847160422794,0.0,41,0.75,-0.8356012876445498,-0.1652136717549969,-0.1734517317386902,-0.049531567812265406,0.0,-0.24132082995686938,2.20900016808365
15468.0,51,2,467.51,3.5284070542639654,0.0,24,0.0,-0.41534185112206634,-0.29559005205372785,-0.1804524167019499,-0.06496942136059573,0.0,-0.44040882427600814,-0.47247971450894716
15469.0,50,2,538.55,14.79914670841199,0.0,24,0.0,-0.42534802818212547,-0.29559005205372785,-0.1717836236081732,-0.03183009881923448,0.0,-0.44040882427600814,-0.47247971450894716
15471.0,2,1,454.48,10.27043706711001,0.0,67,0.0,-0.9056445270649637,-0.42596643235245885,-0.1820424275973878,-0.045145850411814716,0.0,0.06316669076651935,-0.47247971450894716
15472.0,113,1,371.56,3.1386606820733234,0.0,76,0.0,0.2050411266015997,-0.42596643235245885,-0.19216090061731972,-0.06611539146847571,0.0,0.16856621717076928,-0.47247971450894716
15473.0,14,7,1771.2,66.59041700097421,0.0,4,0.0,-0.7855704023442541,0.3562918494399269,-0.02136712857658777,0.12045162036858938,0.0,-0.6746299940632302,-0.47247971450894716
15475.0,77,1,454.10999999999996,8.019238628282606,0.0,29,0.0,-0.15518124756052895,-0.42596643235245885,-0.1820875775614179,-0.051765042537457825,0.0,-0.3818535318292026,-0.47247971450894716
15478.0,40,2,1399.92,27.617691001182312,0.0,34,0.45454545454545453,-0.5254097987827168,-0.29559005205372785,-0.0666732870768328,0.005860229132977663,0.0,-0.3232982393823971,1.1526596082744454
15480.0,116,1,905.5,16.225587240933105,0.0,45,0.0,0.2350596577817771,-0.42596643235245885,-0.12700584171401,-0.027635939931366735,0.0,-0.19447659599942496,-0.47247971450894716
15482.0,16,12,10879.76,99.41605136402485,0.0,46,0.061855670103092786,-0.7655580482241359,1.0081737509335817,1.0901224832231102,0.2169687362068184,0.0,-0.18276553751006386,-0.2513267345013102
15483.0,161,4,225.26,2.7480774586746097,0.0,74,0.0,0.6853376254844379,-0.03483729145626595,-0.21001344044867568,-0.06726382216749295,0.0,0.14514410019204707,-0.47247971450894716
15484.0,1,4,3590.41,19.89537079396569,0.0,135,0.0,-0.9156507041250228,-0.03483729145626595,0.20062548240496456,-0.01684568618114625,0.0,0.8595186680430744,-0.47247971450894716
15485.0,30,3,2564.5,30.878087058044034,0.0,59,0.0,-0.6254715693833081,-0.1652136717549969,0.07543683484251473,0.015446762036446678,0.0,-0.030521777148369494,-0.47247971450894716
15488.0,93,1,91.32000000000001,43.3597878223591,0.0,2,0.0,0.004917585400417115,-0.42596643235245885,-0.22635772742756716,0.052146669956079986,0.0,-0.6980521110419524,-0.47247971450894716
15489.0,23,3,1134.28,14.344509176343541,0.0,47,0.0,-0.695514808803722,-0.1652136717549969,-0.09908852071183898,-0.03316686821298761,0.0,-0.17105447902070275,-0.47247971450894716
15491.0,95,6,3100.09,13.678223680727404,0.0,108,0.0,0.024929939520535373,0.22591546914119598,0.1407932381800127,-0.03512594548931593,0.0,0.5433200888303246,-0.47247971450894716
15492.0,28,2,659.4599999999999,10.069666004658652,0.0,32,0.0,-0.6454839235034263,-0.29559005205372785,-0.1570293475247197,-0.04573617697419775,0.0,-0.3467203563611193,-0.47247971450894716
15493.0,33,5,1953.41,5.488310025305751,0.0,177,0.0,-0.5954530382031307,0.09553908884246501,0.0008673983042828622,-0.05920672443917211,0.0,1.3513831245962409,-0.47247971450894716
15494.0,21,2,1280.58,10.36238260123446,0.0,120,0.0,-0.7155271629238402,-0.29559005205372785,-0.081235980880483,-0.04487550322919068,0.0,0.6838527907026579,-0.47247971450894716
15497.0,18,2,1262.2,54.876352787317195,0.0,13,0.0,-0.7455456941040176,-0.29559005205372785,-0.08347883585041001,0.0860087919333032,0.0,-0.5692304676589803,-0.47247971450894716
15498.0,3,27,13316.4,25.58108041350695,0.0,360,0.0,-0.8956383500049045,2.963819455414546,1.3874581814778966,-0.00012801096724377497,0.0,3.494506828149323,-0.47247971450894716
15500.0,8,4,1131.56,6.8137205481672245,0.0,64,0.3235294117647059,-0.8456074647046089,-0.03483729145626595,-0.09942043396092502,-0.05530962379053319,0.0,0.028033515298436028,0.6842370975898204
15502.0,16,11,7228.98,59.797615066475515,0.0,164,0.22169811320754718,-0.7655580482241359,0.8777973706348507,0.6446290084075409,0.10047876488841802,0.0,1.1991393642345465,0.32015899292408484
15503.0,363,1,141.04,1.8277535347204186,0.0,66,1.0,2.7065853916163825,-0.42596643235245885,-0.22029054847736196,-0.06996984788491109,0.0,0.051455632277158235,3.102826795614516
15504.0,81,1,52.83,2.6733703399190647,0.0,13,0.0,-0.11515653932029245,-0.42596643235245885,-0.23105454395599428,-0.06748348328828413,0.0,-0.5692304676589803,-0.47247971450894716
15505.0,53,5,3610.96,38.00889594844781,0.0,90,0.0,-0.3953294970019481,0.09553908884246501,0.20313313581258158,0.036413458371493915,0.0,0.33252103602182476,-0.47247971450894716
15506.0,23,3,972.08,8.16879879290365,0.0,121,0.32298136645962733,-0.695514808803722,-0.1652136717549969,-0.11888128872719057,-0.05132529122682474,0.0,0.695563849192019,0.6822776676427305
15507.0,172,1,475.86,8.434249872341399,0.0,41,0.0,0.7954055731450883,-0.42596643235245885,-0.17943349183802765,-0.05054478620138904,0.0,-0.24132082995686938,-0.47247971450894716
15508.0,189,6,1000.27,9.304486407518274,0.0,78,0.0,0.9655105831660936,0.22591546914119598,-0.1154413495758172,-0.047986032285368144,0.0,0.19198833414949149,-0.47247971450894716
15510.0,331,1,250.0,0.0,0.0,1,0.0,2.38638772569449,-0.42596643235245885,-0.20699449420515043,-0.07534398620873628,0.0,-0.7097631695313136,-0.47247971450894716
15511.0,12,5,900.53,5.321654158922818,0.0,117,0.0,-0.8055827564643724,0.09553908884246501,-0.12761231555517089,-0.05969674219124053,0.0,0.6487196152345746,-0.47247971450894716
15512.0,156,2,121.0,4.802231624091925,0.0,7,0.0,0.6353067401841422,-0.29559005205372785,-0.22273596815077532,-0.06122399873741382,0.0,-0.639496818595147,-0.47247971450894716
15513.0,33,19,14758.220000000001,47.74178210848649,0.0,183,0.17207792207792208,-0.5954530382031307,1.9208084130246985,1.5633990494180585,0.06503103482284654,0.0,1.4216494755324074,0.14275160054476568
15514.0,12,11,4023.7200000000003,68.02501685602248,0.0,96,0.23493975903614459,-0.8055827564643724,0.8777973706348507,0.25350097136138877,0.1246697700884028,0.0,0.4027873869579914,0.36750193545981835
15516.0,45,3,62.43,2.6623786357315895,0.0,15,0.0,-0.4753789134824211,-0.1652136717549969,-0.22988308542980823,-0.06751580216366636,0.0,-0.5458083506802581,-0.47247971450894716
15517.0,233,1,267.03,8.246409008681388,0.0,27,0.0,1.4057823738086952,-0.42596643235245885,-0.20491637559046832,-0.05109709413842722,0.0,-0.4052756488079248,-0.47247971450894716
15518.0,64,8,1921.55,7.546898246881368,0.0,135,0.5761904761904761,-0.28526154934129766,0.48666822973865786,-0.0030203796794970677,-0.05315386356685711,0.0,0.8595186680430744,1.5875778460860004
15520.0,2,1,343.5,7.451560436658653,0.0,18,0.0,-0.9056445270649637,-0.42596643235245885,-0.19558497626781765,-0.05343418504888113,0.0,-0.5106751752121748,-0.47247971450894716
15521.0,40,8,3000.2,26.02068088963175,0.0,116,0.12972972972972974,-0.5254097987827168,0.48666822973865786,0.1286039681611873,0.0011645450152976303,0.0,0.6370085567452135,-0.008656167249687024
15522.0,33,2,397.99,7.954563223171249,0.0,47,0.0,-0.5954530382031307,-0.29559005205372785,-0.18893572886241378,-0.051955207440227955,0.0,-0.17105447902070275,-0.47247971450894716
15523.0,84,1,412.01000000000005,71.38226615281356,0.0,10,0.0,-0.08513800814011506,-0.42596643235245885,-0.1872249113064629,0.13454108028738973,0.0,-0.6043636431270636,-0.47247971450894716
15524.0,25,1,440.0,0.0,0.0,1,0.0,-0.6755024546836037,-0.42596643235245885,-0.18380937754105175,-0.07534398620873628,0.0,-0.7097631695313136,-0.47247971450894716
15525.0,2,3,734.37,4.706902909557409,0.0,133,0.0,-0.9056445270649637,-0.1652136717549969,-0.14788831021257423,-0.06150429347541266,0.0,0.8360965510643522,-0.47247971450894716
15526.0,33,2,148.44,55.359736271048114,0.0,4,1.0,-0.5954530382031307,-0.29559005205372785,-0.2193875491967602,0.08743008296389054,0.0,-0.6746299940632302,3.102826795614516
15527.0,19,8,2428.53,18.460104365214278,0.0,127,0.12345679012345678,-0.7355395170439585,0.48666822973865786,0.05884483319610689,-0.021065795825651754,0.0,0.7658302001281856,-0.03108384906160603
15528.0,254,1,229.33,13.313802606549109,0.0,26,0.0,1.615912092069937,-0.42596643235245885,-0.20951679084434474,-0.03619745169819364,0.0,-0.41698670729728593,-0.47247971450894716
15529.0,23,11,3962.6,6.318970612379892,0.0,415,0.0,-0.695514808803722,0.8777973706348507,0.24604268541133764,-0.0567643355665558,0.0,4.138615045064183,-0.47247971450894716
15530.0,22,4,1497.31,10.20330544409705,0.0,90,0.0,-0.7055209858637811,-0.03483729145626595,-0.054789084382535075,-0.0453432373248318,0.0,0.33252103602182476,-0.47247971450894716
15531.0,8,2,1972.39,7.655317776835752,0.0,196,0.0,-0.8456074647046089,-0.29559005205372785,0.003183469432096511,-0.05283507794291461,0.0,1.5738932358941016,-0.47247971450894716
15532.0,25,4,1564.73,5.758637691654601,0.0,205,0.601593625498008,-0.6755024546836037,-0.03483729145626595,-0.04656202877467437,-0.05841188079963413,0.0,1.6792927622983516,1.6784018911828573
15533.0,19,3,807.57,10.165473244403907,0.0,73,1.0,-0.7355395170439585,-0.1652136717549969,-0.1389559389504057,-0.045454475229934045,0.0,0.13343304170268597,3.102826795614516
15535.0,173,4,502.9,6.570537734381854,0.0,55,1.0,0.8054117502051474,-0.03483729145626595,-0.176133883655937,-0.056024653500192326,0.0,-0.07736601110581391,3.102826795614516
15537.0,163,1,110.92,4.641271065284731,0.0,24,0.0,0.7053499796045561,-0.42596643235245885,-0.22396599960327063,-0.06169727059342606,0.0,-0.44040882427600814,-0.47247971450894716
15539.0,7,1,538.46,12.70349429075016,0.0,41,0.0,-0.855613641764668,-0.42596643235245885,-0.17179460603185617,-0.0379919394379129,0.0,-0.24132082995686938,-0.47247971450894716
15540.0,11,1,213.3,7.737182026699754,0.0,15,0.0,-0.8155889335244315,-0.42596643235245885,-0.2114728825292158,-0.05259437273064832,0.0,-0.5458083506802581,-0.47247971450894716
15541.0,114,1,85.13000000000001,2.687686985132246,0.0,29,0.0,0.21504730366165883,-0.42596643235245885,-0.2271130741230975,-0.06744138809861702,0.0,-0.3818535318292026,-0.47247971450894716
15543.0,288,1,127.86,3.5007260773706745,0.0,26,0.0,1.9561221121119474,-0.42596643235245885,-0.22189886341227155,-0.06505081165525922,0.0,-0.41698670729728593,-0.47247971450894716
15544.0,9,9,3546.71,5.964688968607927,0.0,122,0.11196911196911197,-0.8356012876445498,0.6170446100373889,0.1952929055722219,-0.05780602883813465,0.0,0.7072749076813801,-0.07215581955303814
15545.0,54,2,288.96999999999997,3.410762078899781,0.0,78,0.6125,-0.38532331994188895,-0.29559005205372785,-0.20223910475041396,-0.0653153325344493,0.0,0.19198833414949149,1.7173955229416742
15547.0,7,14,4910.6,9.757649545947976,0.0,441,0.8158273381294964,-0.855613641764668,1.2689265115310437,0.36172421487220896,-0.0466535980468796,0.0,4.443102565787572,2.444353078642137
15549.0,77,3,1681.46,15.163584868707199,0.0,104,0.0,-0.15518124756052895,-0.1652136717549969,-0.03231782525783101,-0.03075854237209763,0.0,0.4964758548728802,-0.47247971450894716
15550.0,4,4,575.63,7.762191246730505,0.0,43,0.0,-0.8856321729448454,-0.03483729145626595,-0.16725886505077964,-0.052520838194802494,0.0,-0.21789871297814717,-0.47247971450894716
15551.0,37,1,436.06,9.817926125155697,0.0,29,0.0,-0.5554283299628942,-0.42596643235245885,-0.18429016364450726,-0.046476366998931526,0.0,-0.3818535318292026,-0.47247971450894716
15552.0,217,1,90.12,4.715048889397836,0.0,17,0.0,1.2456835408477491,-0.42596643235245885,-0.22650415974334037,-0.06148034187492938,0.0,-0.5223862337015359,-0.47247971450894716
15553.0,60,1,428.93,5.9692378242134225,0.0,51,0.0,-0.3252862575815342,-0.42596643235245885,-0.18516021565406002,-0.057792653851423,0.0,-0.12421024506325833,-0.47247971450894716
15554.0,278,1,217.2,2.639597038843718,0.0,14,0.0,1.8560603415113561,-0.42596643235245885,-0.2109969775029527,-0.06758278682575963,0.0,-0.5575194091696192,-0.47247971450894716
15555.0,12,16,4794.86,6.3624167305403585,0.0,401,0.5963923337091319,-0.8055827564643724,1.5296792721285057,0.34760081801587844,-0.056636591073552636,0.0,3.974660226213128,1.659805678789037
15556.0,24,1,279.77,9.530499766877476,0.0,31,0.0,-0.6855086317436628,-0.42596643235245885,-0.20336175250467559,-0.04732148587188546,0.0,-0.3584314148504804,-0.47247971450894716
15557.0,29,1,468.91,20.860411062766772,0.0,16,0.0,-0.6354777464433672,-0.42596643235245885,-0.1802815790002144,-0.014008181126947699,0.0,-0.534097292190897,-0.47247971450894716
15561.0,12,4,800.59,28.13471339325847,0.0,27,0.25925925925925924,-0.8055827564643724,-0.03483729145626595,-0.1398076869204868,0.007380428546492826,0.0,-0.4052756488079248,0.4544516029304692
15562.0,352,1,134.55,0.0,0.0,1,0.0,2.596517443955732,-0.42596643235245885,-0.22108250325183565,-0.07534398620873628,0.0,-0.7097631695313136,-0.47247971450894716
15563.0,22,4,1400.44,10.362930108468177,0.0,88,0.0,-0.7055209858637811,-0.03483729145626595,-0.06660983307333106,-0.04487389339528726,0.0,0.30909891904310255,-0.47247971450894716
15565.0,50,2,173.16,5.495886773630932,0.0,8,0.0,-0.42534802818212547,-0.29559005205372785,-0.21637104349183114,-0.0591844465484331,0.0,-0.6277857601057858,-0.47247971450894716
15567.0,19,1,186.01,33.01894239891486,0.0,7,0.0,-0.7355395170439585,-0.42596643235245885,-0.21480299744375922,0.021741512676827533,0.0,-0.639496818595147,-0.47247971450894716
15568.0,3,3,758.29,15.10562429017537,0.0,27,0.0,-0.8956383500049045,-0.1652136717549969,-0.14496942605149402,-0.030928963690093673,0.0,-0.4052756488079248,-0.47247971450894716
15569.0,104,5,1375.71,69.79035099064805,0.0,27,0.7419354838709677,0.11498553306106754,0.09553908884246501,-0.06962755904755821,0.12986037683434967,0.0,-0.4052756488079248,2.1801670510665256
15570.0,7,12,4148.82,7.936404025520139,0.0,231,0.25391849529780564,-0.855613641764668,1.0081737509335817,0.26876654028075053,-0.05200860087548763,0.0,1.9837802830217404,0.4353567347700513
15571.0,12,4,650.4300000000001,18.318958337920474,0.0,47,0.543859649122807,-0.8055827564643724,-0.03483729145626595,-0.1581312507009134,-0.021480807073134493,0.0,-0.17105447902070275,1.4719852295932871
15572.0,5,7,2533.42,17.14939809344227,0.0,166,0.18867924528301888,-0.8756259958847863,0.3562918494399269,0.07164423786398745,-0.024919661608209492,0.0,1.2225614812132686,0.202106419476612
15573.0,32,2,591.1899999999999,6.907335486758429,0.0,88,0.0,-0.6054592152631898,-0.29559005205372785,-0.16536012602291977,-0.05503436806288254,0.0,0.30909891904310255,-0.47247971450894716
15574.0,178,4,675.64,5.84154247977761,0.0,131,0.0,0.8554426355054432,-0.03483729145626595,-0.15505495180037693,-0.05816811609579587,0.0,0.81267443408563,-0.47247971450894716
15576.0,38,1,921.37,36.857624611830026,0.0,43,0.0,-0.545422152902835,-0.42596643235245885,-0.12506927433790868,0.03302837865822422,0.0,-0.21789871297814717,-0.47247971450894716
15577.0,151,3,258.88,6.967196891405951,0.0,39,0.0,0.5852758548838466,-0.1652136717549969,-0.20591089506842836,-0.054858357751468495,0.0,-0.2647429469355916,-0.47247971450894716
15578.0,162,1,127.1,14.370711177377054,0.0,13,0.0,0.695343802544497,-0.42596643235245885,-0.22199160387892794,-0.033089826546679656,0.0,-0.5692304676589803,-0.47247971450894716
15579.0,69,2,327.6,4.888329131935334,0.0,45,1.0,-0.23523066404100199,-0.29559005205372785,-0.19752520445181326,-0.060970846489204436,0.0,-0.19447659599942496,3.102826795614516
15581.0,122,12,1175.77,27.192476157190743,0.0,134,0.15172413793103448,0.2950967201421319,1.0081737509335817,-0.09402562339397869,0.004609971182140773,0.0,0.8478076095537134,0.06998058357875071
15582.0,25,3,682.9100000000001,5.710767633705067,0.0,39,0.0,-0.6755024546836037,-0.1652136717549969,-0.15416781602065063,-0.05855263298974256,0.0,-0.2647429469355916,-0.47247971450894716
15584.0,24,4,720.86,5.669177932567198,0.0,89,0.319672131147541,-0.6855086317436628,-0.03483729145626595,-0.14953689403432147,-0.05867491906525309,0.0,0.32080997753246365,0.6704461370878977
15585.0,177,1,455.3,6.634818858893027,0.0,31,0.0,0.8454364584453841,-0.42596643235245885,-0.18194236551494275,-0.05583564789950727,0.0,-0.3584314148504804,-0.47247971450894716
15587.0,50,4,913.6800000000001,66.47217462968997,0.0,3,0.2222222222222222,-0.42534802818212547,-0.03483729145626595,-0.12600766142815564,0.1201039526732752,0.0,-0.6863410525525914,0.32203284329626686
15589.0,256,3,478.53000000000003,4.003868080483088,0.0,28,0.0,1.6359244461900553,-0.1652136717549969,-0.17910767993543217,-0.06357142470844848,0.0,-0.3935645903185637,-0.47247971450894716
15592.0,47,1,388.58,10.913099793434002,0.0,24,0.0,-0.45536655936230286,-0.42596643235245885,-0.19008400227193573,-0.04325623109431737,0.0,-0.44040882427600814,-0.47247971450894716
15593.0,71,1,199.8,34.60705130461132,0.0,5,0.0,-0.21521830992088373,-0.42596643235245885,-0.2131202460816649,0.02641102460520518,0.0,-0.6629189355738692,-0.47247971450894716
15594.0,16,5,1771.78,5.667186151595189,0.0,85,0.0,-0.7655580482241359,0.09553908884246501,-0.02129635295729737,-0.05868077549296667,0.0,0.27396574357501924,-0.47247971450894716
15596.0,101,5,1406.59,7.272557720383452,0.0,51,0.0,0.08496700188089015,0.09553908884246501,-0.06585936745499314,-0.05396050620724809,0.0,-0.12421024506325833,-0.47247971450894716
15597.0,35,1,324.57,6.032795598002035,0.0,22,0.0,-0.5754406840830124,-0.42596643235245885,-0.19789494604914076,-0.057605775116732635,0.0,-0.46383094125473034,-0.47247971450894716
15598.0,53,1,240.68,5.14596011396372,0.0,14,0.0,-0.3953294970019481,-0.42596643235245885,-0.20813178519098935,-0.06021333487310175,0.0,-0.5575194091696192,-0.47247971450894716
15599.0,27,2,761.74,6.695633535854207,0.0,50,0.4423076923076923,-0.6554901005634854,-0.29559005205372785,-0.1445484331436459,-0.05565683468432281,0.0,-0.13592130355261944,1.1089058572764308
15601.0,11,14,6776.56,9.865907619918618,0.0,230,0.03414634146341464,-0.8155889335244315,1.2689265115310437,0.5894215848224277,-0.04633528715148958,0.0,1.9720692245323792,-0.35039607757790203
15602.0,8,9,1297.8700000000001,21.418983761194617,0.0,30,0.0,-0.8456074647046089,0.6170446100373889,-0.07912613526405,-0.012365811470295548,0.0,-0.3701424733398415,-0.47247971450894716
15603.0,79,1,48.480000000000004,14.594683963690345,0.0,2,0.0,-0.1351688934404107,-0.42596643235245885,-0.23158536110067232,-0.03243128002410144,0.0,-0.6980521110419524,-0.47247971450894716
15604.0,52,1,216.39,5.787905366314464,0.0,17,0.0,-0.4053356740620072,-0.42596643235245885,-0.21109581931609964,-0.05832582514221045,0.0,-0.5223862337015359,-0.47247971450894716
15605.0,36,5,1198.23,5.997743024924861,0.0,61,0.16417910447761194,-0.5654345070229533,0.09553908884246501,-0.0912848985504226,-0.05770884009389956,0.0,-0.007099660169647285,0.11451090655609907
15606.0,61,9,2920.16,21.88962481649633,0.0,48,0.33766233766233766,-0.31528008052147505,0.6170446100373889,0.11883693269911122,-0.010981986964411416,0.0,-0.15934342053134165,0.7347666395587158
15607.0,337,1,104.76,5.1416629057044805,0.0,13,0.0,2.446424788054845,-0.42596643235245885,-0.22471768549090668,-0.0602259699418639,0.0,-0.5692304676589803,-0.47247971450894716
15608.0,28,4,1093.68,12.666959395963307,0.0,59,0.0,-0.6454839235034263,-0.03483729145626595,-0.10404281406216742,-0.03809936288122796,0.0,-0.030521777148369494,-0.47247971450894716
15609.0,184,1,298.48,6.130057095982059,0.0,16,0.0,0.915479697865798,-0.42596643235245885,-0.20107862864791093,-0.05731979742127325,0.0,-0.534097292190897,-0.47247971450894716
15610.0,52,1,112.46000000000001,4.2631146673138725,0.0,6,0.0,-0.4053356740620072,-0.42596643235245885,-0.22377807813136164,-0.0628091627343135,0.0,-0.651207877084508,-0.47247971450894716
15611.0,10,13,1591.45,41.09893851910976,0.0,23,0.27906976744186046,-0.8255951105844906,1.1385501312323127,-0.043301469210123227,0.04549910142225997,0.0,-0.45211988276536924,0.5252802418045774
15612.0,36,2,195.15,28.682865093989477,0.0,4,0.5,-0.5654345070229533,-0.29559005205372785,-0.21368767130528626,0.008992157374372823,0.0,-0.6746299940632302,1.3151735405527845
15615.0,10,23,10399.74,20.666841197390283,0.0,184,0.0,-0.8255951105844906,2.4423139342196225,1.0315471163752121,-0.014577334030824639,0.0,1.4333605340217686,-0.47247971450894716
15618.0,33,4,776.851,5.4819419964575715,0.0,39,0.0,-0.5954530382031307,-0.03483729145626595,-0.14270448420727122,-0.05922544833560022,0.0,-0.2647429469355916,-0.47247971450894716
15619.0,11,1,336.40000000000003,28.729311396783128,0.0,3,0.0,-0.8155889335244315,-0.42596643235245885,-0.19645136746947606,0.009128723301398389,0.0,-0.6863410525525914,-0.47247971450894716
15620.0,57,3,1553.18,5.059417737090291,0.0,92,0.0,-0.35530478876171157,-0.1652136717549969,-0.04797143981399194,-0.06046779516840713,0.0,0.35594315300054696,-0.47247971450894716
15621.0,4,4,1293.03,77.17350840530275,0.0,11,0.0,-0.8856321729448454,-0.03483729145626595,-0.07971674560433548,0.15156905279048685,0.0,-0.5926525846377025,-0.47247971450894716
15622.0,43,9,3709.56,7.820631570091488,0.0,169,0.0,-0.4953912676025394,0.6170446100373889,0.21516499109195067,-0.052349006284501176,0.0,1.257694656681352,-0.47247971450894716
15623.0,141,1,301.03,3.497257990239267,0.0,19,0.0,0.48521408428325535,-0.42596643235245885,-0.20076745997689277,-0.06506100886161623,0.0,-0.49896411672281366,-0.47247971450894716
15624.0,117,4,588.13,6.267041145844479,0.0,26,0.0,0.24506583484183622,-0.03483729145626595,-0.16573352842814157,-0.05691702362374862,0.0,-0.41698670729728593,-0.47247971450894716
15625.0,104,4,1534.26,13.4479159261923,0.0,44,0.15625,0.11498553306106754,-0.03483729145626595,-0.05028018932601693,-0.03580311870026012,0.0,-0.20618765448878607,0.08616192769784399
15626.0,75,2,675.8,5.637759481637108,0.0,49,0.0,-0.1751936016806472,-0.29559005205372785,-0.15503542749160718,-0.058767298643796456,0.0,-0.14763236204198055,-0.47247971450894716
15628.0,5,9,2870.2400000000002,8.18738456402056,0.0,85,0.0,-0.8756259958847863,0.6170446100373889,0.11274534836294386,-0.05127064353886253,0.0,0.27396574357501924,-0.47247971450894716
15630.0,45,2,1186.35,10.811884644976155,0.0,57,0.0,-0.4753789134824211,-0.29559005205372785,-0.09273457847657783,-0.04355383369660815,0.0,-0.053943894127091704,-0.47247971450894716
15632.0,16,8,3285.31,14.115339631547343,0.0,107,0.0,-0.7655580482241359,0.48666822973865786,0.16339506611961455,-0.03384069474919574,0.0,0.5316090303409635,-0.47247971450894716
15634.0,17,1,243.55,4.603976024926199,0.0,15,0.0,-0.7555518711640767,-0.42596643235245885,-0.20778156790243166,-0.061806929090522086,0.0,-0.5458083506802581,-0.47247971450894716
15636.0,90,2,724.76,17.700258114878814,0.0,20,0.68,-0.025100945779760273,-0.29559005205372785,-0.1490609890080584,-0.023299969512952167,0.0,-0.48725305823345255,1.958728712375008
15637.0,53,1,223.36,7.2069831876220345,0.0,15,0.0,-0.3953294970019481,-0.42596643235245885,-0.2102452916153167,-0.05415331481239406,0.0,-0.5458083506802581,-0.47247971450894716
15639.0,134,1,425.32,11.22038268806669,0.0,25,0.0,0.41517084486284145,-0.42596643235245885,-0.1856007328706779,-0.04235272810612369,0.0,-0.42869776578664703,-0.47247971450894716
15640.0,4,15,12416.11,30.021369618556612,0.0,240,0.2857142857142857,-0.8856321729448454,1.3993028918297747,1.2775985568383104,0.01292775827758211,0.0,2.0891798094259904,0.5490364312406137
15641.0,105,4,1887.2,8.152918181569952,0.0,102,0.0,0.12499171012112667,-0.03483729145626595,-0.007212004718506475,-0.05137198494146021,0.0,0.473053737894158,-0.47247971450894716
15643.0,192,3,664.0,13.038488878503077,0.0,31,0.0,0.995529114346271,-0.1652136717549969,-0.15647534526337753,-0.0370069558402243,0.0,-0.3584314148504804,-0.47247971450894716
15644.0,166,4,803.54,3.0491908668577525,0.0,166,0.5172413793103449,0.7353685107847335,-0.03483729145626595,-0.1394477074775442,-0.06637845930209864,0.0,1.2225614812132686,1.3768167562445683
15645.0,19,1,612.01,13.535805301156987,0.0,50,0.0,-0.7355395170439585,-0.42596643235245885,-0.16281952534425378,-0.03554469783044245,0.0,-0.13592130355261944,-0.47247971450894716
15646.0,158,3,447.64000000000004,5.640284455547947,0.0,35,0.0,0.6553190943042605,-0.1652136717549969,-0.18287709179729533,-0.058759874470458454,0.0,-0.311587180893036,-0.47247971450894716
15648.0,204,2,639.5,12.099702805069821,0.0,23,0.0,1.1156032390669806,-0.29559005205372785,-0.15946500504374814,-0.03976726576126776,0.0,-0.45211988276536924,-0.47247971450894716
15649.0,336,2,816.0,144.2497833620557,0.0,1,0.0,2.4364186109947856,-0.29559005205372785,-0.13792725193209857,0.34879322608125907,0.0,-0.7097631695313136,-0.47247971450894716
15651.0,37,3,646.3,17.920208890901588,0.0,27,0.0,-0.5554283299628942,-0.1652136717549969,-0.15863522192103302,-0.022653248895360863,0.0,-0.4052756488079248,-0.47247971450894716
15652.0,91,1,337.74,10.87682267156045,0.0,21,0.0,-0.015094768719701146,-0.42596643235245885,-0.19628785138352928,-0.04336289660869623,0.0,-0.47554199974409145,-0.47247971450894716
15653.0,93,2,877.4399999999999,207.98240848687178,0.0,4,0.0,0.004917585400417115,-0.29559005205372785,-0.13042991736450796,0.5361860756394186,0.0,-0.6746299940632302,-0.47247971450894716
15654.0,9,2,922.53,28.850752676490096,0.0,15,0.42857142857142855,-0.8356012876445498,-0.29559005205372785,-0.12492772309932788,0.009485796737706867,0.0,-0.5458083506802581,1.0597945041153942
15655.0,243,1,560.67,4.473092947495507,0.0,34,1.0,1.5058441444092865,-0.42596643235245885,-0.1690843879207529,-0.06219176421681171,0.0,-0.3232982393823971,3.102826795614516
15656.0,45,4,748.5,5.025112505126298,0.0,46,0.0,-0.4753789134824211,-0.03483729145626595,-0.14616406969434417,-0.060568662740704625,0.0,-0.18276553751006386,-0.47247971450894716
15657.0,23,1,30.0,0.0,0.0,1,0.0,-0.695514808803722,-0.42596643235245885,-0.23384041876358047,-0.07534398620873628,0.0,-0.7097631695313136,-0.47247971450894716
15658.0,190,5,1024.1000000000001,12.006819685979764,0.0,40,0.0,0.9755167602261527,0.09553908884246501,-0.11253344783841997,-0.04004036972219904,0.0,-0.2530318884462305,-0.47247971450894716
15659.0,44,1,306.45,10.705438295133417,0.0,11,0.0,-0.48538509054248025,-0.42596643235245885,-0.2001060740173169,-0.0438668175848919,0.0,-0.5926525846377025,-0.47247971450894716
15660.0,25,9,1600.86,8.476008680155266,0.0,55,0.0,-0.6755024546836037,0.6170446100373889,-0.042153195800601305,-0.050422002902018155,0.0,-0.07736601110581391,-0.47247971450894716
15661.0,317,2,309.8,78.52940850407572,0.0,4,0.0,2.2463012468536623,-0.29559005205372785,-0.1996972838024499,0.15555580184919338,0.0,-0.6746299940632302,-0.47247971450894716
15663.0,106,1,138.14,3.2081164428853115,0.0,9,0.0,0.1349978871811858,-0.42596643235245885,-0.22064442657381397,-0.06591117089994744,0.0,-0.6160747016164247,-0.47247971450894716
15664.0,51,1,386.43,10.261160925032401,0.0,17,0.0,-0.41534185112206634,-0.42596643235245885,-0.19034636017102946,-0.0451731250249885,0.0,-0.5223862337015359,-0.47247971450894716
15665.0,168,2,2222.21,11.137651898371843,0.0,92,0.6608695652173913,0.7553808649048518,-0.29559005205372785,0.03366823703749193,-0.04259598120289716,0.0,0.35594315300054696,1.8903315443552544
15667.0,40,1,301.32,14.085894745071426,0.0,13,0.0,-0.5254097987827168,-0.42596643235245885,-0.20073207216724756,-0.03392727146199914,0.0,-0.5692304676589803,-0.47247971450894716
15668.0,218,1,76.32000000000001,0.0,0.0,1,0.0,1.2556897179078084,-0.42596643235245885,-0.22818813137473284,-0.07534398620873628,0.0,-0.7097631695313136,-0.47247971450894716
15669.0,40,4,684.34,18.144984677298407,0.0,31,0.24242424242424243,-0.5254097987827168,-0.03483729145626595,-0.15399331751102086,-0.021992341314006975,0.0,-0.3584314148504804,0.3942612576421955
15670.0,297,1,173.05,3.5534527596622865,0.0,12,0.0,2.0461777056524797,-0.42596643235245885,-0.21638446645411039,-0.06489577954693132,0.0,-0.5809415261483414,-0.47247971450894716
15671.0,19,7,2657.13,49.59911796239277,0.0,52,0.0,-0.7355395170439585,0.3562918494399269,0.0867401893509119,0.07049215395246658,0.0,-0.11249918657389722,-0.47247971450894716
15673.0,88,4,2726.23,16.357989284108857,0.0,107,0.2898550724637681,-0.045113299899878535,-0.03483729145626595,0.09517225020085515,-0.02724663859457988,0.0,0.5316090303409635,0.5638410130630712
15674.0,73,5,2446.6,30.66048931593195,0.0,88,0.18421052631578946,-0.19520595580076547,0.09553908884246501,0.06104985981779244,0.014806960037518385,0.0,0.30909891904310255,0.18612937946116445
15675.0,81,3,323.69,6.491732030968681,0.0,20,0.0,-0.11515653932029245,-0.1652136717549969,-0.19800232974737444,-0.05625636567735604,0.0,-0.48725305823345255,-0.47247971450894716
15676.0,19,3,3435.76,8.332475239008469,0.0,191,0.0,-0.7355395170439585,-0.1652136717549969,0.18175401770968638,-0.050844033855406805,0.0,1.515337943447296,-0.47247971450894716
15677.0,49,1,657.23,8.322299839660436,0.0,33,0.0,-0.4353542052421846,-0.42596643235245885,-0.1573014675781983,-0.0508739525520788,0.0,-0.3350092978717582,-0.47247971450894716
15678.0,53,1,352.7,15.073423833376614,0.0,12,0.0,-0.3953294970019481,-0.42596643235245885,-0.19446232851355602,-0.031023642598184718,0.0,-0.5809415261483414,-0.47247971450894716
15679.0,24,4,781.28,6.024619282404071,0.0,98,0.0,-0.6855086317436628,-0.03483729145626595,-0.14216402693513808,-0.05762981591335428,0.0,0.4262095039367136,-0.47247971450894716
15680.0,9,3,1333.68,8.864148434707504,0.0,61,0.4230769230769231,-0.8356012876445498,-0.1652136717549969,-0.07475635090751646,-0.04928075672723872,0.0,-0.007099660169647285,1.0401499628509796
15681.0,25,5,1426.16,16.11513168968554,0.0,32,0.0,-0.6755024546836037,0.09553908884246501,-0.06347130043859095,-0.0279607120627086,0.0,-0.3467203563611193,-0.47247971450894716
15683.0,117,1,193.75,8.136517477807484,0.0,10,1.0,0.24506583484183622,-0.42596643235245885,-0.21385850900702175,-0.051420207882329025,0.0,-0.6043636431270636,3.102826795614516
15687.0,9,9,2993.1,5.590371220531923,0.0,119,0.0,-0.8356012876445498,0.6170446100373889,0.1277375769595289,-0.0589066342080654,0.0,0.6721417322132968,-0.47247971450894716
15689.0,120,2,254.1,21.963833909406617,0.0,8,0.0,0.27508436602201364,-0.29559005205372785,-0.20649418379292514,-0.010763790187543204,0.0,-0.6277857601057858,-0.47247971450894716
15690.0,4,2,239.76,9.271398009611687,0.0,19,0.0,-0.8856321729448454,-0.29559005205372785,-0.20824404996641552,-0.04808332200407794,0.0,-0.49896411672281366,-0.47247971450894716
15691.0,252,1,136.8,33.092597359530416,0.0,2,0.0,1.5958997379498188,-0.42596643235245885,-0.22080794265976078,0.021958080140144977,0.0,-0.6980521110419524,-0.47247971450894716
15692.0,28,1,191.04,5.571538060862222,0.0,12,0.0,-0.6454839235034263,-0.42596643235245885,-0.21418920198680969,-0.05896200929185924,0.0,-0.5809415261483414,-0.47247971450894716
15694.0,1,14,6479.4,82.44423295447987,0.0,42,0.038461538461538464,-0.9156507041250228,1.2689265115310437,0.5531600623597773,0.16706654862675768,0.0,-0.22960977146750827,-0.33496792565804473
15695.0,267,2,409.98,5.969843841997503,0.0,22,0.0,1.7459923938507056,-0.29559005205372785,-0.18747262597397932,-0.057790871979121035,0.0,-0.46383094125473034,-0.47247971450894716
15696.0,33,8,2711.11,7.383224430453654,0.0,140,0.39880952380952384,-0.5954530382031307,0.48666822973865786,0.09332720302211216,-0.05363511320624323,0.0,0.91807396048988,0.9533865722664816
15699.0,18,1,309.65,4.5432377746629315,0.0,18,0.0,-0.7455456941040176,-0.42596643235245885,-0.19971558784192156,-0.061985517588512236,0.0,-0.5106751752121748,-0.47247971450894716
15700.0,172,2,696.68,6.1376800805797815,0.0,85,0.9883720930232558,0.7954055731450883,-0.29559005205372785,-0.15248750519715254,-0.05729738358215855,0.0,0.27396574357501924,3.061253464101452
15701.0,2,4,1529.0,5.352830746454616,0.0,193,0.8391304347826087,-0.9056445270649637,-0.03483729145626595,-0.05092205097682303,-0.05960507376293335,0.0,1.5387600604260183,2.527668791812046
15703.0,265,1,211.5,37.03390338595164,0.0,5,1.0,1.7259800397305873,-0.42596643235245885,-0.21169253100287566,0.03354669061751626,0.0,-0.6629189355738692,3.102826795614516
15704.0,140,4,2293.62,18.212743949637744,0.0,79,0.6324786324786325,0.4752079072231962,-0.03483729145626595,0.04238218009529868,-0.021793108925527944,0.0,0.2036993926388526,1.7888252577058927
15705.0,201,1,143.1,17.768258215143096,0.0,6,1.0,1.085584707886803,-0.42596643235245885,-0.2200391730019512,-0.023100029018836184,0.0,-0.651207877084508,3.102826795614516
15706.0,64,4,1060.56,13.23857196516179,0.0,50,0.41818181818181815,-0.28526154934129766,-0.03483729145626595,-0.10808434597750927,-0.036418652131033936,0.0,-0.13592130355261944,1.0226484624517738
15707.0,35,4,916.98,4.314551509138807,0.0,126,0.0,-0.5754406840830124,-0.03483729145626595,-0.12560497255977918,-0.06265792314010299,0.0,0.7541191416388245,-0.47247971450894716
15708.0,41,7,3235.25,9.80332721382506,0.0,124,1.0,-0.5154036217226576,0.3562918494399269,0.1572863980132736,-0.04651929213483071,0.0,0.7306970246601023,3.102826795614516
15709.0,284,1,133.25,8.540858075548773,0.0,6,0.0,1.916097403871711,-0.42596643235245885,-0.22124113826059,-0.05023132641613493,0.0,-0.651207877084508,-0.47247971450894716
15712.0,9,5,1072.3600000000001,16.79674885821943,0.0,41,0.0,-0.8356012876445498,0.09553908884246501,-0.1066444282057389,-0.025956555113749117,0.0,-0.24132082995686938,-0.47247971450894716
15713.0,143,2,356.7,10.197260095255608,0.0,18,0.0,0.5052264384033736,-0.29559005205372785,-0.19397422079431184,-0.04536101244618844,0.0,-0.5106751752121748,-0.47247971450894716
15714.0,12,2,330.03000000000003,9.45236469390572,0.0,34,0.0,-0.8055827564643724,-0.29559005205372785,-0.19722867901237243,-0.04755122619634152,0.0,-0.3232982393823971,-0.47247971450894716
15716.0,146,4,1101.1100000000001,12.344877631157956,0.0,101,1.0,0.535244969583551,-0.03483729145626595,-0.10313615397367133,-0.0390463789437139,0.0,0.4613426794047969,3.102826795614516
15717.0,234,1,150.3,9.458103101875889,0.0,7,0.0,1.4157885508687544,-0.42596643235245885,-0.21916057910731168,-0.04753435357232281,0.0,-0.639496818595147,-0.47247971450894716
15719.0,33,13,5030.07,4.827489679440777,0.0,299,0.0,-0.5954530382031307,1.1385501312323127,0.37630277217673447,-0.06114973255181657,0.0,2.7801322602982954,-0.47247971450894716
15720.0,24,1,598.73,6.402682969384543,0.0,128,0.0,-0.6855086317436628,-0.42596643235245885,-0.16444004297214446,-0.056518196370318255,0.0,0.7775412586175467,-0.47247971450894716
15721.0,12,1,471.40000000000003,8.61817559260876,0.0,80,0.0,-0.8055827564643724,-0.42596643235245885,-0.1799777319449849,-0.05000398994891336,0.0,0.2154104511282137,-0.47247971450894716
15722.0,36,5,2211.21,35.77322675057911,0.0,45,0.31343283582089554,-0.5654345070229533,0.09553908884246501,0.03232594080957042,0.029839926827209696,0.0,-0.19447659599942496,0.6481387438879593
15723.0,365,1,190.7,6.099251405690298,0.0,37,0.0,2.7265977457365005,-0.42596643235245885,-0.2142306911429454,-0.057410375301520204,0.0,-0.2881650639143138,-0.47247971450894716
15724.0,201,2,218.25,8.55922946829381,0.0,11,0.5454545454545454,1.085584707886803,-0.29559005205372785,-0.2108688492266511,-0.050177309064266845,0.0,-0.5926525846377025,1.4776874728311236
15725.0,15,1,415.25,6.2692457792886875,0.0,32,0.0,-0.775564225284195,-0.42596643235245885,-0.1868295440538751,-0.05691054134653922,0.0,-0.3467203563611193,-0.47247971450894716
15727.0,17,7,5159.06,22.141398493827317,0.0,213,0.0,-0.7555518711640767,0.3562918494399269,0.39204302585306133,-0.010241697564023619,0.0,1.7729812302132404,-0.47247971450894716
15729.0,213,1,85.0,3.4641016151377544,0.0,5,0.0,1.2056588326075126,-0.42596643235245885,-0.22712893762397296,-0.06515849845347163,0.0,-0.6629189355738692,-0.47247971450894716
15730.0,66,3,1120.88,4.87497742416602,0.0,68,0.0,-0.2652491952211794,-0.1652136717549969,-0.10072368157130697,-0.061010104476153196,0.0,0.07487774925588045,-0.47247971450894716
15732.0,212,2,294.12,9.274884910870329,0.0,13,0.0,1.1956526555474536,-0.29559005205372785,-0.20161066606188707,-0.04807306947859817,0.0,-0.5692304676589803,-0.47247971450894716
15733.0,283,1,162.3,2.134400774612552,0.0,10,0.0,1.9060912268116517,-0.42596643235245885,-0.21769625594957911,-0.06906821391047503,0.0,-0.6043636431270636,-0.47247971450894716
15734.0,115,2,1339.45,61.25544609633938,0.0,25,0.0,0.22505348072171796,-0.29559005205372785,-0.07405225552250673,0.10476522116297876,0.0,-0.42869776578664703,-0.47247971450894716
15737.0,15,8,1188.1200000000001,5.184255994964752,0.0,60,0.0,-0.775564225284195,0.48666822973865786,-0.09251859081081226,-0.060100733607218404,0.0,-0.01881071865900839,-0.47247971450894716
15738.0,19,16,4812.42,20.25481548843369,0.0,46,0.15028901734104047,-0.7355395170439585,1.5296792721285057,0.3497436109033605,-0.015788812006843754,0.0,-0.18276553751006386,0.0648495875905329
15739.0,66,1,449.12,33.58585416510946,0.0,8,0.0,-0.2652491952211794,-0.42596643235245885,-0.182696491941175,0.023408401669822887,0.0,-0.6277857601057858,-0.47247971450894716
15740.0,49,1,154.88,6.566925544812513,0.0,9,0.0,-0.4353542052421846,-0.42596643235245885,-0.21860169576877708,-0.05603527441052228,0.0,-0.6160747016164247,-0.47247971450894716
15743.0,16,4,775.96,6.4037109923328215,0.0,59,0.0,-0.7655580482241359,-0.03483729145626595,-0.14281321020173285,-0.056515173677477465,0.0,-0.030521777148369494,-0.47247971450894716
15744.0,78,1,34.8,4.018357873559794,0.0,3,0.0,-0.14517507050046982,-0.42596643235245885,-0.23325468950048744,-0.06352882041262928,0.0,-0.6863410525525914,-0.47247971450894716
15745.0,19,4,1094.59,7.799565922713934,0.0,57,0.7096774193548387,-0.7355395170439585,-0.03483729145626595,-0.10393176955603939,-0.052410945545313614,0.0,-0.053943894127091704,2.0648345829980266
15746.0,134,1,196.88,4.8285752168044995,0.0,28,0.0,0.41517084486284145,-0.42596643235245885,-0.21347656471671317,-0.06114654074950981,0.0,-0.3935645903185637,-0.47247971450894716
15747.0,13,3,946.64,12.683606829181256,0.0,52,0.5222222222222223,-0.7955765794043133,-0.1652136717549969,-0.12198565382158358,-0.03805041448246938,0.0,-0.11249918657389722,1.3946247963333058
15748.0,40,1,144.36,4.204722407759612,0.0,19,1.0,-0.5254097987827168,-0.42596643235245885,-0.2198854190703893,-0.06298085332274576,0.0,-0.49896411672281366,3.102826795614516
15749.0,235,2,8777.0,189.50461735799473,0.0,1,0.0,1.4257947279288135,-0.29559005205372785,0.8335291362936358,0.481855880917336,0.0,-0.7097631695313136,-0.47247971450894716
15750.0,3,8,2463.05,6.338440152309032,0.0,214,0.0,-0.8956383500049045,0.48666822973865786,0.06305720281318418,-0.05670708933576329,0.0,1.7846922887026015,-0.47247971450894716
15752.0,40,7,2626.6,5.049807821405239,0.0,236,0.0,-0.5254097987827168,0.3562918494399269,0.08301470718378066,-0.06049605117513381,0.0,2.0423355754685457,-0.47247971450894716
15753.0,305,1,79.2,0.0,0.0,1,0.0,2.1262271221329527,-0.42596643235245885,-0.22783669381687702,-0.07534398620873628,0.0,-0.7097631695313136,-0.47247971450894716
15754.0,51,3,458.57,2.9267269355981194,0.0,24,0.0,-0.41534185112206634,-0.1652136717549969,-0.18154333745446063,-0.06673853963774923,0.0,-0.44040882427600814,-0.47247971450894716
15755.0,10,6,2364.25,5.845451634609882,0.0,127,0.0,-0.8255951105844906,0.22591546914119598,0.05100094214785285,-0.05815662201937977,0.0,0.7658302001281856,-0.47247971450894716
15756.0,61,4,528.01,2.1121427350061843,0.0,160,0.5497382198952879,-0.31528008052147505,-0.03483729145626595,-0.1730697874483816,-0.0691336591586387,0.0,1.152295130277102,1.4930029219463596
15757.0,66,2,714.42,6.250808456802716,0.0,43,0.0,-0.2652491952211794,-0.29559005205372785,-0.15032274746230462,-0.05696475255143001,0.0,-0.21789871297814717,-0.47247971450894716
15758.0,25,1,205.25,7.722873673560755,0.0,9,0.0,-0.6755024546836037,-0.42596643235245885,-0.2124551993141947,-0.05263644353915418,0.0,-0.6160747016164247,-0.47247971450894716
15759.0,218,3,253.04,24.646186607378315,0.0,5,0.0,1.2556897179078084,-0.1652136717549969,-0.20662353233852485,-0.0028768764662188413,0.0,-0.6629189355738692,-0.47247971450894716
15762.0,65,2,583.75,4.2851908195972275,0.0,37,0.0,-0.27525537228123853,-0.29559005205372785,-0.16626800638071393,-0.06274425228890887,0.0,-0.2881650639143138,-0.47247971450894716
15763.0,32,2,1086.92,8.975876406666908,0.0,58,0.0,-0.6054592152631898,-0.29559005205372785,-0.10486771610769008,-0.04895224330103318,0.0,-0.0422328356377306,-0.47247971450894716
15764.0,88,6,3279.97,15.08809533674649,0.0,150,0.0,-0.045113299899878535,0.22591546914119598,0.16274344231442353,-0.030980504020126795,0.0,1.035184545383491,-0.47247971450894716
15766.0,64,1,315.06,21.420811290976733,0.0,11,0.0,-0.28526154934129766,-0.42596643235245885,-0.1990554221516438,-0.012360437989870847,0.0,-0.5926525846377025,-0.47247971450894716
15768.0,116,3,621.8299999999999,45.527406532593595,0.0,23,0.0,0.2350596577817771,-0.1652136717549969,-0.16162122089350933,0.05852011285241316,0.0,-0.45211988276536924,-0.47247971450894716
15769.0,7,26,54272.72,272.8589226339311,0.0,26,0.007751937984496124,-0.855613641764668,2.8334430751158153,6.385232167436622,0.7269422987136801,0.0,-0.41698670729728593,-0.4447641601669048
15773.0,6,1,635.6800000000001,149.4067641485262,0.0,10,1.0,-0.8656198188247272,-0.42596643235245885,-0.15993114791562632,0.3639562814677396,0.0,-0.6043636431270636,3.102826795614516
15774.0,69,1,270.8,6.154467889265488,0.0,25,1.0,-0.23523066404100199,-0.42596643235245885,-0.20445633406508068,-0.05724802243782641,0.0,-0.42869776578664703,3.102826795614516
15775.0,245,1,104.9,2.3919507878358566,0.0,7,0.0,1.5258564985294047,-0.42596643235245885,-0.22470060172073314,-0.06831094036671097,0.0,-0.639496818595147,-0.47247971450894716
15776.0,133,1,241.62,4.942980763014298,0.0,18,0.0,0.4051646678027823,-0.42596643235245885,-0.20801707987696696,-0.06081015445963825,0.0,-0.5106751752121748,-0.47247971450894716
15777.0,241,4,1047.11,65.11514085869445,0.0,18,0.0,1.4858317902891682,-0.03483729145626595,-0.10972560818346783,0.11611387028147853,0.0,-0.5106751752121748,-0.47247971450894716
15780.0,184,3,475.28000000000003,5.202449522530974,0.0,26,0.0,0.915479697865798,-0.1652136717549969,-0.17950426745731807,-0.060047239231810635,0.0,-0.41698670729728593,-0.47247971450894716
15781.0,25,3,345.46,5.676464893242143,0.0,20,0.0,-0.6755024546836037,-0.1652136717549969,-0.195345803485388,-0.05865349323628682,0.0,-0.48725305823345255,-0.47247971450894716
15782.0,10,3,2614.7400000000002,34.68048364015343,0.0,34,0.4883720930232558,-0.8255951105844906,-0.1652136717549969,0.0815674677962217,0.02662693748467623,0.0,-0.3232982393823971,1.2736002090397207
15783.0,11,1,246.3,5.84764834859204,0.0,14,0.0,-0.8155889335244315,-0.42596643235245885,-0.2074459938454513,-0.058150163027741265,0.0,-0.5575194091696192,-0.47247971450894716
15785.0,33,5,2328.9700000000003,28.313924846781827,0.0,58,0.0,-0.5954530382031307,0.09553908884246501,0.04669583206411919,0.007907363454374492,0.0,-0.0422328356377306,-0.47247971450894716
15786.0,46,3,4919.0,9.056968288291454,0.0,257,0.0,-0.465372736422362,-0.1652136717549969,0.3627492410826217,-0.04871380908082184,0.0,2.288267803745129,-0.47247971450894716
15787.0,26,3,933.26,4.660266271211654,0.0,156,1.0,-0.6654962776235446,-0.1652136717549969,-0.12361837414245537,-0.06164141904550034,0.0,1.1054508963196576,3.102826795614516
15789.0,358,1,351.3,4.609323883897362,0.0,25,0.0,2.6565545063160867,-0.42596643235245885,-0.1946331662152915,-0.0617912047965725,0.0,-0.42869776578664703,-0.47247971450894716
15790.0,10,1,218.75,5.230814302854264,0.0,34,0.0,-0.8255951105844906,-0.42596643235245885,-0.21080783576174558,-0.05996383835194004,0.0,-0.3232982393823971,-0.47247971450894716
15791.0,44,2,1612.69,11.68944685687992,0.0,66,0.0,-0.48538509054248025,-0.29559005205372785,-0.04070961722093661,-0.04097354011492772,0.0,0.051455632277158235,-0.47247971450894716
15793.0,15,3,965.61,53.440131859697146,0.0,6,0.0,-0.775564225284195,-0.1652136717549969,-0.11967080296306803,0.08178587577859128,0.0,-0.651207877084508,-0.47247971450894716
15795.0,150,1,610.01,5.576673569004921,0.0,42,0.0,0.5752696778237875,-0.42596643235245885,-0.16306357920387587,-0.058946909372423875,0.0,-0.22960977146750827,-0.47247971450894716
15796.0,1,8,2708.61,13.266478243532488,0.0,70,0.2878787878787879,-0.9156507041250228,0.48666822973865786,0.09302213569758454,-0.03633659938310135,0.0,0.09829986623460266,0.5567751899205348
15797.0,113,4,2207.4,120.63195205725081,0.0,8,0.0,0.2050411266015997,-0.03483729145626595,0.031861018206990346,0.2793497863998771,0.0,-0.6277857601057858,-0.47247971450894716
15799.0,76,3,884.14,7.773863340116137,0.0,94,0.8469387755102041,-0.16518742462058808,-0.1652136717549969,-0.12961233693477392,-0.05248651877306899,0.0,0.37936526997926917,2.55558600324868
15800.0,107,2,696.89,5.806354515156086,0.0,116,0.0,0.14500406424124493,-0.29559005205372785,-0.15246187954189222,-0.05827157916432105,0.0,0.6370085567452135,-0.47247971450894716
15801.0,46,3,1063.95,5.9630877280965935,0.0,61,0.0,-0.465372736422362,-0.1652136717549969,-0.1076706746854498,-0.057810736960884325,0.0,-0.007099660169647285,-0.47247971450894716
15802.0,143,1,451.42,0.0,0.0,1,0.0,0.5052264384033736,-0.42596643235245885,-0.18241583000260958,-0.07534398620873628,0.0,-0.7097631695313136,-0.47247971450894716
15803.0,51,1,415.82000000000005,35.83669219030765,0.0,8,0.0,-0.41534185112206634,-0.42596643235245885,-0.18675998870388283,0.030026534072335735,0.0,-0.6277857601057858,-0.47247971450894716
15804.0,1,13,4206.39,15.505313283918666,0.0,170,0.1183206106870229,-0.9156507041250228,1.1385501312323127,0.2757916306299725,-0.02975375932140644,0.0,1.269405715170713,-0.04944726483785034
15805.0,23,17,5488.18,11.677357438564457,0.0,220,0.0,-0.695514808803722,1.6600556524272365,0.4322045289924727,-0.04100908659592076,0.0,1.854958639638768,-0.47247971450894716
15806.0,46,3,784.58,27.73621235314809,0.0,24,0.0,-0.465372736422362,-0.1652136717549969,-0.1417613380667616,0.0062087171143664095,0.0,-0.44040882427600814,-0.47247971450894716
15807.0,50,3,903.9,9.782012068403054,0.0,48,0.0,-0.42534802818212547,-0.1652136717549969,-0.1272010848017077,-0.0465819649940069,0.0,-0.15934342053134165,-0.47247971450894716
15808.0,306,4,3651.27,16.456425251369918,0.0,142,0.5743589743589743,2.1362332991930115,-0.03483729145626595,0.20805204135326483,-0.02695720761055971,0.0,0.9414960774686022,1.5810296656645288
15809.0,36,5,515.77,4.005651952307541,0.0,31,0.0,-0.5654345070229533,0.09553908884246501,-0.17456339706926882,-0.06356617959538785,0.0,-0.3584314148504804,-0.47247971450894716
15810.0,79,4,1391.98,6.258981724023067,0.0,66,0.0,-0.1351688934404107,-0.03483729145626595,-0.0676421808995325,-0.056940720717944066,0.0,0.051455632277158235,-0.47247971450894716
15811.0,22,6,2218.62,5.897724366222253,0.0,117,0.0,-0.7055209858637811,0.22591546914119598,0.033230160359470254,-0.05800292466089426,0.0,0.6487196152345746,-0.47247971450894716
15812.0,107,5,1801.14,68.32244790286005,0.0,36,0.0,0.14500406424124493,0.09553908884246501,-0.017713642298045056,0.1255443057176006,0.0,-0.2998761224036749,-0.47247971450894716
15813.0,208,2,1303.9099999999999,33.77057089997527,0.0,40,0.0,1.155627947307217,-0.29559005205372785,-0.07838909260799132,0.023951523740187834,0.0,-0.2530318884462305,-0.47247971450894716
15814.0,17,4,1945.33,25.544746636669,0.0,63,0.0,-0.7555518711640767,-0.03483729145626595,-0.00011857928859040555,-0.00023484306404724482,0.0,0.016322456809074924,-0.47247971450894716
15815.0,64,5,2100.6,44.4814757515307,0.0,33,0.0,-0.28526154934129766,0.09553908884246501,0.01882854210317065,0.05544476566374622,0.0,-0.3350092978717582,-0.47247971450894716
15819.0,49,4,1905.45,6.570335056821415,0.0,96,0.1951219512195122,-0.4353542052421846,-0.03483729145626595,-0.004985013249454892,-0.05602524943242512,0.0,0.4027873869579914,0.22514106795416766
15820.0,320,1,206.98,20.842552662056253,0.0,17,0.0,2.2763197780338396,-0.42596643235245885,-0.21224409272562159,-0.014060690129850712,0.0,-0.5223862337015359,-0.47247971450894716
15821.0,44,2,570.96,6.07488911311534,0.0,57,0.5483870967741935,-0.48538509054248025,-0.29559005205372785,-0.1678287308129972,-0.05748200767847706,0.0,-0.053943894127091704,1.4881722426555324
15822.0,3,2,885.47,16.02232544574582,0.0,28,0.0,-0.8956383500049045,-0.29559005205372785,-0.12945004111812525,-0.028233589987862226,0.0,-0.3935645903185637,-0.47247971450894716
15823.0,372,1,15.0,0.0,0.0,1,0.0,2.7966409851569147,-0.42596643235245885,-0.23567082271074613,-0.07534398620873628,0.0,-0.7097631695313136,-0.47247971450894716
15825.0,172,1,532.94,54.2666823343656,0.0,20,0.0,0.7954055731450883,-0.42596643235245885,-0.17246819468441316,0.08421617969983146,0.0,-0.48725305823345255,-0.47247971450894716
15826.0,56,3,1654.31,14.55632521460318,0.0,64,0.0,-0.3653109658217707,-0.1652136717549969,-0.03563085640220091,-0.03254406614083291,0.0,0.028033515298436028,-0.47247971450894716
15827.0,73,14,1836.0900000000001,4.683026424357232,0.0,72,0.09565217391304348,-0.19520595580076547,1.2689265115310437,-0.013448801101149006,-0.06157449743437924,0.0,0.12172198321332486,-0.1304938744101811
15829.0,99,2,636.14,6.675794684280416,0.0,44,0.0,0.0649546477607719,-0.29559005205372785,-0.15987501552791325,-0.05571516680105413,0.0,-0.20618765448878607,-0.47247971450894716
15830.0,38,1,576.0,6.05319723461359,0.0,39,0.0,-0.545422152902835,-0.42596643235245885,-0.16721371508674954,-0.057545788244815745,0.0,-0.2647429469355916,-0.47247971450894716
15831.0,58,3,794.64,13.899044792857032,0.0,63,0.09090909090909091,-0.34529861170165244,-0.1652136717549969,-0.14053374715286251,-0.0344766658250383,0.0,0.016322456809074924,-0.14745184995226865
15832.0,254,1,836.79,3.866734967408046,0.0,54,0.0,1.615912092069937,-0.42596643235245885,-0.13539031206132696,-0.06397463679609726,0.0,-0.08907706959517502,-0.47247971450894716
15834.0,70,4,2225.15,12.472547555246843,0.0,242,0.0,-0.22522448698094286,-0.03483729145626595,0.03402699621113641,-0.038670991442712084,0.0,2.1126019264047122,-0.47247971450894716
15835.0,44,4,954.09,8.433362969752446,0.0,47,0.0,-0.48538509054248025,-0.03483729145626595,-0.12107655319449129,-0.05054739395845379,0.0,-0.17105447902070275,-0.47247971450894716
15836.0,50,1,137.37,4.573974809239285,0.0,10,0.0,-0.42534802818212547,-0.42596643235245885,-0.22073838730976847,-0.06189514157646267,0.0,-0.6043636431270636,-0.47247971450894716
15837.0,65,1,391.98,4.696048523932694,0.0,24,0.0,-0.27525537228123853,-0.42596643235245885,-0.18966911071057815,-0.06153620859343008,0.0,-0.44040882427600814,-0.47247971450894716
15838.0,11,19,31853.08,203.09084534783045,0.0,54,0.0,-0.8155889335244315,1.9208084130246985,3.64943233076771,0.5218034269783377,0.0,-0.08907706959517502,-0.47247971450894716
15839.0,33,3,1048.49,6.502331764568797,0.0,56,0.20967741935483872,-0.5954530382031307,-0.1652136717549969,-0.10955721102032857,-0.05622519931193498,0.0,-0.06565495261645281,0.2771813279362952
15840.0,59,2,355.56,5.525627241341603,0.0,26,0.0,-0.3352924346415933,-0.29559005205372785,-0.19411333149429644,-0.059097000738997506,0.0,-0.41698670729728593,-0.47247971450894716
15841.0,73,4,1224.06,30.870021658362816,0.0,36,0.0,-0.19520595580076547,-0.03483729145626595,-0.08813294295340329,0.01542304736556769,0.0,-0.2998761224036749,-0.47247971450894716
15843.0,304,1,118.95000000000002,2.49384062670985,0.0,8,0.0,2.1162209450728935,-0.42596643235245885,-0.22298612335688794,-0.06801135397418082,0.0,-0.6277857601057858,-0.47247971450894716
15844.0,46,1,130.73999999999998,4.666322671304169,0.0,11,0.0,-0.465372736422362,-0.42596643235245885,-0.22154742585441572,-0.06162361143018279,0.0,-0.5926525846377025,-0.47247971450894716
15845.0,18,8,3711.77,14.38781798183554,0.0,97,0.0,-0.7455456941040176,0.48666822973865786,0.21543467060683308,-0.033039527460018286,0.0,0.4144984454473525,-0.47247971450894716
15847.0,38,2,389.27,10.573058150696449,0.0,22,0.0,-0.545422152902835,-0.29559005205372785,-0.1899998036903661,-0.04425605453288175,0.0,-0.46383094125473034,-0.47247971450894716
15850.0,19,2,234.88,2.5191343675287206,0.0,87,0.5268817204301075,-0.7355395170439585,-0.29559005205372785,-0.20883954138389343,-0.0679369828627014,0.0,0.29738786055374145,1.4112839306098666
15852.0,187,2,160.71,12.594802688486421,0.0,22,0.0,0.9454982290459754,-0.29559005205372785,-0.21789027876797867,-0.038311525035263624,0.0,-0.46383094125473034,-0.47247971450894716
15853.0,52,1,110.8,3.0369816382823864,0.0,29,0.0,-0.4053356740620072,-0.42596643235245885,-0.22398064283484798,-0.06641435806084525,0.0,-0.3818535318292026,-0.47247971450894716
15854.0,4,12,2969.12,40.66567657530883,0.0,105,0.37681159420289856,-0.8856321729448454,1.0081737509335817,0.12481137118266002,0.04422518260760331,0.0,0.5081869133622413,0.8747372313346767
15855.0,137,5,712.24,6.610955885612836,0.0,59,0.0,0.44518937604301884,0.09553908884246501,-0.15058876616929268,-0.05590581212941539,0.0,-0.030521777148369494,-0.47247971450894716
15856.0,4,27,16143.64,35.7473909780664,0.0,295,0.07961783439490445,-0.8856321729448454,2.963819455414546,1.732457598516877,0.029763961981540587,0.0,2.7332880263408508,-0.18782155287491345
15857.0,19,1,297.0,18.757679745921386,0.0,14,0.0,-0.7355395170439585,-0.42596643235245885,-0.20125922850403127,-0.020190835812003326,0.0,-0.5575194091696192,-0.47247971450894716
15858.0,16,5,1427.57,10.327818684711492,0.0,145,0.0,-0.7655580482241359,0.09553908884246501,-0.0632992424675574,-0.04497713141093346,0.0,0.9766292529366855,-0.47247971450894716
15860.0,41,8,965.16,6.766705683530788,0.0,105,0.28776978417266186,-0.5154036217226576,0.48666822973865786,-0.11972571508148301,-0.055447861458267085,0.0,0.5081869133622413,0.5563854682603947
15861.0,12,8,3146.92,8.13653648125594,0.0,339,0.43148148148148147,-0.8055827564643724,0.48666822973865786,0.14650775930306395,-0.051420152006545615,0.0,3.2485745998727396,1.07019883522951
15862.0,8,4,832.88,6.137081078919306,0.0,142,0.0,-0.8456074647046089,-0.03483729145626595,-0.13586743735688814,-0.057299144824972996,0.0,0.9414960774686022,-0.47247971450894716
15863.0,26,2,68.84,2.961492513665488,0.0,18,0.0,-0.6654962776235446,-0.29559005205372785,-0.22910089280971946,-0.06663631851116263,0.0,-0.5106751752121748,-0.47247971450894716
15864.0,22,6,1936.3200000000002,67.50724361913048,0.0,16,0.1,-0.7055209858637811,0.22591546914119598,-0.001218041926187898,0.12314736296809162,0.0,-0.534097292190897,-0.1149490634966008
15865.0,41,3,895.13,16.05268184120248,0.0,37,0.225,-0.5154036217226576,-0.1652136717549969,-0.12827126097615055,-0.028144333167892905,0.0,-0.2881650639143138,0.3319642502688321
15866.0,101,1,211.89,4.0851227394332685,0.0,43,0.0,0.08496700188089015,-0.42596643235245885,-0.21164494050024935,-0.06333251187454701,0.0,-0.21789871297814717,-0.47247971450894716
15867.0,5,15,3810.14,7.545502778443957,0.0,302,0.14161220043572983,-0.8756259958847863,1.3993028918297747,0.22743845969234563,-0.05315796665858514,0.0,2.8152654357663787,0.033827307621826466
15869.0,277,2,149.64,7.16055145522027,0.0,13,0.0,1.8460541644512969,-0.29559005205372785,-0.21924111688098694,-0.05428983789813937,0.0,-0.5692304676589803,-0.47247971450894716
15870.0,33,1,351.44,3.8649821480587763,0.0,68,0.0,-0.5954530382031307,-0.42596643235245885,-0.19461608244511794,-0.06397979060565676,0.0,0.07487774925588045,-0.47247971450894716
15872.0,15,2,316.25,2.9733265390564467,0.0,101,0.0,-0.775564225284195,-0.29559005205372785,-0.19891021010516866,-0.06660152296123176,0.0,0.4613426794047969,-0.47247971450894716
15874.0,64,7,4405.88,47.40923353906816,0.0,110,0.0,-0.28526154934129766,0.3562918494399269,0.30013478285797796,0.06405324324564812,0.0,0.5667422058090468,-0.47247971450894716
15877.0,2,2,490.33,6.258976410559199,0.0,122,0.0,-0.9056445270649637,-0.29559005205372785,-0.1776677621636618,-0.05694073634110619,0.0,0.7072749076813801,-0.47247971450894716
15880.0,369,1,329.03000000000003,3.9549434076173755,0.0,95,1.0,2.766622453976737,-0.42596643235245885,-0.19735070594218349,-0.06371527777968243,0.0,0.3910763284686303,3.102826795614516
15881.0,312,5,501.39000000000004,26.723466003153014,0.0,26,0.0,2.1962703615533665,0.09553908884246501,-0.17631814431995163,0.0032309420104297947,0.0,-0.41698670729728593,-0.47247971450894716
15882.0,199,4,516.36,19.642112337401464,0.0,23,0.0,1.0655723537666848,-0.03483729145626595,-0.17449140118068032,-0.017590341273531453,0.0,-0.45211988276536924,-0.47247971450894716
15883.0,2,2,396.48,6.833063612563059,0.0,42,0.40816326530612246,-0.9056445270649637,-0.29559005205372785,-0.18911998952642844,-0.05525274943537799,0.0,-0.22960977146750827,0.9868290651332827
15885.0,93,3,379.35,8.601201181504003,0.0,18,0.0,0.004917585400417115,-0.1652136717549969,-0.19121031083409165,-0.0500538997597875,0.0,-0.5106751752121748,-0.47247971450894716
15886.0,60,1,181.09,16.80787989352469,0.0,12,0.0,-0.3252862575815342,-0.42596643235245885,-0.2154033699384296,-0.025923826563492482,0.0,-0.5809415261483414,-0.47247971450894716
15888.0,81,1,168.31,21.431810875990916,0.0,11,0.0,-0.11515653932029245,-0.42596643235245885,-0.21696287410141474,-0.012328095942517107,0.0,-0.5926525846377025,-0.47247971450894716
15889.0,157,2,420.07,4.692761599375301,0.0,79,0.6941176470588235,0.6453129172442014,-0.29559005205372785,-0.1862413742521859,-0.06154587312800537,0.0,0.2036993926388526,2.009203627812045
15891.0,227,1,511.68,7.4775251502673905,0.0,60,0.0,1.3457453114483404,-0.42596643235245885,-0.17506248721219597,-0.053357841078087935,0.0,-0.01881071865900839,-0.47247971450894716
15894.0,253,2,258.25,12.741803135629869,0.0,35,0.918918918918919,1.6059059150098778,-0.29559005205372785,-0.2059877720342093,-0.037879300054375335,0.0,-0.311587180893036,2.8129370785774785
15895.0,150,1,179.17,40.50159350400471,0.0,11,0.0,0.5752696778237875,-0.42596643235245885,-0.21563766164366677,0.04374272963731194,0.0,-0.5926525846377025,-0.47247971450894716
15897.0,194,2,208.59,22.917610673984512,0.0,17,1.0,1.0155414684663893,-0.29559005205372785,-0.21204762936862584,-0.007959403181569714,0.0,-0.5223862337015359,3.102826795614516
15898.0,1,5,1383.83,35.15566125923814,0.0,70,0.08333333333333333,-0.9156507041250228,0.09553908884246501,-0.06863670037749253,0.02802410083566257,0.0,0.09829986623460266,-0.1745375053319919
15899.0,369,1,56.25,4.262897097827564,0.0,4,0.0,2.766622453976737,-0.42596643235245885,-0.2306372118560405,-0.06280980245323196,0.0,-0.6746299940632302,-0.47247971450894716
15900.0,24,1,337.28,6.091867191874857,0.0,44,0.0,-0.6855086317436628,-0.42596643235245885,-0.19634398377124235,-0.057432087083608446,0.0,-0.20618765448878607,-0.47247971450894716
15901.0,17,3,351.73,2.874852444313721,0.0,102,0.0,-0.7555518711640767,-0.1652136717549969,-0.19458069463547273,-0.06689106605137374,0.0,0.473053737894158,-0.47247971450894716
15903.0,10,7,5126.76,66.74122834760873,0.0,46,0.08108108108108109,-0.8255951105844906,0.3562918494399269,0.38810155602016455,0.12089505052600401,0.0,-0.18276553751006386,-0.18258999747190957
15904.0,8,1,164.68,5.770402444181523,0.0,30,0.0,-0.8456074647046089,-0.42596643235245885,-0.21740583185662882,-0.058377288932500944,0.0,-0.3701424733398415,-0.47247971450894716
15906.0,20,7,1567.69,9.53128295459884,0.0,113,0.5333333333333333,-0.7255333399838994,0.3562918494399269,-0.04620082906243367,-0.04731918306733979,0.0,0.6018753812771301,1.4343504242235665
15907.0,4,3,882.72,4.420612873681399,0.0,175,0.0,-0.8856321729448454,-0.1652136717549969,-0.12978561517510562,-0.06234607122296105,0.0,1.3279610076175186,-0.47247971450894716
15909.0,174,1,191.94,23.997974914563102,0.0,7,1.0,0.8154179272652066,-0.42596643235245885,-0.21407937774997973,-0.004782811393513454,0.0,-0.639496818595147,3.102826795614516
15910.0,1,8,1228.88,3.7568399978911233,0.0,215,0.0,-0.9156507041250228,0.48666822973865786,-0.08754477315171404,-0.06429776065063098,0.0,1.7964033471919627,-0.47247971450894716
15912.0,178,2,264.62,11.909131809995063,0.0,19,0.0,0.8554426355054432,-0.29559005205372785,-0.20521046049131292,-0.040327601095647196,0.0,-0.49896411672281366,-0.47247971450894716
15916.0,16,8,1502.8600000000001,8.515435470076275,0.0,124,0.0,-0.7655580482241359,0.48666822973865786,-0.05411183492208375,-0.050306076427975084,0.0,0.7306970246601023,-0.47247971450894716
15917.0,248,1,123.1,8.055512887382644,0.0,12,0.0,1.5558750297095822,-0.42596643235245885,-0.22247971159817212,-0.051658385440483484,0.0,-0.5809415261483414,-0.47247971450894716
15918.0,191,2,334.23,7.6006011528441215,0.0,33,0.55,0.9855229372862119,-0.29559005205372785,-0.19671616590716604,-0.05299596107095011,0.0,-0.3350092978717582,1.4939388660589576
15919.0,20,2,525.69,3.790226842330906,0.0,103,0.680327868852459,-0.7255333399838994,-0.29559005205372785,-0.17335288992554324,-0.06419959341046044,0.0,0.4847647963835191,1.9599009440176711
15920.0,154,4,167.5,2.012346776284495,0.0,53,0.0,0.615294386064024,-0.03483729145626595,-0.2170617159145617,-0.06942708892153676,0.0,-0.10078812808453612,-0.47247971450894716
15921.0,173,1,323.03000000000003,17.63435369537606,0.0,24,0.0,0.8054117502051474,-0.42596643235245885,-0.19808286752104975,-0.023493748083110083,0.0,-0.44040882427600814,-0.47247971450894716
15922.0,373,1,369.5,17.00185016669977,0.0,11,0.0,2.8066471622169735,-0.42596643235245885,-0.19241227609273046,-0.02535349634174707,0.0,-0.5926525846377025,-0.47247971450894716
15923.0,373,1,127.08,4.855696948651436,0.0,21,0.0,2.8066471622169735,-0.42596643235245885,-0.22199404441752416,-0.06106679480140558,0.0,-0.47554199974409145,-0.47247971450894716
15925.0,194,1,207.15,10.558002673543205,0.0,12,1.0,1.0155414684663893,-0.42596643235245885,-0.21222334814755373,-0.04430032210792167,0.0,-0.5809415261483414,3.102826795614516
15930.0,67,1,426.63,6.422272628461496,0.0,21,0.0,-0.25524301816112027,-0.42596643235245885,-0.18544087759262542,-0.05646059695354994,0.0,-0.47554199974409145,-0.47247971450894716
15932.0,4,8,2495.87,20.805847379321627,0.0,93,0.0,-0.8856321729448454,0.48666822973865786,0.06706212664958267,-0.014168614564345743,0.0,0.36765421148990807,-0.47247971450894716
15933.0,21,3,1107.46,6.561754710416581,0.0,63,0.0,-0.7155271629238402,-0.1652136717549969,-0.1023612829693712,-0.05605047819963578,0.0,0.016322456809074924,-0.47247971450894716
15935.0,239,2,416.86,86.47375869258975,0.0,12,0.0,1.46581943616905,-0.29559005205372785,-0.18663308069687934,0.17891455126204117,0.0,-0.5809415261483414,-0.47247971450894716
15937.0,64,1,145.35,5.95599937637913,0.0,7,0.0,-0.28526154934129766,-0.42596643235245885,-0.21976461240987635,-0.05783157882051908,0.0,-0.639496818595147,-0.47247971450894716
15938.0,112,5,404.58,14.035652502697213,0.0,13,0.2777777777777778,0.19503494954154058,0.09553908884246501,-0.18813157139495898,-0.034074998578970346,0.0,-0.5692304676589803,0.5206609827475704
15939.0,90,15,6115.01,78.65882630424511,0.0,28,0.17105263157894737,-0.025100945779760273,1.3993028918297747,0.5086946694059304,0.15593632862507614,0.0,-0.3935645903185637,0.13908587274901368
15940.0,311,1,35.8,0.0,0.0,1,0.0,2.1862641844933073,-0.42596643235245885,-0.2331326625706764,-0.07534398620873628,0.0,-0.7097631695313136,-0.47247971450894716
15942.0,134,1,337.44,11.99464972302326,0.0,14,0.0,0.41517084486284145,-0.42596643235245885,-0.19632445946247257,-0.04007615302836241,0.0,-0.5575194091696192,-0.47247971450894716
15944.0,277,1,325.1,64.54540778914226,0.0,6,0.0,1.8460541644512969,-0.42596643235245885,-0.19783027177634088,0.11443868581854748,0.0,-0.651207877084508,-0.47247971450894716
15945.0,365,1,181.0,108.75302294649101,0.0,2,0.0,2.7265977457365005,-0.42596643235245885,-0.21541435236211257,0.24442220619421118,0.0,-0.6980521110419524,-0.47247971450894716
15947.0,83,1,1708.24,61.26187130558508,0.0,29,1.0,-0.09514418520017419,-0.42596643235245885,-0.02904994407749121,0.10478411318676097,0.0,-0.3818535318292026,3.102826795614516
15948.0,8,2,955.24,3.7011518439198645,0.0,51,0.0,-0.8456074647046089,-0.29559005205372785,-0.12093622222520858,-0.06446150036539826,0.0,-0.12421024506325833,-0.47247971450894716
15949.0,17,2,364.72,7.821237693890111,0.0,12,0.0,-0.7555518711640767,-0.29559005205372785,-0.19299556481722727,-0.05234722410048496,0.0,-0.5809415261483414,-0.47247971450894716
15950.0,32,4,1744.71,11.576760370246209,0.0,86,0.0,-0.6054592152631898,-0.03483729145626595,-0.02459962194728237,-0.04130487185900124,0.0,0.28567680206438034,-0.47247971450894716
15951.0,9,2,708.22,4.937793918389851,0.0,36,0.5365853658536586,-0.8356012876445498,-0.29559005205372785,-0.15107931442713307,-0.06082540532357939,0.0,-0.2998761224036749,1.4459774372646186
15952.0,34,4,781.91,7.547557251693069,0.0,65,0.8333333333333334,-0.5854468611430715,-0.03483729145626595,-0.14208714996935712,-0.05315192589695421,0.0,0.03974457378779713,2.5069423772606054
15953.0,15,8,1657.28,20.048710529080562,0.0,63,0.23711340206185566,-0.775564225284195,0.48666822973865786,-0.0352684364206621,-0.01639482181054494,0.0,0.016322456809074924,0.3752733755203276
15955.0,24,14,4416.26,17.317424511722574,0.0,137,0.10382513661202186,-0.6855086317436628,1.2689265115310437,0.30140142238941664,-0.024425614026442184,0.0,0.8829407850217966,-0.10127302766552745
15957.0,32,1,428.89,9.218434583966078,0.0,40,0.0,-0.6054592152631898,-0.42596643235245885,-0.18516509673125245,-0.048239050208190894,0.0,-0.2530318884462305,-0.47247971450894716
15958.0,74,1,104.35,14.863389826781008,0.0,7,0.0,-0.18519977874070634,-0.42596643235245885,-0.22476771653212924,-0.03164120496789703,0.0,-0.639496818595147,-0.47247971450894716
15963.0,20,2,470.76,6.801868946401508,0.0,26,0.35714285714285715,-0.7255333399838994,-0.29559005205372785,-0.180055829180064,-0.055344471020226875,0.0,-0.41698670729728593,0.804415467678004
15965.0,17,4,808.87,8.257513976250786,0.0,88,0.0,-0.7555518711640767,-0.03483729145626595,-0.13879730394165132,-0.051064442235057406,0.0,0.30909891904310255,-0.47247971450894716
15967.0,23,2,397.68,4.026687428342263,0.0,73,0.0,-0.695514808803722,-0.29559005205372785,-0.18897355721065517,-0.06350432904728569,0.0,0.13343304170268597,-0.47247971450894716
15969.0,3,3,666.1,17.358191604815108,0.0,20,0.0,-0.8956383500049045,-0.1652136717549969,-0.1562190887107743,-0.024305746662939564,0.0,-0.48725305823345255,-0.47247971450894716
15970.0,304,1,314.1,16.921073466914777,0.0,11,0.0,2.1162209450728935,-0.42596643235245885,-0.19917256800426236,-0.025591003833725777,0.0,-0.5926525846377025,-0.47247971450894716
15971.0,18,12,4199.85,145.23225333087353,0.0,10,0.0,-0.7455456941040176,1.0081737509335817,0.27499357450900824,0.35168197963097597,0.0,-0.6043636431270636,-0.47247971450894716
15973.0,367,1,307.82000000000005,84.8068871024046,0.0,4,0.0,2.746610099856619,-0.42596643235245885,-0.19993889712347576,0.1740134536449165,0.0,-0.6746299940632302,-0.47247971450894716
15974.0,39,7,3442.15,16.415284575208098,0.0,141,0.0,-0.5354159758427759,0.3562918494399269,0.18253376979117897,-0.02707817341925839,0.0,0.929785018979241,-0.47247971450894716
15975.0,84,1,371.01,4.328026272221956,0.0,24,0.0,-0.08513800814011506,-0.42596643235245885,-0.1922280154287158,-0.06261830333397816,0.0,-0.44040882427600814,-0.47247971450894716
15976.0,165,2,427.64,3.1997029193238897,0.0,83,0.0,0.7253623337246744,-0.29559005205372785,-0.18531763039351626,-0.06593590915844397,0.0,0.25054362659629703,-0.47247971450894716
15977.0,17,2,1054.73,12.898355185463943,0.0,48,0.0,-0.7555518711640767,-0.29559005205372785,-0.10879576297830765,-0.037418990524285774,0.0,-0.15934342053134165,-0.47247971450894716
15978.0,77,1,1098.78,12.995829446141453,0.0,49,0.0,-0.15518124756052895,-0.42596643235245885,-0.10342047672013109,-0.0371323872432949,0.0,-0.14763236204198055,-0.47247971450894716
15980.0,89,3,2398.86,39.68539950380116,0.0,40,0.0,-0.035107122839819406,-0.1652136717549969,0.05522429418861315,0.04134287682737549,0.0,-0.2530318884462305,-0.47247971450894716
15981.0,25,8,3408.48,24.451872179708108,0.0,53,0.0,-0.6755024546836037,0.48666822973865786,0.17842512306444105,-0.0034482186044105497,0.0,-0.10078812808453612,-0.47247971450894716
15983.0,22,4,1465.12,15.479558031795252,0.0,82,0.0,-0.7055209858637811,-0.03483729145626595,-0.058717131253152643,-0.029829487413212535,0.0,0.2388325681069359,-0.47247971450894716
15984.0,3,10,2780.63,19.18985449136634,0.0,217,0.45348837209302323,-0.8956383500049045,0.7474209903361198,0.10181051518257604,-0.018920113683464048,0.0,1.8198254641706848,1.1488802145005304
15985.0,123,2,1142.42,24.383741777320864,0.0,29,0.7297297297297297,0.305102897202191,-0.29559005205372785,-0.09809522150317705,-0.0036485422254741097,0.0,-0.3818535318292026,2.1365277388243906
15986.0,30,1,168.12,3.7465940576698507,0.0,14,0.0,-0.6254715693833081,-0.42596643235245885,-0.21698605921807881,-0.06432788675842438,0.0,-0.5575194091696192,-0.47247971450894716
15987.0,12,7,1432.77,36.85850009530157,0.0,110,0.3984375,-0.8055827564643724,0.3562918494399269,-0.06266470243253995,0.03303095283969176,0.0,0.5667422058090468,0.9520564731183702
15988.0,19,1,156.78,5.575558088658031,0.0,26,1.0,-0.7355395170439585,-0.42596643235245885,-0.2183698446021361,-0.05895018921599568,0.0,-0.41698670729728593,3.102826795614516
15990.0,44,2,792.11,10.466948604271666,0.0,52,0.0,-0.48538509054248025,-0.29559005205372785,-0.14084247528528449,-0.044568048119069704,0.0,-0.11249918657389722,-0.47247971450894716
15992.0,4,1,41.989999999999995,0.8256108849411647,0.0,3,0.0,-0.8856321729448454,-0.42596643235245885,-0.232377315875146,-0.0729164449603982,0.0,-0.6863410525525914,-0.47247971450894716
15993.0,9,7,2777.67,4.9670256013327645,0.0,335,0.19337016574585636,-0.8356012876445498,0.3562918494399269,0.10144931547033535,-0.060739455492494834,0.0,3.201730365915295,0.2188778979458662
15994.0,55,1,414.27,12.965730727046985,0.0,31,1.0,-0.3753171428818298,-0.42596643235245885,-0.18694913044508996,-0.03722088641821696,0.0,-0.3584314148504804,3.102826795614516
15996.0,88,6,1032.58,5.323163414869708,0.0,103,0.2440944881889764,-0.045113299899878535,0.22591546914119598,-0.11149865947362232,-0.05969230453043421,0.0,0.4847647963835191,0.40023289819835495
15998.0,37,5,3080.22,4.673599681383007,0.0,370,0.23412698412698413,-0.5554283299628942,0.09553908884246501,0.13836856308466716,-0.06160221485892487,0.0,3.611617413042934,0.36459601603583197
16000.0,3,3,12393.7,501.0296043593078,0.0,9,0.0,-0.8956383500049045,-0.1652136717549969,1.2748639333412448,1.3978318807826504,0.0,-0.6160747016164247,-0.47247971450894716
16003.0,30,5,2735.37,39.503590326652365,0.0,82,0.0,-0.6254715693833081,0.09553908884246501,0.0962875763393281,0.04080830384038471,0.0,0.2388325681069359,-0.47247971450894716
16005.0,12,4,578.71,2.342565427281494,0.0,173,0.5870646766169154,-0.8055827564643724,-0.03483729145626595,-0.1668830221069616,-0.0684561479965962,0.0,1.3045388906387965,1.6264564456630362
16006.0,211,1,101.4,10.152576027787234,0.0,8,0.0,1.1856464784873944,-0.42596643235245885,-0.2251276959750718,-0.04549239687788804,0.0,-0.6277857601057858,-0.47247971450894716
16007.0,48,4,1693.81,4.404197800389276,0.0,221,1.0,-0.44536038230224373,-0.03483729145626595,-0.030810792674664605,-0.06239433641451549,0.0,1.8666696981281292,3.102826795614516
16008.0,24,3,478.78,9.046642374802696,0.0,29,0.3333333333333333,-0.6855086317436628,-0.1652136717549969,-0.1790771732029794,-0.04874417033377761,0.0,-0.3818535318292026,0.7192891221988739
16009.0,22,4,972.11,11.058047876524416,0.0,68,0.7073170731707317,-0.7055209858637811,-0.03483729145626595,-0.11887762791929624,-0.042830040673397005,0.0,0.07487774925588045,2.056395621919844
16010.0,246,3,392.4,5.968526672964962,0.0,62,0.8227848101265823,1.535862675589464,-0.1652136717549969,-0.18961785940005754,-0.057794744847340006,0.0,0.00461139831971382,2.4692281735673203
16011.0,8,16,3352.96,10.791036549841008,0.0,99,0.08095238095238096,-0.8456074647046089,1.5296792721285057,0.1716501879213318,-0.043615133289204314,0.0,0.4379205624260747,-0.18305013987990487
16012.0,35,3,1415.29,19.76716349539951,0.0,87,0.0,-0.5754406840830124,-0.1652136717549969,-0.06479773316563704,-0.017222653722737673,0.0,0.29738786055374145,-0.47247971450894716
16013.0,4,47,37130.6,304.7112288507913,0.0,30,0.0,-0.8856321729448454,5.571347061389165,4.2934318933841,0.820597540676283,0.0,-0.3701424733398415,-0.47247971450894716
16014.0,38,3,646.83,4.125817059382261,0.0,123,0.5217391304347826,-0.545422152902835,-0.1652136717549969,-0.15857054764823314,-0.06321285848570356,0.0,0.7189859661707412,1.3928975951206857
16015.0,4,3,704.55,6.759522513930185,0.0,146,0.3259668508287293,-0.8856321729448454,-0.1652136717549969,-0.1515271532595396,-0.05546898211064379,0.0,0.9883403114260466,0.6929516893434524
16016.0,3,8,1465.51,5.7609586543241385,0.0,156,0.0,-0.8956383500049045,0.48666822973865786,-0.05866954075052632,-0.05840505647994683,0.0,1.1054508963196576,-0.47247971450894716
16017.0,47,1,211.88,4.243725349113639,0.0,26,1.0,-0.45536655936230286,-0.42596643235245885,-0.21164616076954748,-0.06286617308939327,0.0,-0.41698670729728593,3.102826795614516
16018.0,39,2,408.90000000000003,12.394102903094149,0.0,26,0.5357142857142857,-0.5354159758427759,-0.29559005205372785,-0.18760441505817524,-0.03890164202192019,0.0,-0.41698670729728593,1.4428630587714795
16019.0,47,9,3786.2400000000002,28.15063722817303,0.0,133,0.0,-0.45536655936230286,0.6170446100373889,0.2245220160698617,0.007427249351295532,0.0,0.8360965510643522,-0.47247971450894716
16020.0,17,3,851.01,13.390736182422769,0.0,42,0.0,-0.7555518711640767,-0.1652136717549969,-0.13365508911941387,-0.03597124413210909,0.0,-0.22960977146750827,-0.47247971450894716
16022.0,260,1,602.63,7.230016834041478,0.0,68,0.0,1.6759491544302918,-0.42596643235245885,-0.1639641379458814,-0.05408558904980699,0.0,0.07487774925588045,-0.47247971450894716
16023.0,46,3,719.81,5.22505558452598,0.0,90,0.0,-0.465372736422362,-0.1652136717549969,-0.14966502231062306,-0.05998077069444479,0.0,0.33252103602182476,-0.47247971450894716
16024.0,12,1,251.03,3.3273324709514416,0.0,61,1.0,-0.8055827564643724,-0.42596643235245885,-0.20686880646744504,-0.06556064036447105,0.0,-0.007099660169647285,3.102826795614516
16025.0,30,1,439.65999999999997,3.811718147777356,0.0,28,0.0,-0.6254715693833081,-0.42596643235245885,-0.18385086669718748,-0.0641364025884843,0.0,-0.3935645903185637,-0.47247971450894716
16026.0,43,1,236.09,3.1489360562403177,0.0,30,0.0,-0.4953912676025394,-0.42596643235245885,-0.20869188879882208,-0.06608517881613857,0.0,-0.3701424733398415,-0.47247971450894716
16027.0,92,6,934.62,49.923430287457876,0.0,11,0.0,-0.0050885916596420154,0.22591546914119598,-0.12345241751791235,0.07144572852470114,0.0,-0.5926525846377025,-0.47247971450894716
16029.0,39,61,64074.81,280.2997642950404,0.0,42,0.0,-0.5354159758427759,7.396616385571399,7.581351115868174,0.7488205834894222,0.0,-0.22960977146750827,-0.47247971450894716
16030.0,310,1,331.24,5.989089711008049,0.0,28,0.0,2.176258007433248,-0.42596643235245885,-0.19708102642730108,-0.05773428340727033,0.0,-0.3935645903185637,-0.47247971450894716
16031.0,92,2,547.9,5.787333783049991,0.0,91,0.0,-0.0050885916596420154,-0.29559005205372785,-0.17064267181443993,-0.058327505766796045,0.0,0.34423209451118586,-0.47247971450894716
16033.0,6,20,8778.82,7.669987819836309,0.0,538,0.38563829787234044,-0.8656198188247272,2.0511847933234293,0.8337512253058919,-0.05279194365877629,0.0,5.579075239255599,0.906295402426963
16034.0,196,3,437.7,14.320705199207104,0.0,18,0.4090909090909091,1.0355538225865075,-0.1652136717549969,-0.18409003947961713,-0.03323685897670836,0.0,-0.5106751752121748,0.9901456759961061
16036.0,87,2,758.92,12.186965474421738,0.0,55,0.0,-0.055119476959937665,-0.29559005205372785,-0.14489254908571308,-0.0395106875921137,0.0,-0.07736601110581391,-0.47247971450894716
16037.0,270,3,855.02,21.109467505211406,0.0,37,0.0,1.776010925030883,-0.1652136717549969,-0.13316576113087158,-0.013275881204276778,0.0,-0.2881650639143138,-0.47247971450894716
16038.0,8,3,471.78000000000003,7.745664196578229,0.0,24,0.7307692307692307,-0.8456074647046089,-0.1652136717549969,-0.17993136171165672,-0.05256943263158837,0.0,-0.44040882427600814,2.140244273658199
16040.0,65,3,1313.55,8.512741411916249,0.0,57,0.0,-0.27525537228123853,-0.1652136717549969,-0.07721275300461282,-0.05031399775923195,0.0,-0.053943894127091704,-0.47247971450894716
16041.0,31,3,3166.4,296.74456804913325,0.0,6,0.0,-0.6154653923232489,-0.1652136717549969,0.14888484389578313,0.7971731914334539,0.0,-0.651207877084508,-0.47247971450894716
16042.0,22,5,1177.47,5.342847080680508,0.0,68,0.0,-0.7055209858637811,0.09553908884246501,-0.0938181776132999,-0.059634428705943814,0.0,0.07487774925588045,-0.47247971450894716
16043.0,38,4,773.99,12.303190582752084,0.0,30,0.0,-0.545422152902835,-0.03483729145626595,-0.14305360325346062,-0.03916895124910924,0.0,-0.3701424733398415,-0.47247971450894716
16045.0,120,4,1340.7,6.907701558183174,0.0,71,0.0,0.27508436602201364,-0.03483729145626595,-0.07389972186024292,-0.055033291704152755,0.0,0.11001092472396376,-0.47247971450894716
16048.0,373,2,256.44,19.987057955444214,0.0,8,0.0,2.8066471622169735,-0.29559005205372785,-0.20620864077716727,-0.016576098690850485,0.0,-0.6277857601057858,-0.47247971450894716
16049.0,40,3,1074.81,3.77215052900553,0.0,248,0.4983277591973244,-0.5254097987827168,-0.1652136717549969,-0.10634546222770186,-0.06425274314118179,0.0,2.182868277340879,1.3091947671244843
16050.0,174,1,137.9,6.449284198007301,0.0,10,1.0,0.8154179272652066,-0.42596643235245885,-0.22067371303696862,-0.0563811749153346,0.0,-0.6043636431270636,3.102826795614516
16052.0,54,1,362.06,9.841863510629166,0.0,34,1.0,-0.38532331994188895,-0.42596643235245885,-0.19332015645052464,-0.04640598397507113,0.0,-0.3232982393823971,3.102826795614516
16053.0,33,2,1511.95,10.2994518922114,0.0,81,0.0,-0.5954530382031307,-0.29559005205372785,-0.05300261013010135,-0.045060538207201566,0.0,0.2271215096175748,-0.47247971450894716
16054.0,145,1,783.9,7.048249096116779,0.0,70,1.0,0.5252387925234918,-0.42596643235245885,-0.14184431637903316,-0.054620040193169475,0.0,0.09829986623460266,3.102826795614516
16055.0,221,1,134.8,4.517584689695527,0.0,8,0.0,1.2857082490879856,-0.42596643235245885,-0.22105199651938287,-0.062060945278531045,0.0,-0.6277857601057858,-0.47247971450894716
16056.0,45,1,650.75,7.530627819863718,0.0,66,0.0,-0.4753789134824211,-0.42596643235245885,-0.15809220208337388,-0.05320170345539763,0.0,0.051455632277158235,-0.47247971450894716
16057.0,16,7,2263.12,5.141650142179357,0.0,109,0.19008264462809918,-0.7655580482241359,0.3562918494399269,0.03866035873606179,-0.06022600747041914,0.0,0.5550311473196857,0.2071240022913806
16059.0,66,6,1453.16,5.470295544669349,0.0,126,0.16853932584269662,-0.2652491952211794,0.22591546914119598,-0.06017657333369272,-0.05925969236342055,0.0,0.7541191416388245,0.13010003438826573
16062.0,10,4,1153.62,23.09531609001312,0.0,50,0.0,-0.8255951105844906,-0.03483729145626595,-0.09672851988929336,-0.007436896471289039,0.0,-0.13592130355261944,-0.47247971450894716
16063.0,260,1,335.32,2.911470907608351,0.0,23,0.0,1.6759491544302918,-0.42596643235245885,-0.196583156553672,-0.06678339689182189,0.0,-0.45211988276536924,-0.47247971450894716
16065.0,365,1,367.14,6.076058282025884,0.0,71,0.0,2.7265977457365005,-0.42596643235245885,-0.1927002596470845,-0.05747856997458,0.0,0.11001092472396376,-0.47247971450894716
16066.0,17,5,1521.04,17.19754453288016,0.0,77,0.6039603960396039,-0.7555518711640767,0.09553908884246501,-0.05189338533811896,-0.024778096774426543,0.0,0.18027727566013038,1.686863821308194
16070.0,22,2,852.15,28.136117166456092,0.0,32,0.0,-0.7055209858637811,-0.29559005205372785,-0.1335159784194293,0.007384556056682792,0.0,-0.3467203563611193,-0.47247971450894716
16071.0,45,1,326.24,4.5110449111570805,0.0,21,0.0,-0.4753789134824211,-0.42596643235245885,-0.1976911610763563,-0.06208017417006656,0.0,-0.47554199974409145,-0.47247971450894716
16072.0,288,1,584.3199999999999,21.489417875605916,0.0,23,0.0,1.9561221121119474,-0.42596643235245885,-0.16619845103072164,-0.012158714251566685,0.0,-0.45211988276536924,-0.47247971450894716
16073.0,297,1,122.39999999999999,0.0,0.0,1,0.0,2.0461777056524797,-0.42596643235245885,-0.22256513044903983,-0.07534398620873628,0.0,-0.7097631695313136,-0.47247971450894716
16076.0,3,10,2234.73,12.323667565600827,0.0,71,0.12403100775193798,-0.8956383500049045,0.7474209903361198,0.035196014198726214,-0.03910874283687352,0.0,0.11001092472396376,-0.029030845036269542
16078.0,284,1,79.2,0.0,0.0,1,0.0,1.916097403871711,-0.42596643235245885,-0.22783669381687702,-0.07534398620873628,0.0,-0.7097631695313136,-0.47247971450894716
16079.0,17,3,1352.0,85.91805432531406,0.0,18,0.5238095238095238,-0.7555518711640767,-0.1652136717549969,-0.07252081755337811,0.17728061535101028,0.0,-0.5106751752121748,1.4002998860319145
16080.0,82,2,217.16,12.433230741310428,0.0,10,0.0,-0.10515036226023332,-0.29559005205372785,-0.21100185858014514,-0.03878659455469223,0.0,-0.6043636431270636,-0.47247971450894716
16081.0,56,5,2799.42,11.025379493633261,0.0,175,0.0,-0.3653109658217707,0.09553908884246501,0.10410340119372559,-0.04292609542319652,0.0,1.3279610076175186,-0.47247971450894716
16083.0,101,2,1317.62,38.28714855556795,0.0,31,0.0,0.08496700188089015,-0.29559005205372785,-0.07671610340028187,0.03723160369099258,0.0,-0.3584314148504804,-0.47247971450894716
16084.0,299,1,436.18,9.479589318939984,0.0,38,1.0,2.0661900597725977,-0.42596643235245885,-0.18427552041292994,-0.04747117771170227,0.0,-0.2764540054249527,3.102826795614516
16085.0,23,5,981.51,3.84909963452975,0.0,123,0.3413173652694611,-0.695514808803722,0.09553908884246501,-0.11773057477907241,-0.06402648991331153,0.0,0.7189859661707412,0.7478344835571452
16086.0,59,5,1121.39,17.96479004918986,0.0,24,0.0,-0.3352924346415933,0.09553908884246501,-0.10066144783710333,-0.02252216704721979,0.0,-0.44040882427600814,-0.47247971450894716
16091.0,155,2,315.06,4.082721122573263,0.0,16,0.0,0.6253005631240831,-0.29559005205372785,-0.1990554221516438,-0.06333957334151251,0.0,-0.534097292190897,-0.47247971450894716
16092.0,115,3,817.86,4.575873172861946,0.0,37,0.0,0.22505348072171796,-0.1652136717549969,-0.13770028184265004,-0.06188955982350566,0.0,-0.2881650639143138,-0.47247971450894716
16093.0,107,1,17.0,0.0,0.0,1,0.0,0.14500406424124493,-0.42596643235245885,-0.23542676885112404,-0.07534398620873628,0.0,-0.7097631695313136,-0.47247971450894716
16094.0,12,4,1078.23,7.719785191968636,0.0,48,0.0,-0.8055827564643724,-0.03483729145626595,-0.10592813012774807,-0.05264552459246434,0.0,-0.15934342053134165,-0.47247971450894716
16096.0,264,1,320.62,32.67056440877443,0.0,12,1.0,1.7159738626705283,-0.42596643235245885,-0.19837695242189435,0.020717177900597843,0.0,-0.5809415261483414,3.102826795614516
16097.0,240,1,185.04999999999998,4.7532708037027875,0.0,10,0.0,1.4758256132291092,-0.42596643235245885,-0.21492014329637785,-0.061367958093104205,0.0,-0.6043636431270636,-0.47247971450894716
16098.0,88,7,2005.63,35.43095185809055,0.0,34,0.0,-0.045113299899878535,0.3562918494399269,0.0072396445790156696,0.028833536970993504,0.0,-0.3232982393823971,-0.47247971450894716
16099.0,50,3,731.9,8.462652729970086,0.0,29,0.0,-0.42534802818212547,-0.1652136717549969,-0.14818971672920753,-0.05046127336292975,0.0,-0.3818535318292026,-0.47247971450894716
16101.0,71,1,1290.7,4.332599163178142,0.0,76,0.0,-0.21521830992088373,-0.42596643235245885,-0.08000106835079521,-0.06260485767619582,0.0,0.16856621717076928,-0.47247971450894716
16102.0,42,3,1842.14,25.30977120196347,0.0,41,0.0,-0.5053974446625985,-0.1652136717549969,-0.012710538175792185,-0.0009257406412206498,0.0,-0.24132082995686938,-0.47247971450894716
16103.0,7,6,1429.64,24.53111925813288,0.0,30,0.0,-0.855613641764668,0.22591546914119598,-0.06304664672284852,-0.0032152086536028834,0.0,-0.3701424733398415,-0.47247971450894716
16104.0,62,1,298.21,9.977048283952396,0.0,28,1.0,-0.3052739034614159,-0.42596643235245885,-0.2011115759189599,-0.046008500585044416,0.0,-0.3935645903185637,3.102826795614516
16105.0,249,1,336.96,27.691175489675405,0.0,13,0.0,1.5658812067696413,-0.42596643235245885,-0.19638303238878188,0.0060762953576165525,0.0,-0.5692304676589803,-0.47247971450894716
16106.0,66,1,108.38,3.6404486902944617,0.0,6,0.0,-0.2652491952211794,-0.42596643235245885,-0.2242759480049907,-0.06463998566884768,0.0,-0.651207877084508,-0.47247971450894716
16107.0,18,7,3204.1600000000003,75.62255712858875,0.0,16,0.25806451612903225,-0.7455456941040176,0.3562918494399269,0.15349258076544822,0.1470087953289417,0.0,-0.534097292190897,0.45018003003904333
16108.0,85,1,842.5,6.113004957459881,0.0,48,0.0,-0.07513183108005593,-0.42596643235245885,-0.13469353829210587,-0.05736993577384343,0.0,-0.15934342053134165,-0.47247971450894716
16109.0,219,2,611.88,37.2824923428426,0.0,18,0.0,1.2656958949678674,-0.29559005205372785,-0.16283538884512924,0.03427761599379343,0.0,-0.5106751752121748,-0.47247971450894716
16110.0,45,3,1320.95,3.2630624865038187,0.0,283,0.0,-0.4753789134824211,-0.1652136717549969,-0.07630975372401107,-0.06574961321006013,0.0,2.5927553244685178,-0.47247971450894716
16112.0,143,4,195.73999999999998,11.6768139918387,0.0,15,0.0,0.5052264384033736,-0.03483729145626595,-0.21361567541669776,-0.041010684490724605,0.0,-0.5458083506802581,-0.47247971450894716
16113.0,183,1,161.38,5.509124677536685,0.0,30,0.0,0.9054735208057388,-0.42596643235245885,-0.21780852072500528,-0.059145523178648504,0.0,-0.3701424733398415,-0.47247971450894716
16114.0,171,1,135.75000000000003,2.2124546000184635,0.0,8,0.0,0.7853993960850292,-0.42596643235245885,-0.22093607093606238,-0.06883871247799703,0.0,-0.6277857601057858,-0.47247971450894716
16115.0,10,8,1660.8799999999999,4.353927620251609,0.0,169,0.6344086021505376,-0.8255951105844906,0.48666822973865786,-0.034829139473342347,-0.06254214567681013,0.0,1.257694656681352,1.795725490838196
16116.0,212,1,612.78,8.532941703635803,0.0,34,0.0,1.1956526555474536,-0.42596643235245885,-0.1627255646082993,-0.05025460290110677,0.0,-0.3232982393823971,-0.47247971450894716
16117.0,190,1,232.21,6.053130557011792,0.0,30,0.0,0.9755167602261527,-0.42596643235245885,-0.20916535328648891,-0.05754598429677153,0.0,-0.3701424733398415,-0.47247971450894716
16119.0,8,2,423.36,13.863090564516991,0.0,14,0.0,-0.8456074647046089,-0.29559005205372785,-0.18583990565310757,-0.034582381936513536,0.0,-0.5575194091696192,-0.47247971450894716
16120.0,59,4,1309.14,36.95135183939311,0.0,26,0.0,-0.3352924346415933,-0.03483729145626595,-0.07775089176507952,0.033303964548807505,0.0,-0.41698670729728593,-0.47247971450894716
16121.0,57,2,854.66,4.017188776975031,0.0,170,0.3480392156862745,-0.35530478876171157,-0.29559005205372785,-0.13320969082560355,-0.06353225790386706,0.0,1.269405715170713,0.7718671591124542
16122.0,73,4,684.4200000000001,19.14069314306969,0.0,26,0.0,-0.19520595580076547,-0.03483729145626595,-0.15398355535663596,-0.019064662650769074,0.0,-0.41698670729728593,-0.47247971450894716
16123.0,52,1,307.78,8.774122463243831,0.0,16,0.0,-0.4053356740620072,-0.42596643235245885,-0.1999437782006682,-0.04954545982543654,0.0,-0.534097292190897,-0.47247971450894716
16124.0,317,1,249.0,9.61844818328536,0.0,11,0.0,2.2463012468536623,-0.42596643235245885,-0.20711652113496146,-0.047062891402686616,0.0,-0.5926525846377025,-0.47247971450894716
16125.0,367,1,289.35,9.409344782224172,0.0,13,0.0,2.746610099856619,-0.42596643235245885,-0.20219273451708575,-0.0476777175156926,0.0,-0.5692304676589803,-0.47247971450894716
16126.0,29,4,6287.77,27.937141695835948,0.0,57,0.0,-0.6354777464433672,-0.03483729145626595,0.5297760418000867,0.006799509067661683,0.0,-0.053943894127091704,-0.47247971450894716
16127.0,39,1,656.25,6.071947133101497,0.0,40,0.0,-0.5354159758427759,-0.42596643235245885,-0.1574210539694131,-0.057490657973629,0.0,-0.2530318884462305,-0.47247971450894716
16128.0,18,5,1880.22,11.954623926442698,0.0,76,0.0,-0.7455456941040176,0.09553908884246501,-0.008063752688587576,-0.0401938407599187,0.0,0.16856621717076928,-0.47247971450894716
16131.0,52,6,3506.54,33.60119859448985,0.0,55,0.0,-0.4053356740620072,0.22591546914119598,0.19039108380171219,0.0234535188502435,0.0,-0.07736601110581391,-0.47247971450894716
16133.0,4,33,14589.04,49.298165634593595,0.0,219,0.07100591715976332,-0.8856321729448454,3.746077737206932,1.5427545334326258,0.06960726471124985,0.0,1.8432475811494071,-0.21861179663035804
16134.0,22,2,618.09,6.183226116687311,0.0,34,0.0,-0.7055209858637811,-0.29559005205372785,-0.16207760161100263,-0.057163464706613196,0.0,-0.3232982393823971,-0.47247971450894716
16135.0,263,1,517.55,34.77526385508061,0.0,21,0.0,1.705967685610469,-0.42596643235245885,-0.17434618913420516,0.026905619470898427,0.0,-0.47554199974409145,-0.47247971450894716
16136.0,60,3,709.38,10.09732896622925,0.0,35,0.0,-0.3252862575815342,-0.1652136717549969,-0.1509377631885523,-0.04565483964993439,0.0,-0.311587180893036,-0.47247971450894716
16139.0,19,3,635.41,8.658961906044082,0.0,25,0.0,-0.7355395170439585,-0.1652136717549969,-0.15996409518667531,-0.04988406607189356,0.0,-0.42869776578664703,-0.47247971450894716
16140.0,66,2,725.18,19.24647163123934,0.0,32,0.0,-0.2652491952211794,-0.29559005205372785,-0.14900973769753773,-0.018753642474191617,0.0,-0.3467203563611193,-0.47247971450894716
16141.0,88,1,620.4,7.811716664176916,0.0,30,0.0,-0.045113299899878535,-0.42596643235245885,-0.16179571940313914,-0.05237521875605092,0.0,-0.3701424733398415,-0.47247971450894716
16142.0,250,1,535.34,7.183616453106705,0.0,37,0.0,1.5758873838297005,-0.42596643235245885,-0.17217533005286667,-0.05422201995292643,0.0,-0.2881650639143138,-0.47247971450894716
16143.0,3,6,2424.94,24.06622271909788,0.0,75,0.13675213675213677,-0.8956383500049045,0.22591546914119598,0.05840675651808521,-0.004582142575261992,0.0,0.15685515868140817,0.01645109029426155
16144.0,247,1,175.2,0.0,0.0,1,0.0,1.545868852649523,-0.42596643235245885,-0.21612210855501662,-0.07534398620873628,0.0,-0.7097631695313136,-0.47247971450894716
16145.0,9,11,3799.4900000000002,8.86093583310956,0.0,134,0.11607142857142858,-0.8356012876445498,0.8777973706348507,0.22613887288985804,-0.0492902027302357,0.0,0.8478076095537134,-0.057488780298188005
16146.0,157,3,734.13,21.41344180994226,0.0,26,0.0,0.6453129172442014,-0.1652136717549969,-0.1479175966757289,-0.0123821064532067,0.0,-0.41698670729728593,-0.47247971450894716
16147.0,134,1,375.0,6.229591997090697,0.0,22,0.0,0.41517084486284145,-0.42596643235245885,-0.19174112797876972,-0.057027135245304374,0.0,-0.46383094125473034,-0.47247971450894716
16148.0,296,1,76.32000000000001,0.0,0.0,1,0.0,2.0361715285924205,-0.42596643235245885,-0.22818813137473284,-0.07534398620873628,0.0,-0.7097631695313136,-0.47247971450894716
16149.0,5,2,280.52,5.122612180865887,0.0,18,0.0,-0.8756259958847863,-0.29559005205372785,-0.2032702323073173,-0.06028198473188174,0.0,-0.5106751752121748,-0.47247971450894716
16150.0,43,5,2053.02,6.036172692131227,0.0,91,0.0,-0.4953912676025394,0.09553908884246501,0.013022500782761107,-0.05759584545683151,0.0,0.34423209451118586,-0.47247971450894716
16152.0,269,1,1829.04,31.857442557515796,0.0,29,0.0,1.7660047479708239,-0.42596643235245885,-0.014309090956316899,0.01832635812113718,0.0,-0.3818535318292026,-0.47247971450894716
16153.0,50,5,1824.23,11.75680309867966,0.0,78,0.0,-0.42534802818212547,0.09553908884246501,-0.014896040488708023,-0.040775492755954795,0.0,0.19198833414949149,-0.47247971450894716
16156.0,9,9,3092.04,19.08193379978481,0.0,108,0.0,-0.8356012876445498,0.6170446100373889,0.13981092139503376,-0.01923743257441109,0.0,0.5433200888303246,-0.47247971450894716
16157.0,16,3,656.69,25.85647439812036,0.0,12,0.0,-0.7655580482241359,-0.1652136717549969,-0.15736736212029626,0.0006817291529350821,0.0,-0.5809415261483414,-0.47247971450894716
16159.0,282,1,348.2,9.216909925318168,0.0,14,0.0,1.8960850497515926,-0.42596643235245885,-0.19501144969770573,-0.04824353315751356,0.0,-0.5575194091696192,-0.47247971450894716
16160.0,65,2,1025.44,46.637716112718536,0.0,20,0.0,-0.27525537228123853,-0.29559005205372785,-0.11236993175247317,0.061784752833958824,0.0,-0.48725305823345255,-0.47247971450894716
16161.0,2,19,5533.67,7.971860281810807,0.0,286,0.0,-0.9056445270649637,1.9208084130246985,0.4377555340295771,-0.05190434894975948,0.0,2.627888499936601,-0.47247971450894716
16162.0,252,1,37.4,9.616652224137045,0.0,2,0.0,1.5958997379498188,-0.42596643235245885,-0.23293741948297872,-0.047068172056069925,0.0,-0.6980521110419524,-0.47247971450894716
16163.0,232,2,856.6,159.71269726188544,0.0,5,0.0,1.3957761967486362,-0.29559005205372785,-0.1329729585817701,0.394258786184687,0.0,-0.6629189355738692,-0.47247971450894716
16164.0,17,3,822.48,18.43226435738332,0.0,27,0.0,-0.7555518711640767,-0.1652136717549969,-0.137136517426923,-0.021147653718511922,0.0,-0.4052756488079248,-0.47247971450894716
16168.0,11,27,3787.6,43.49170629526745,0.0,57,0.23469387755102042,-0.8155889335244315,2.963819455414546,0.22468797269440466,0.05253454945263677,0.0,-0.053943894127091704,0.36662283378533506
16169.0,8,4,1822.97,13.25105003819871,0.0,71,0.3058823529411765,-0.8456074647046089,-0.03483729145626595,-0.015049794420269939,-0.03638196288971046,0.0,0.11001092472396376,0.621143453293524
16170.0,51,6,1885.05,7.969443397409641,0.0,106,0.0,-0.41534185112206634,0.22591546914119598,-0.007474362617600234,-0.05191145530783119,0.0,0.5198979718516024,-0.47247971450894716
16171.0,59,1,73.2,0.8660254037844423,0.0,3,0.0,-0.3352924346415933,-0.42596643235245885,-0.2285688553957433,-0.07279761426992011,0.0,-0.6863410525525914,-0.47247971450894716
16172.0,95,5,1140.21,10.096100092827871,0.0,52,0.0,0.024929939520535373,0.09553908884246501,-0.09836490101805946,-0.04565845290276964,0.0,-0.11249918657389722,-0.47247971450894716
16173.0,16,6,1418.32,6.1427756522367,0.0,70,0.0,-0.7655580482241359,0.22591546914119598,-0.06442799156830957,-0.05728240108785445,0.0,0.09829986623460266,-0.47247971450894716
16174.0,126,3,1009.5500000000001,67.39894675523807,0.0,19,0.0,0.3351214283823684,-0.1652136717549969,-0.11430893966717069,0.12282893801880912,0.0,-0.49896411672281366,-0.47247971450894716
16175.0,94,4,1037.59,6.576407173123868,0.0,45,0.0,0.014923762460476244,-0.03483729145626595,-0.11088730455526899,-0.05600739560678186,0.0,-0.19447659599942496,-0.47247971450894716
16177.0,50,1,331.95,8.840891196189283,0.0,15,0.0,-0.42534802818212547,-0.42596643235245885,-0.19699438730713523,-0.04934913991701394,0.0,-0.5458083506802581,-0.47247971450894716
16178.0,138,1,197.9,11.809280551450081,0.0,8,1.0,0.45519555310307797,-0.42596643235245885,-0.2133520972483059,-0.04062119345645247,0.0,-0.6277857601057858,3.102826795614516
16179.0,61,1,215.83,11.197438505788236,0.0,11,0.0,-0.31528008052147505,-0.42596643235245885,-0.21116415439679387,-0.04242019081756106,0.0,-0.5926525846377025,-0.47247971450894716
16180.0,100,8,10254.18,67.74122131528485,0.0,90,0.14814814814814814,0.07496082482083102,0.48666822973865786,1.0137848764719164,0.1238353268975477,0.0,0.33252103602182476,0.05719532402786219
16181.0,73,1,305.54,38.32879838260712,0.0,11,0.0,-0.19520595580076547,-0.42596643235245885,-0.20021711852344495,0.03735406655451324,0.0,-0.5926525846377025,-0.47247971450894716
16182.0,72,4,6617.65,143.5490646145755,0.0,17,0.0,-0.2052121328608246,-0.03483729145626595,0.5700302854061543,0.346732904816099,0.0,-0.5223862337015359,-0.47247971450894716
16183.0,67,1,338.71000000000004,17.585301275564802,0.0,15,0.0,-0.25524301816112027,-0.42596643235245885,-0.19616948526161254,-0.023637976768310993,0.0,-0.5458083506802581,-0.47247971450894716
16184.0,64,6,1158.79,11.520007461768065,0.0,26,0.0,-0.28526154934129766,0.22591546914119598,-0.09609764066217025,-0.04147174226830267,0.0,-0.41698670729728593,-0.47247971450894716
16185.0,17,2,529.41,5.079383630374472,0.0,31,0.0,-0.7555518711640767,-0.29559005205372785,-0.17289894974664613,-0.0604090895113097,0.0,-0.3584314148504804,-0.47247971450894716
16186.0,23,12,4006.94,9.762425464027068,0.0,87,0.0871559633027523,-0.695514808803722,1.0081737509335817,0.2514533594791595,-0.04663955542904698,0.0,0.29738786055374145,-0.16087043151653518
16187.0,32,15,6911.4400000000005,14.632523825505219,0.0,160,0.1152542372881356,-0.6054592152631898,1.3993028918297747,0.6058805771153415,-0.032320019590085285,0.0,1.152295130277102,-0.06041048961336155
16188.0,45,4,981.86,6.076603499154275,0.0,65,0.0,-0.4753789134824211,-0.03483729145626595,-0.11768786535363855,-0.05747696687426651,0.0,0.03974457378779713,-0.47247971450894716
16189.0,16,2,215.48,13.731234798477123,0.0,9,0.0,-0.7655580482241359,-0.29559005205372785,-0.2112068638222277,-0.03497007705625001,0.0,-0.6160747016164247,-0.47247971450894716
16190.0,40,1,215.08,27.552543016329118,0.0,6,1.0,-0.5254097987827168,-0.42596643235245885,-0.21125567459415215,0.005668674705387355,0.0,-0.651207877084508,3.102826795614516
16191.0,3,13,5180.52,47.64310562848108,0.0,65,0.0,-0.8956383500049045,1.1385501312323127,0.3946617237668064,0.064740896659914,0.0,0.03974457378779713,-0.47247971450894716
16193.0,237,1,314.45,5.6995545634919775,0.0,19,1.0,1.4458070820489317,-0.42596643235245885,-0.1991298585788285,-0.058585602746996576,0.0,-0.49896411672281366,3.102826795614516
16198.0,75,1,400.68100000000004,11.272979124986481,0.0,15,1.0,-0.1751936016806472,-0.42596643235245885,-0.18860735439429224,-0.042198078957878145,0.0,-0.5458083506802581,3.102826795614516
16200.0,4,2,1068.8700000000001,5.719994596596619,0.0,149,0.0,-0.8856321729448454,-0.29559005205372785,-0.10707030219077945,-0.05852550297798439,0.0,1.02347348689413,-0.47247971450894716
16201.0,3,4,1863.47,7.127969087248015,0.0,74,0.0,-0.8956383500049045,-0.03483729145626595,-0.01010770376292259,-0.054385639738526705,0.0,0.14514410019204707,-0.47247971450894716
16202.0,361,1,365.27,13.968688854028269,0.0,18,0.0,2.686573037496264,-0.42596643235245885,-0.1929284500058312,-0.03427189159751947,0.0,-0.5106751752121748,-0.47247971450894716
16203.0,59,4,592.9,3.696675772191264,0.0,27,0.0,-0.3352924346415933,-0.03483729145626595,-0.1651514599729429,-0.06447466134589148,0.0,-0.4052756488079248,-0.47247971450894716
16204.0,23,1,384.18,6.270020264915336,0.0,45,0.0,-0.695514808803722,-0.42596643235245885,-0.1906209207631043,-0.056908264128736966,0.0,-0.19447659599942496,-0.47247971450894716
16205.0,31,4,757.63,11.671857786862185,0.0,73,0.0,-0.6154653923232489,-0.03483729145626595,-0.14504996382516933,-0.04102525720558963,0.0,0.13343304170268597,-0.47247971450894716
16206.0,55,4,537.0600000000001,11.079828643303873,0.0,52,1.0,-0.3753171428818298,-0.03483729145626595,-0.17196544373359163,-0.04276599874911771,0.0,-0.11249918657389722,3.102826795614516
16207.0,25,1,394.38,15.12107471659324,0.0,19,0.0,-0.6755024546836037,-0.42596643235245885,-0.18937624607903167,-0.0308835348468966,0.0,-0.49896411672281366,-0.47247971450894716
16208.0,45,2,664.26,8.634417388357111,0.0,61,0.0,-0.4753789134824211,-0.29559005205372785,-0.15644361826162664,-0.049956234244809467,0.0,-0.007099660169647285,-0.47247971450894716
16209.0,89,5,2262.62,177.98067669690417,0.0,37,0.0,-0.035107122839819406,0.09553908884246501,0.038599345271156264,0.44797207220254265,0.0,-0.2881650639143138,-0.47247971450894716
16210.0,2,18,21086.3,452.75777216069145,0.0,74,0.0,-0.9056445270649637,1.7904320327259675,2.33559522341674,1.2558983550354141,0.0,0.14514410019204707,-0.47247971450894716
16211.0,89,1,547.02,33.953742277170356,0.0,23,0.0,-0.035107122839819406,-0.42596643235245885,-0.17075005551267364,0.02449010199995442,0.0,-0.45211988276536924,-0.47247971450894716
16212.0,19,2,690.34,3.694687930318206,0.0,40,0.2682926829268293,-0.7355395170439585,-0.29559005205372785,-0.15326115593215459,-0.06448050619148404,0.0,-0.2530318884462305,0.48674886137783574
16213.0,79,1,159.0,25.00615924127494,0.0,6,0.0,-0.1351688934404107,-0.42596643235245885,-0.21809894481795558,-0.0018184499931724852,0.0,-0.651207877084508,-0.47247971450894716
16214.0,171,3,1062.75,18.135403374330636,0.0,36,0.0,0.7853993960850292,-0.1652136717549969,-0.10781710700122306,-0.022020513190845477,0.0,-0.2998761224036749,-0.47247971450894716
16215.0,81,1,242.35,3.9949091917776363,0.0,14,0.0,-0.11515653932029245,-0.42596643235245885,-0.20792800021820493,-0.06359776650246844,0.0,-0.5575194091696192,-0.47247971450894716
16216.0,267,1,914.9300000000001,26.350530474855844,0.0,37,0.0,1.7459923938507056,-0.42596643235245885,-0.12585512776589183,0.0021344007772353627,0.0,-0.2881650639143138,-0.47247971450894716
16217.0,235,2,304.25,13.256193521017513,0.0,13,0.0,1.4257947279288135,-0.29559005205372785,-0.2003745332629012,-0.036366839522358474,0.0,-0.5692304676589803,-0.47247971450894716
16218.0,30,7,3084.68,27.483163460213927,0.0,56,0.07142857142857142,-0.6254715693833081,0.3562918494399269,0.13891280319162444,0.005464678201304182,0.0,-0.06565495261645281,-0.21710067807155692
16221.0,37,3,860.86,8.427280631104336,0.0,90,0.0,-0.5554283299628942,-0.1652136717549969,-0.1324531238607751,-0.0505652778408298,0.0,0.33252103602182476,-0.47247971450894716
16222.0,318,1,773.5500000000001,5.171162616720009,0.0,120,0.0,2.256307423913721,-0.42596643235245885,-0.14310729510257747,-0.06013923202862846,0.0,0.6838527907026579,-0.47247971450894716
16224.0,57,4,1295.3,6.555541565675428,0.0,90,0.0,-0.35530478876171157,-0.03483729145626595,-0.0794397444736644,-0.056068746690781116,0.0,0.33252103602182476,-0.47247971450894716
16225.0,45,5,1096.32,7.850729146488425,0.0,109,0.0,-0.4753789134824211,0.09553908884246501,-0.10372066296746627,-0.052260510469449295,0.0,0.5550311473196857,-0.47247971450894716
16226.0,203,3,255.12,21.785347631575025,0.0,6,0.0,1.1055970620069213,-0.1652136717549969,-0.20636971632451784,-0.011288592863478606,0.0,-0.651207877084508,-0.47247971450894716
16227.0,225,1,314.22,62.26902119031582,0.0,6,0.0,1.3257329573282222,-0.42596643235245885,-0.19915792477268507,0.1077454330203979,0.0,-0.651207877084508,-0.47247971450894716
16229.0,87,2,1010.6,15.898372754600336,0.0,46,0.0,-0.055119476959937665,-0.29559005205372785,-0.1141808113908691,-0.02859804771981136,0.0,-0.18276553751006386,-0.47247971450894716
16230.0,190,2,542.03,6.526899517452707,0.0,32,0.0,0.9755167602261527,-0.29559005205372785,-0.17135896989243077,-0.0561529628206381,0.0,-0.3467203563611193,-0.47247971450894716
16232.0,44,4,990.88,17.624825601335107,0.0,24,0.5135135135135135,-0.48538509054248025,-0.03483729145626595,-0.11658718244674292,-0.023521763509898097,0.0,-0.44040882427600814,1.3634884933922906
16233.0,71,3,536.6800000000001,18.149483195389895,0.0,22,0.0,-0.21521830992088373,-0.1652136717549969,-0.17201181396691984,-0.02197911433453921,0.0,-0.46383094125473034,-0.47247971450894716
16235.0,41,5,867.31,7.079750374294198,0.0,42,0.1956521739130435,-0.5154036217226576,0.09553908884246501,-0.13166605016349384,-0.054527417077915225,0.0,-0.22960977146750827,0.22703677660216526
16236.0,78,1,432.2,9.484872165717366,0.0,20,0.0,-0.14517507050046982,-0.42596643235245885,-0.1847611875935779,-0.047455644572914187,0.0,-0.48725305823345255,-0.47247971450894716
16239.0,57,2,414.2,11.771009585701078,0.0,18,0.0,-0.35530478876171157,-0.29559005205372785,-0.1869576723301767,-0.04073372146409382,0.0,-0.5106751752121748,-0.47247971450894716
16240.0,24,2,3718.8,38.93381580879064,0.0,126,0.0,-0.6855086317436628,-0.29559005205372785,0.21629251992340476,0.039132997507111446,0.0,0.7541191416388245,-0.47247971450894716
16241.0,10,13,2590.31,4.438122468626253,0.0,347,0.23206106870229007,-0.8255951105844906,1.1385501312323127,0.07858634990093782,-0.06229458781262138,0.0,3.3422630677876284,0.3572097351685588
16242.0,8,7,3579.86,9.707481967183876,0.0,184,0.0,-0.8456074647046089,0.3562918494399269,0.19933809829545807,-0.04680110563065835,0.0,1.4333605340217686,-0.47247971450894716
16243.0,34,2,409.1,11.782344312156049,0.0,49,1.0,-0.5854468611430715,-0.29559005205372785,-0.18758000967221303,-0.04070039400135085,0.0,-0.14763236204198055,3.102826795614516
16244.0,212,2,1522.75,4.739304537265727,0.0,88,0.0,1.1956526555474536,-0.29559005205372785,-0.05168471928814207,-0.06140902306508996,0.0,0.30909891904310255,-0.47247971450894716
16245.0,24,3,1413.66,5.373322952378891,0.0,80,0.0,-0.6855086317436628,-0.1652136717549969,-0.06499663706122903,-0.05954482059033356,0.0,0.2154104511282137,-0.47247971450894716
16247.0,170,1,114.56,5.27503428108924,0.0,16,0.0,0.77539321902497,-0.42596643235245885,-0.22352182157875844,-0.05983381848044371,0.0,-0.534097292190897,-0.47247971450894716
16248.0,62,1,152.94,5.91686693155375,0.0,7,1.0,-0.3052739034614159,-0.42596643235245885,-0.2188384280126105,-0.057946639832546186,0.0,-0.639496818595147,3.102826795614516
16249.0,53,5,1800.07,19.84171353040551,0.0,67,0.07246376811594203,-0.3953294970019481,0.09553908884246501,-0.017844211112942897,-0.017003454474831675,0.0,0.06316669076651935,-0.21339953261594255
16250.0,261,2,389.44,4.731409999113387,0.0,22,0.0,1.6859553314903508,-0.29559005205372785,-0.1899790591122982,-0.061432235352319856,0.0,-0.46383094125473034,-0.47247971450894716
16253.0,67,2,3683.86,18.89041063417527,0.0,114,0.0,-0.25524301816112027,-0.29559005205372785,0.21202889899580682,-0.019800567573003764,0.0,0.6135864397664912,-0.47247971450894716
16255.0,17,8,2619.91,7.811898472417364,0.0,146,0.31851851851851853,-0.7555518711640767,0.48666822973865786,0.08219834702334476,-0.0523746841858181,0.0,0.9883403114260466,0.6663216183451931
16256.0,267,1,752.4300000000001,34.54542962089642,0.0,13,0.0,1.7459923938507056,-0.42596643235245885,-0.14568450386018675,0.02622983855044451,0.0,-0.5692304676589803,-0.47247971450894716
16257.0,177,1,46.95,2.1566756826189692,0.0,2,0.0,0.8454364584453841,-0.42596643235245885,-0.23177206230328323,-0.06900271906420449,0.0,-0.6980521110419524,-0.47247971450894716
16258.0,45,5,5203.51,46.74498654127583,0.0,111,0.0,-0.4753789134824211,0.09553908884246501,0.3974671228831623,0.06210015975845484,0.0,0.5784532642984079,-0.47247971450894716
16260.0,51,1,1035.45,54.69743044292687,0.0,18,0.0,-0.41534185112206634,-0.42596643235245885,-0.1111484421850646,0.08548270709215214,0.0,-0.5106751752121748,-0.47247971450894716
16261.0,17,4,728.54,5.334627710814468,0.0,98,0.19327731092436976,-0.7555518711640767,-0.03483729145626595,-0.14859972721337264,-0.059658596094902816,0.0,0.4262095039367136,0.21854591349810878
16265.0,9,9,5447.0,14.14195110206029,0.0,164,0.07751937984496124,-0.8356012876445498,0.6170446100373889,0.4271794600228538,-0.03376244912098589,0.0,1.1991393642345465,-0.19532417108852365
16266.0,74,7,861.89,9.561681314645533,0.0,44,0.0,-0.18519977874070634,0.3562918494399269,-0.13232743612306969,-0.04722980285901024,0.0,-0.20618765448878607,-0.47247971450894716
16268.0,71,2,667.65,9.331341860048367,0.0,45,0.0,-0.21521830992088373,-0.29559005205372785,-0.1560299469695672,-0.04790706927755335,0.0,-0.19447659599942496,-0.47247971450894716
16270.0,353,1,1141.24,17.68536443402343,0.0,54,0.0,2.606523621015791,-0.42596643235245885,-0.09823921328035409,-0.023343761358815007,0.0,-0.08907706959517502,-0.47247971450894716
16271.0,3,5,1404.64,10.530698074297902,0.0,89,0.0,-0.8956383500049045,0.09553908884246501,-0.06609731996812465,-0.04438060574049761,0.0,0.32080997753246365,-0.47247971450894716
16272.0,117,1,411.7,8.921157903172286,0.0,25,0.0,0.24506583484183622,-0.42596643235245885,-0.18726273965470433,-0.04911313195536576,0.0,-0.42869776578664703,-0.47247971450894716
16274.0,373,1,351.75,5.115966193804827,0.0,64,0.0,2.8066471622169735,-0.42596643235245885,-0.1945782540968765,-0.06030152590802284,0.0,0.028033515298436028,-0.47247971450894716
16275.0,197,1,559.87,8.725363541961672,0.0,33,0.0,1.0455599996465665,-0.42596643235245885,-0.16918200946460168,-0.04968882553777856,0.0,-0.3350092978717582,-0.47247971450894716
16276.0,177,1,810.6000000000001,198.47086436049,0.0,6,0.0,0.8454364584453841,-0.42596643235245885,-0.1385861973530782,0.5082193105163728,0.0,-0.651207877084508,-0.47247971450894716
16278.0,100,1,566.38,42.77734296963173,0.0,23,0.0,0.07496082482083102,-0.42596643235245885,-0.1683876141515318,0.05043410907459567,0.0,-0.45211988276536924,-0.47247971450894716
16279.0,21,3,1502.78,8.287730662418648,0.0,102,0.0,-0.7155271629238402,-0.1652136717549969,-0.05412159707646865,-0.05097559620189761,0.0,0.473053737894158,-0.47247971450894716
16281.0,72,1,2062.06,82.89864530930315,0.0,17,0.0,-0.2052121328608246,-0.42596643235245885,0.014125624228252955,0.1684026559325214,0.0,-0.5223862337015359,-0.47247971450894716
16282.0,340,1,168.3,11.149327333969525,0.0,11,0.0,2.476443319235022,-0.42596643235245885,-0.21696409437071285,-0.04256165195406742,0.0,-0.5926525846377025,-0.47247971450894716
16283.0,6,5,1570.81,7.3023196315095795,0.0,117,0.9578313253012049,-0.8656198188247272,0.09553908884246501,-0.04582010504142322,-0.05387299734780132,0.0,0.6487196152345746,2.952060858440635
16284.0,31,2,812.68,6.602719804293609,0.0,87,0.0,-0.6154653923232489,-0.29559005205372785,-0.13833238133907125,-0.055930028655010865,0.0,0.29738786055374145,-0.47247971450894716
16287.0,170,1,142.5,5.923326165014288,0.0,8,0.0,0.77539321902497,-0.42596643235245885,-0.22011238915983783,-0.05792764776746553,0.0,-0.6277857601057858,-0.47247971450894716
16292.0,122,1,302.25,6.990579795864785,0.0,17,0.0,0.2950967201421319,-0.42596643235245885,-0.20061858712252328,-0.05478960506649897,0.0,-0.5223862337015359,-0.47247971450894716
16293.0,22,10,2248.9900000000002,8.528286584236676,0.0,102,0.0,-0.7055209858637811,0.7474209903361198,0.036936118217831757,-0.05026829033493721,0.0,0.473053737894158,-0.47247971450894716
16295.0,10,4,1328.55,5.7493328825709975,0.0,70,0.0,-0.8255951105844906,-0.03483729145626595,-0.07538234905744713,-0.058439239702321046,0.0,0.09829986623460266,-0.47247971450894716
16297.0,269,1,301.9,4.146397929465246,0.0,20,0.0,1.7660047479708239,-0.42596643235245885,-0.20066129654795717,-0.0631523446141396,0.0,-0.48725305823345255,-0.47247971450894716
16298.0,23,3,598.2,17.196565250370682,0.0,22,0.0,-0.695514808803722,-0.1652136717549969,-0.1645047172449443,-0.024780976155898967,0.0,-0.46383094125473034,-0.47247971450894716
16302.0,127,1,233.22,10.815028264578709,0.0,11,0.0,0.34512760544242754,-0.42596643235245885,-0.20904210608737975,-0.043544590521168644,0.0,-0.5926525846377025,-0.47247971450894716
16303.0,26,3,5360.63,19.338542001310408,0.0,119,0.0,-0.6654962776235446,-0.1652136717549969,0.4166399940950738,-0.01848292823680218,0.0,0.6721417322132968,-0.47247971450894716
16305.0,139,1,361.21999999999997,4.590098981286641,0.0,22,1.0,0.4652017301631371,-0.42596643235245885,-0.19342265907156592,-0.06184773172097967,0.0,-0.46383094125473034,3.102826795614516
16306.0,214,6,632.27,9.82146277168578,0.0,36,0.0,1.2156650096675718,0.22591546914119598,-0.160347259746282,-0.04646596820757695,0.0,-0.2998761224036749,-0.47247971450894716
16309.0,106,2,706.57,14.141509990802849,0.0,39,0.0,0.1349978871811858,-0.29559005205372785,-0.1512806588613213,-0.03376374611911427,0.0,-0.2647429469355916,-0.47247971450894716
16311.0,18,2,616.26,6.6974761168918215,0.0,35,0.0,-0.7455456941040176,-0.29559005205372785,-0.16230091089255683,-0.05565141694873599,0.0,-0.311587180893036,-0.47247971450894716
16313.0,3,2,274.15000000000003,3.1895286354987733,0.0,16,0.0,-0.8956383500049045,-0.29559005205372785,-0.20404754385021365,-0.06596582457514723,0.0,-0.534097292190897,-0.47247971450894716
16315.0,331,1,226.37,2.5980983112970986,0.0,14,0.0,2.38638772569449,-0.42596643235245885,-0.2098779905565854,-0.06770480541188831,0.0,-0.5575194091696192,-0.47247971450894716
16316.0,64,8,2938.91,28.551330635534352,0.0,120,0.0,-0.28526154934129766,0.48666822973865786,0.12112493763306832,0.008605406994379491,0.0,0.6838527907026579,-0.47247971450894716
16317.0,120,3,1341.65,10.238127759363541,0.0,64,0.0,0.27508436602201364,-0.1652136717549969,-0.07378379627692243,-0.04524084937402606,0.0,0.028033515298436028,-0.47247971450894716
16318.0,35,1,328.15,6.517717643075204,0.0,19,0.0,-0.5754406840830124,-0.42596643235245885,-0.19745808964041722,-0.05617996025877148,0.0,-0.49896411672281366,-0.47247971450894716
16319.0,218,1,404.40000000000003,13.856406460551018,0.0,3,0.0,1.2556897179078084,-0.42596643235245885,-0.18815353624232495,-0.03460203518767766,0.0,-0.6863410525525914,-0.47247971450894716
16320.0,172,2,1038.46,7.902579942035371,0.0,56,0.0,0.7954055731450883,-0.29559005205372785,-0.11078114112633336,-0.052108053728331695,0.0,-0.06565495261645281,-0.47247971450894716
16321.0,72,5,373.65000000000003,13.771283115104549,0.0,7,0.0,-0.2052121328608246,0.09553908884246501,-0.1919058643340146,-0.03485232310906639,0.0,-0.639496818595147,-0.47247971450894716
16322.0,1,2,326.75,5.854592586538738,0.0,28,0.0,-0.9156507041250228,-0.29559005205372785,-0.19762892734215265,-0.05812974490540136,0.0,-0.3935645903185637,-0.47247971450894716
16323.0,196,1,207.50000000000003,0.0,0.0,1,0.0,1.0355538225865075,-0.42596643235245885,-0.21218063872211987,-0.07534398620873628,0.0,-0.7097631695313136,-0.47247971450894716
16324.0,128,3,408.59000000000003,3.4367206766056815,0.0,100,0.0,0.3551337825024867,-0.1652136717549969,-0.1876422434064167,-0.06523900654622715,0.0,0.4496316209154358,-0.47247971450894716
16325.0,47,3,594.24,18.465894795222766,0.0,14,0.0,-0.45536655936230286,-0.1652136717549969,-0.16498794388699606,-0.021048770241387293,0.0,-0.5575194091696192,-0.47247971450894716
16326.0,6,14,3039.2200000000003,9.115257641364307,0.0,158,0.9,-0.8656198188247272,1.2689265115310437,0.13336545896241436,-0.048542421068013146,0.0,1.1288730132983797,2.7452961446021695
16327.0,14,6,3820.27,10.235634923621582,0.0,142,0.2082018927444795,-0.7855704023442541,0.22591546914119598,0.22867459249133154,-0.045248179051600945,0.0,0.9414960774686022,0.2719058680404175
16330.0,18,3,251.91,17.64067748200991,0.0,39,0.0,-0.7455456941040176,-0.1652136717549969,-0.2067614227692113,-0.02347515427193419,0.0,-0.2647429469355916,-0.47247971450894716
16332.0,28,7,1582.8,8.99085784629932,0.0,125,0.13245033112582782,-0.6454839235034263,0.3562918494399269,-0.04435700215298878,-0.04890819341829724,0.0,0.7424080831494634,0.0010708166332334523
16333.0,8,19,13328.68,301.34989282136513,0.0,7,0.0,-0.8456074647046089,1.9208084130246985,1.3889566721759763,0.8107142142693904,0.0,-0.639496818595147,-0.47247971450894716
16337.0,37,1,151.05,3.8136050311133873,0.0,10,0.0,-0.5554283299628942,-0.42596643235245885,-0.2190690589099534,-0.0641308545909802,0.0,-0.6043636431270636,-0.47247971450894716
16338.0,157,1,214.79999999999998,14.201185929991265,0.0,11,0.0,0.6453129172442014,-0.42596643235245885,-0.21128984213449922,-0.03358828113124227,0.0,-0.5926525846377025,-0.47247971450894716
16339.0,284,1,94.05,2.6196794819663136,0.0,17,0.0,1.916097403871711,-0.42596643235245885,-0.226024593909183,-0.06764135035946288,0.0,-0.5223862337015359,-0.47247971450894716
16340.0,107,1,534.31,4.548150451879102,0.0,124,0.0,0.14500406424124493,-0.42596643235245885,-0.17230101779057203,-0.06197107285819248,0.0,0.7306970246601023,-0.47247971450894716
16341.0,25,4,1971.87,22.488418735841588,0.0,60,0.37662337662337664,-0.6755024546836037,-0.03483729145626595,0.0031200154285947416,-0.0092213549706021,0.0,-0.01881071865900839,0.8740642957972923
16342.0,75,4,322.41,9.931672136582613,0.0,10,0.4,-0.1751936016806472,-0.03483729145626595,-0.19815852421753258,-0.04614191993723557,0.0,-0.6043636431270636,0.9576428895404381
16343.0,16,2,328.58,6.453805662588085,0.0,29,0.0,-0.7655580482241359,-0.29559005205372785,-0.19740561806059845,-0.05636788046637208,0.0,-0.3818535318292026,-0.47247971450894716
16344.0,158,1,101.10000000000001,21.001071401240463,0.0,1,0.0,0.6553190943042605,-0.42596643235245885,-0.22516430405401514,-0.01359459794886931,0.0,-0.7097631695313136,-0.47247971450894716
16345.0,44,1,565.46,15.968386067590037,0.0,35,0.0,-0.48538509054248025,-0.42596643235245885,-0.16849987892695795,-0.028392187782260495,0.0,-0.311587180893036,-0.47247971450894716
16347.0,11,2,847.45,10.387459128336301,0.0,61,0.0,-0.8155889335244315,-0.29559005205372785,-0.1340895049895412,-0.04480177079056237,0.0,-0.007099660169647285,-0.47247971450894716
16348.0,32,7,1415.65,7.635448239346747,0.0,157,0.0,-0.6054592152631898,0.3562918494399269,-0.06475380347090505,-0.05289350028535186,0.0,1.1171619548090188,-0.47247971450894716
16349.0,291,1,53.5,6.061353213415118,0.0,9,0.0,1.9861406432921247,-0.42596643235245885,-0.2309727859130209,-0.05752180724441665,0.0,-0.6160747016164247,-0.47247971450894716
16350.0,21,4,1116.47,7.1279950482952295,0.0,40,0.0,-0.7155271629238402,-0.03483729145626595,-0.1012618203317737,-0.0543855634053362,0.0,-0.2530318884462305,-0.47247971450894716
16351.0,333,1,153.9,3.0061544015093906,0.0,8,0.0,2.4064000798146084,-0.42596643235245885,-0.2187212821599919,-0.06650499929414738,0.0,-0.6277857601057858,-0.47247971450894716
16352.0,18,2,494.44,7.454696612693342,0.0,28,0.0,-0.7455456941040176,-0.29559005205372785,-0.17716623148213842,-0.05342496375974225,0.0,-0.3935645903185637,-0.47247971450894716
16353.0,4,23,6675.71,99.7528381245287,0.0,51,0.14893617021276595,-0.8856321729448454,2.4423139342196225,0.5771151689509837,0.2179589893247573,0.0,-0.12421024506325833,0.06001274444561118
16354.0,63,2,395.8,7.311634628772786,0.0,38,0.0,-0.2952677264013568,-0.29559005205372785,-0.18920296783869997,-0.05384560848883999,0.0,-0.2764540054249527,-0.47247971450894716
16356.0,198,3,211.77,4.75200711414695,0.0,20,0.0,1.0555661767066258,-0.1652136717549969,-0.2116595837318267,-0.06137167371577567,0.0,-0.48725305823345255,-0.47247971450894716
16357.0,33,3,658.88,6.779097001056456,0.0,31,0.6470588235294118,-0.5954530382031307,-0.1652136717549969,-0.1571001231440101,-0.05541142730391729,0.0,-0.3584314148504804,1.8409539096885879
16358.0,1,4,2027.5,12.222363878569327,0.0,82,0.0,-0.9156507041250228,-0.03483729145626595,0.009908373533983224,-0.0394066057688711,0.0,0.2388325681069359,-0.47247971450894716
16359.0,7,9,1750.92,39.004978093621794,0.0,39,0.21212121212121213,-0.855613641764668,0.6170446100373889,-0.023841834713155773,0.03934223576317673,0.0,-0.2647429469355916,0.28591863612330265
16360.0,5,6,3450.41,5.20987123043897,0.0,365,0.2248427672955975,-0.8756259958847863,0.22591546914119598,0.18354171223141816,-0.0600254172059527,0.0,3.5530621205961284,0.33140209515717745
16361.0,10,4,891.21,6.984966000490337,0.0,87,0.17307692307692307,-0.8255951105844906,-0.03483729145626595,-0.12874960654100984,-0.05480611129247026,0.0,0.29738786055374145,0.1463233353201138
16362.0,32,5,709.99,9.084756222674729,0.0,58,0.0,-0.6054592152631898,0.09553908884246501,-0.15086332676136752,-0.048632104299366215,0.0,-0.0422328356377306,-0.47247971450894716
16363.0,53,1,109.36000000000001,11.89999663865499,0.0,5,0.0,-0.3953294970019481,-0.42596643235245885,-0.2241563616137759,-0.04035446121297746,0.0,-0.6629189355738692,-0.47247971450894716
16364.0,12,2,705.79,9.67158428057313,0.0,48,0.0,-0.8055827564643724,-0.29559005205372785,-0.15137583986657394,-0.04690665549265381,0.0,-0.15934342053134165,-0.47247971450894716
16365.0,18,9,1540.42,66.00035337041467,0.0,45,0.0,-0.7455456941040176,0.6170446100373889,-0.04952850343838088,0.1187166580171307,0.0,-0.19447659599942496,-0.47247971450894716
16366.0,19,1,327.3,7.864533193581244,0.0,18,0.0,-0.7355395170439585,-0.42596643235245885,-0.19756181253075658,-0.05221992247052265,0.0,-0.5106751752121748,-0.47247971450894716
16367.0,37,2,800.67,4.576415681506516,0.0,123,0.2677165354330709,-0.5554283299628942,-0.29559005205372785,-0.13979792476610192,-0.061887964686939155,0.0,0.7189859661707412,0.48468895749261004
16368.0,2,2,479.91,10.158319628394956,0.0,58,0.0,-0.9056445270649637,-0.29559005205372785,-0.1789392827722929,-0.04547550898597245,0.0,-0.0422328356377306,-0.47247971450894716
16369.0,18,3,1545.41,11.195384663732467,0.0,91,0.0,-0.7455456941040176,-0.1652136717549969,-0.048919589058623765,-0.04242622972329606,0.0,0.34423209451118586,-0.47247971450894716
16370.0,82,4,1301.91,5.26031246090411,0.0,143,0.5158371040723982,-0.10515036226023332,-0.03483729145626595,-0.07863314646761338,-0.05987710500488502,0.0,0.9532071359579632,1.3717960418443327
16372.0,33,2,355.73,3.0741611121148757,0.0,86,1.0,-0.5954530382031307,-0.29559005205372785,-0.19409258691622855,-0.06630503936366468,0.0,0.28567680206438034,3.102826795614516
16374.0,66,2,466.73,4.08265742185075,0.0,101,0.0,-0.2652491952211794,-0.29559005205372785,-0.1805475977072025,-0.06333976064055889,0.0,0.4613426794047969,-0.47247971450894716
16376.0,9,2,974.96,11.388630089955363,0.0,104,0.0,-0.8356012876445498,-0.29559005205372785,-0.11852985116933476,-0.0418580307669049,0.0,0.4964758548728802,-0.47247971450894716
16377.0,267,1,676.2,155.87394907424397,0.0,5,0.0,1.7459923938507056,-0.42596643235245885,-0.15498661671968275,0.3829717262179973,0.0,-0.6629189355738692,-0.47247971450894716
16378.0,247,3,362.95,8.909274268097807,0.0,22,0.0,1.545868852649523,-0.1652136717549969,-0.1932115524829928,-0.04914807337250267,0.0,-0.46383094125473034,-0.47247971450894716
16379.0,4,4,2157.4,9.510036315568609,0.0,87,0.0,-0.8856321729448454,-0.03483729145626595,0.025759671716438066,-0.04738165449737442,0.0,0.29738786055374145,-0.47247971450894716
16380.0,61,1,1743.1499999999999,136.07606723044,0.0,28,1.0,-0.31528008052147505,-0.42596643235245885,-0.02478998395778762,0.32476007266284523,0.0,-0.3935645903185637,3.102826795614516
16383.0,75,2,643.76,5.591004831915909,0.0,80,0.0,-0.1751936016806472,-0.29559005205372785,-0.15894517032275307,-0.05890477120238305,0.0,0.2154104511282137,-0.47247971450894716
16384.0,90,2,584.5,5.815080479653611,0.0,33,0.2727272727272727,-0.025100945779760273,-0.29559005205372785,-0.16617648618335565,-0.05824592223666223,0.0,-0.3350092978717582,0.5026038791610882
16385.0,60,3,554.86,10.420564492788811,0.0,52,0.0,-0.3252862575815342,-0.1652136717549969,-0.16979336438295506,-0.04470443118516768,0.0,-0.11249918657389722,-0.47247971450894716
16386.0,29,2,302.57,4.340978590531955,0.0,76,0.0,-0.6354777464433672,-0.29559005205372785,-0.20057953850498375,-0.06258021967067791,0.0,0.16856621717076928,-0.47247971450894716
16387.0,323,1,94.36,12.049912862755482,0.0,4,0.0,2.306338309214017,-0.42596643235245885,-0.22598676556094158,-0.03991366298170781,0.0,-0.6746299940632302,-0.47247971450894716
16389.0,53,4,1382.07,33.188884627751875,0.0,33,0.0,-0.3953294970019481,-0.03483729145626595,-0.06885146777395998,0.022241193310720535,0.0,-0.3350092978717582,-0.47247971450894716
16392.0,270,1,217.89,4.069721720673408,0.0,41,0.0,1.776010925030883,-0.42596643235245885,-0.21091277892138308,-0.06337779544455305,0.0,-0.24132082995686938,-0.47247971450894716
16393.0,2,13,3040.96,8.694748563177358,0.0,120,0.1345565749235474,-0.9056445270649637,1.1385501312323127,0.13357778582028554,-0.049778842669543015,0.0,0.6838527907026579,0.008601283795127378
16394.0,57,5,1555.34,14.727909262851103,0.0,61,0.0,-0.35530478876171157,0.09553908884246501,-0.0477078616456001,-0.03203955807017158,0.0,-0.007099660169647285,-0.47247971450894716
16395.0,61,5,1482.06,6.4759700248112875,0.0,150,0.0,-0.31528008052147505,0.09553908884246501,-0.05664999506215352,-0.05630271065754165,0.0,1.035184545383491,-0.47247971450894716
16398.0,154,2,1705.8,11.700690974739889,0.0,75,0.0,0.615294386064024,-0.29559005205372785,-0.029347689786230167,-0.04094047906836922,0.0,0.15685515868140817,-0.47247971450894716
16399.0,19,2,408.02,4.498649449569231,0.0,68,0.5694444444444444,-0.7355395170439585,-0.29559005205372785,-0.18771179875640898,-0.062116620509190146,0.0,0.07487774925588045,1.5634587148669137
16400.0,95,1,303.93,8.59497963213685,0.0,28,0.0,0.024929939520535373,-0.42596643235245885,-0.20041358188044073,-0.050072192963029866,0.0,-0.3935645903185637,-0.47247971450894716
16401.0,1,12,4098.32,25.05839390637601,0.0,66,0.3870967741935484,-0.9156507041250228,1.0081737509335817,0.2626041803252927,-0.0016648645615378083,0.0,0.051455632277158235,0.9115099023130385
16402.0,265,2,293.45,7.483469669594401,0.0,55,1.0,1.7259800397305873,-0.29559005205372785,-0.2016924241048605,-0.053340362425455,0.0,-0.07736601110581391,3.102826795614516
16403.0,312,1,177.5,3.49833293631886,0.0,10,0.0,2.1962703615533665,-0.42596643235245885,-0.21584144661645122,-0.06505784820083092,0.0,-0.6043636431270636,-0.47247971450894716
16404.0,70,1,443.05,6.070592628538014,0.0,23,0.0,-0.22522448698094286,-0.42596643235245885,-0.18343719540512807,-0.0574946406193994,0.0,-0.45211988276536924,-0.47247971450894716
16405.0,302,2,167.25,43.5710196116639,0.0,3,0.0,2.096208590952775,-0.29559005205372785,-0.21709222264701444,0.05276775416275708,0.0,-0.6863410525525914,-0.47247971450894716
16406.0,19,1,154.35,2.091436237467019,0.0,54,0.0,-0.7355395170439585,-0.42596643235245885,-0.21866637004157694,-0.0691945424122413,0.0,-0.08907706959517502,-0.47247971450894716
16407.0,13,10,2079.68,10.321013924458033,0.0,99,0.6904761904761905,-0.7955765794043133,0.7474209903361198,0.016275738731523565,-0.044997139427423574,0.0,0.4379205624260747,1.996184304385825
16409.0,36,5,2022.98,7.270485942650165,0.0,145,0.0,-0.5654345070229533,0.09553908884246501,0.009356811811237301,-0.05396659784920277,0.0,0.9766292529366855,-0.47247971450894716
16411.0,19,2,211.7,4.195918055659539,0.0,41,1.0,-0.7355395170439585,-0.29559005205372785,-0.21166812561691345,-0.063006740733241,0.0,-0.24132082995686938,3.102826795614516
16412.0,54,1,135.99,3.953617418220328,0.0,25,0.0,-0.38532331994188895,-0.42596643235245885,-0.22090678447290774,-0.06371917658239312,0.0,-0.42869776578664703,-0.47247971450894716
16413.0,57,1,262.2,6.578374885108956,0.0,30,0.0,-0.35530478876171157,-0.42596643235245885,-0.20550576566145565,-0.05600160994903949,0.0,-0.3701424733398415,-0.47247971450894716
16414.0,22,2,126.25,7.224767256096346,0.0,5,0.0,-0.7055209858637811,-0.29559005205372785,-0.22209532676926733,-0.054101024368345796,0.0,-0.6629189355738692,-0.47247971450894716
16415.0,44,1,200.27,5.921495563895027,0.0,45,0.0,-0.48538509054248025,-0.42596643235245885,-0.21306289342465373,-0.05793303027853377,0.0,-0.19447659599942496,-0.47247971450894716
16416.0,27,3,1051.4,16.536769130627604,0.0,59,0.28169014084507044,-0.6554901005634854,-0.1652136717549969,-0.10920211265457842,-0.026720972739500054,0.0,-0.030521777148369494,0.5346488798920285
16418.0,45,3,631.12,5.975279146070101,0.0,76,0.0,-0.4753789134824211,-0.1652136717549969,-0.16048759071556468,-0.05777489057059778,0.0,0.16856621717076928,-0.47247971450894716
16419.0,113,6,958.71,17.19217751520399,0.0,36,0.0,0.2050411266015997,0.22591546914119598,-0.12051278877876426,-0.02479387740065991,0.0,-0.2998761224036749,-0.47247971450894716
16422.0,17,51,34684.4,72.1044032579919,0.0,68,0.08672086720867209,-0.7555518711640767,6.092852582584089,3.9949296176803197,0.136664377886477,0.0,0.07487774925588045,-0.16242603341422945
16423.0,25,1,346.12,12.445157285839382,0.0,18,0.0,-0.6755024546836037,-0.42596643235245885,-0.19526526571171268,-0.03875152697101297,0.0,-0.5106751752121748,-0.47247971450894716
16424.0,191,1,133.56,10.47471813463255,0.0,5,0.0,0.9855229372862119,-0.42596643235245885,-0.22120330991234857,-0.04454520339188008,0.0,-0.6629189355738692,-0.47247971450894716
16425.0,302,1,302.7,4.929861632367151,0.0,21,0.0,2.096208590952775,-0.42596643235245885,-0.2005636750041083,-0.060848728600761105,0.0,-0.47554199974409145,-0.47247971450894716
16426.0,2,10,1863.76,6.726158607079107,0.0,211,0.0,-0.9056445270649637,0.7474209903361198,-0.010072315953277391,-0.05556708190748995,0.0,1.7495591132345183,-0.47247971450894716
16427.0,263,2,241.06,15.147761477451967,0.0,8,0.0,1.705967685610469,-0.29559005205372785,-0.20808541495766117,-0.030805067842705258,0.0,-0.6277857601057858,-0.47247971450894716
16429.0,106,1,284.55,194.2068774528853,0.0,2,0.0,0.1349978871811858,-0.42596643235245885,-0.2027784637801788,0.4956819223963972,0.0,-0.6980521110419524,-0.47247971450894716
16430.0,57,1,300.85,35.47523666822629,0.0,6,0.0,-0.35530478876171157,-0.42596643235245885,-0.20078942482425874,0.02896374746753629,0.0,-0.651207877084508,-0.47247971450894716
16431.0,213,3,623.28,9.019235234238339,0.0,51,0.0,1.2056588326075126,-0.1652136717549969,-0.1614442818452833,-0.048824755468291334,0.0,-0.12421024506325833,-0.47247971450894716
16432.0,64,1,287.4,43.98165169379483,0.0,8,0.0,-0.28526154934129766,-0.42596643235245885,-0.20243068703021733,0.05397513446193375,0.0,-0.6277857601057858,-0.47247971450894716
16433.0,28,1,184.26,14.297052966587616,0.0,17,0.0,-0.6454839235034263,-0.42596643235245885,-0.21501654457092856,-0.033306403566473776,0.0,-0.5223862337015359,-0.47247971450894716
16434.0,29,7,1511.8,8.887361912477596,0.0,88,0.7289719626168224,-0.6354777464433672,0.3562918494399269,-0.053020914169573025,-0.049212502207062074,0.0,0.30909891904310255,2.1338184891324556
16438.0,6,5,798.35,5.531303579299838,0.0,74,0.6212121212121212,-0.8656198188247272,0.09553908884246501,-0.14008102724326352,-0.05908031061925168,0.0,0.14514410019204707,1.7485440266283556
16440.0,8,5,3640.67,12.778953684235056,0.0,186,0.0,-0.8456074647046089,0.09553908884246501,0.20675855589726774,-0.037770066405955226,0.0,1.4567826510004906,-0.47247971450894716
16441.0,67,2,381.2,7.090128880086164,0.0,22,0.0,-0.25524301816112027,-0.29559005205372785,-0.19098456101394123,-0.05449690118796557,0.0,-0.46383094125473034,-0.47247971450894716
16442.0,2,3,609.3,4.072593547646802,0.0,161,0.0,-0.9056445270649637,-0.1652136717549969,-0.16315021832404172,-0.0633693514201789,0.0,1.1640061887664632,-0.47247971450894716
16444.0,46,4,654.67,8.415584049309505,0.0,68,0.5357142857142857,-0.465372736422362,-0.03483729145626595,-0.1576138565185146,-0.050599669265760615,0.0,0.07487774925588045,1.4428630587714795
16445.0,34,1,230.51,2.6148484882469685,0.0,62,1.0,-0.5854468611430715,-0.42596643235245885,-0.2093727990671677,-0.06765555491603799,0.0,0.00461139831971382,3.102826795614516
16446.0,206,1,2.9,0.28284271247461895,0.0,2,0.0,1.1356155931870988,-0.42596643235245885,-0.23714734856145978,-0.07451234461601079,0.0,-0.6980521110419524,-0.47247971450894716
16447.0,136,1,255.91,8.643080511648483,0.0,34,0.0,0.4351831989829597,-0.42596643235245885,-0.20627331504996713,-0.04993076208896362,0.0,-0.3232982393823971,-0.47247971450894716
16448.0,198,1,182.99,9.04320118759382,0.0,19,0.0,1.0555661767066258,-0.42596643235245885,-0.21517151877178858,-0.048754288446371766,0.0,-0.49896411672281366,-0.47247971450894716
16449.0,198,2,707.69,6.621208150465811,0.0,40,0.0,1.0555661767066258,-0.29559005205372785,-0.15114398869993292,-0.05587566742532605,0.0,-0.2530318884462305,-0.47247971450894716
16450.0,150,1,311.92,18.234446124150452,0.0,11,0.0,0.5752696778237875,-0.42596643235245885,-0.19943858671125045,-0.02172929808585862,0.0,-0.5926525846377025,-0.47247971450894716
16451.0,88,1,266.97,11.153142685281212,0.0,14,0.0,-0.045113299899878535,-0.42596643235245885,-0.20492369720625697,-0.04255043368786605,0.0,-0.5575194091696192,-0.47247971450894716
16454.0,45,2,6.9,3.464823227814083,0.0,2,0.0,-0.4753789134824211,-0.29559005205372785,-0.2366592408422156,-0.06515637669784914,0.0,-0.6980521110419524,-0.47247971450894716
16455.0,64,7,1841.18,7.5102947787952425,0.0,69,0.0,-0.28526154934129766,0.3562918494399269,-0.012827684028410793,-0.05326148863604165,0.0,0.08658880774524155,-0.47247971450894716
16456.0,99,5,2158.18,22.202491676924158,0.0,80,0.5363636363636364,0.0649546477607719,0.09553908884246501,0.02585485272169065,-0.010062065458070438,0.0,0.2154104511282137,1.4451846863754558
16457.0,218,1,208.36,11.31308141538419,0.0,9,0.0,1.2556897179078084,-0.42596643235245885,-0.21207569556248237,-0.042080166311777065,0.0,-0.6160747016164247,-0.47247971450894716
16458.0,3,18,3482.7400000000002,8.024880794622014,0.0,52,0.10396039603960396,-0.8956383500049045,1.7904320327259675,0.18748684287220932,-0.05174845289242199,0.0,-0.11249918657389722,-0.10078943375353762
16460.0,28,3,811.23,6.879013020940018,0.0,128,0.0,-0.6454839235034263,-0.1652136717549969,-0.13850932038729727,-0.055117644525539314,0.0,0.7775412586175467,-0.47247971450894716
16461.0,178,1,142.92,3.7271997185468186,0.0,31,0.0,0.8554426355054432,-0.42596643235245885,-0.22006113784931716,-0.06438491187650863,0.0,-0.3584314148504804,-0.47247971450894716
16462.0,74,3,136.0,19.629909152447276,0.0,1,0.0,-0.18519977874070634,-0.1652136717549969,-0.22090556420360963,-0.017626222262236566,0.0,-0.7097631695313136,-0.47247971450894716
16463.0,21,4,1422.4,7.9958372676260945,0.0,74,0.0,-0.7155271629238402,-0.03483729145626595,-0.06393012169468049,-0.05183384948913091,0.0,0.14514410019204707,-0.47247971450894716
16464.0,20,3,1298.66,4.953612916500808,0.0,152,0.2391304347826087,-0.7255333399838994,-0.1652136717549969,-0.07902973398949928,-0.060778892770120906,0.0,1.0586066623622132,0.382484885737968
16466.0,34,7,1595.96,11.078380928040602,0.0,103,1.0,-0.5854468611430715,0.3562918494399269,-0.04275112775667541,-0.04277025546203361,0.0,0.4847647963835191,3.102826795614516
16468.0,74,1,74.9,35.28462838120873,0.0,2,0.0,-0.18519977874070634,-0.42596643235245885,-0.2283614096150645,0.028403302483767493,0.0,-0.6980521110419524,-0.47247971450894716
16469.0,24,4,625.42,2.793947521335715,0.0,148,0.0,-0.6855086317436628,-0.03483729145626595,-0.16118314421548768,-0.06712895055762842,0.0,1.0117624284047688,-0.47247971450894716
16470.0,52,4,752.77,5.112570157551978,0.0,120,0.0,-0.4053356740620072,-0.03483729145626595,-0.145643014704051,-0.06031151126339424,0.0,0.6838527907026579,-0.47247971450894716
16471.0,275,1,223.95000000000002,4.815280165984435,0.0,13,0.0,1.8260418103311786,-0.42596643235245885,-0.21017329572672816,-0.061185632148197895,0.0,-0.5692304676589803,-0.47247971450894716
16473.0,165,3,316.11,6.92454139488037,0.0,18,0.0,0.7253623337246744,-0.1652136717549969,-0.1989272938753422,-0.054983777582011985,0.0,-0.5106751752121748,-0.47247971450894716
16474.0,7,7,1810.65,6.5804849621550305,0.0,237,0.35311572700296734,-0.855613641764668,0.3562918494399269,-0.016553166195542014,-0.055995405695728466,0.0,2.054046633957907,0.7900172430717416
16475.0,88,4,544.3,14.380422372762478,0.0,23,0.0,-0.045113299899878535,-0.03483729145626595,-0.17108196876175968,-0.03306127274754889,0.0,-0.45211988276536924,-0.47247971450894716
16477.0,64,7,2494.46,5.410327055495405,0.0,111,0.1643835616438356,-0.28526154934129766,0.3562918494399269,0.0668900686785491,-0.05943601753515159,0.0,0.5784532642984079,0.11524190359353993
16478.0,25,3,331.0,9.505777500149735,0.0,15,0.0,-0.6755024546836037,-0.1652136717549969,-0.19711031289045572,-0.047394176679781345,0.0,-0.5458083506802581,-0.47247971450894716
16479.0,10,2,300.83,6.795277067211318,0.0,35,0.0,-0.8255951105844906,-0.29559005205372785,-0.20079186536285498,-0.055363853103154954,0.0,-0.311587180893036,-0.47247971450894716
16480.0,76,1,769.29,15.729580979142147,0.0,51,1.0,-0.16518742462058808,-0.42596643235245885,-0.14362712982357254,-0.029094345679029972,0.0,-0.12421024506325833,3.102826795614516
16482.0,16,1,220.62,4.411076966002747,0.0,18,0.0,-0.7655580482241359,-0.42596643235245885,-0.21057964540299892,-0.06237410962416493,0.0,-0.5106751752121748,-0.47247971450894716
16483.0,192,1,139.35,4.102135373178589,0.0,19,0.0,0.995529114346271,-0.42596643235245885,-0.22049677398874262,-0.06328248967775561,0.0,-0.49896411672281366,-0.47247971450894716
16484.0,174,2,404.3,4.077812935058858,0.0,25,0.28,0.8154179272652066,-0.29559005205372785,-0.18816573893530608,-0.0633540048707754,0.0,-0.42869776578664703,0.5286061083256226
16485.0,77,1,363.65,8.015280198886792,0.0,41,0.0,-0.15518124756052895,-0.42596643235245885,-0.1931261336321251,-0.051776681495727686,0.0,-0.24132082995686938,-0.47247971450894716
16488.0,33,3,498.8,12.430350529478815,0.0,28,0.2413793103448276,-0.5954530382031307,-0.1652136717549969,-0.17663419406816228,-0.03879506323304025,0.0,-0.3935645903185637,0.3905253051760268
16491.0,47,1,731.5,9.592886203953288,0.0,39,0.0,-0.45536655936230286,-0.42596643235245885,-0.14823852750113195,-0.047138051215074736,0.0,-0.2647429469355916,-0.47247971450894716
16493.0,80,4,1351.63,12.462175873417934,0.0,40,0.5,-0.12516271638035156,-0.03483729145626595,-0.07256596751740818,-0.038701487268183316,0.0,-0.2530318884462305,1.3151735405527845
16494.0,297,1,826.53,11.80480849968714,0.0,47,0.0,2.0461777056524797,-0.42596643235245885,-0.13664230836118826,-0.04063434261705253,0.0,-0.17105447902070275,-0.47247971450894716
16495.0,3,3,648.26,8.392429934085664,0.0,78,0.0,-0.8956383500049045,-0.1652136717549969,-0.1583960491386034,-0.05066774924241772,0.0,0.19198833414949149,-0.47247971450894716
16496.0,9,3,1599.52,8.590652871145451,0.0,92,0.0,-0.8356012876445498,-0.1652136717549969,-0.04231671188654809,-0.05008491492560315,0.0,0.35594315300054696,-0.47247971450894716
16497.0,50,6,2965.69,13.491061149196995,0.0,128,0.0,-0.42534802818212547,0.22591546914119598,0.12439281881340815,-0.03567625892839543,0.0,0.7775412586175467,-0.47247971450894716
16498.0,161,2,100.97,6.965797940823504,0.0,15,0.0,0.6853376254844379,-0.29559005205372785,-0.22518016755489054,-0.054862471081737293,0.0,-0.5458083506802581,-0.47247971450894716
16499.0,360,2,365.45,7.320975432724095,0.0,18,0.0,2.676566860436205,-0.29559005205372785,-0.1929064851584652,-0.0538181437505498,0.0,-0.5106751752121748,-0.47247971450894716
16500.0,5,6,400.86,43.58494552438532,0.0,8,0.0,-0.8756259958847863,0.22591546914119598,-0.18858551157385608,0.05280870048283183,0.0,-0.6277857601057858,-0.47247971450894716
16503.0,107,4,1431.93,5.610062852280752,0.0,71,0.0,0.14500406424124493,-0.03483729145626595,-0.06276720505358123,-0.058848734961350915,0.0,0.11001092472396376,-0.47247971450894716
16504.0,25,1,465.88,6.538552785153862,0.0,76,0.0,-0.6755024546836037,-0.42596643235245885,-0.1806513205975419,-0.05611869875200909,0.0,0.16856621717076928,-0.47247971450894716
16505.0,32,1,777.6,110.36451603663203,0.0,4,0.0,-0.6054592152631898,-0.42596643235245885,-0.14261308603684272,0.24916047457109658,0.0,-0.6746299940632302,-0.47247971450894716
16506.0,20,2,90.30000000000001,8.92132277187638,0.0,3,1.0,-0.7255333399838994,-0.29559005205372785,-0.2264821948959744,-0.0491126471924017,0.0,-0.6863410525525914,3.102826795614516
16509.0,297,1,363.7,16.100642008222007,0.0,13,0.0,2.0461777056524797,-0.42596643235245885,-0.1931200322856345,-0.028003316030351923,0.0,-0.5692304676589803,-0.47247971450894716
16510.0,372,1,248.1,6.260204489983554,0.0,13,0.0,2.7966409851569147,-0.42596643235245885,-0.2072263453717914,-0.05693712542279924,0.0,-0.5692304676589803,-0.47247971450894716
16511.0,22,3,918.33,5.22259471962409,0.0,135,0.0,-0.7055209858637811,-0.1652136717549969,-0.12544023620453426,-0.05998800636825297,0.0,0.8595186680430744,-0.47247971450894716
16513.0,5,4,874.59,19.314303977913895,0.0,33,0.8571428571428571,-0.8756259958847863,-0.03483729145626595,-0.13077769411446943,-0.01855419522546042,0.0,-0.3350092978717582,2.5920687227397354
16515.0,52,5,1624.14,18.282759713780706,0.0,89,0.0,-0.4053356740620072,0.09553908884246501,-0.039312408874600135,-0.02158724178085838,0.0,0.32080997753246365,-0.47247971450894716
16516.0,30,1,101.69999999999999,1.694402549573153,0.0,6,0.0,-0.6254715693833081,-0.42596643235245885,-0.22509108789612847,-0.07036193939297615,0.0,-0.651207877084508,-0.47247971450894716
16517.0,277,1,162.7,6.050724616304475,0.0,17,0.0,1.8460541644512969,-0.42596643235245885,-0.2176474451776547,-0.05755305847713252,0.0,-0.5223862337015359,-0.47247971450894716
16518.0,61,2,484.32,9.698069117890666,0.0,36,0.725,-0.31528008052147505,-0.29559005205372785,-0.17840114401182622,-0.0468287822036547,0.0,-0.2998761224036749,2.1196175053305635
16519.0,25,2,215.07999999999998,13.075439836696772,0.0,13,0.0,-0.6755024546836037,-0.29559005205372785,-0.21125567459415215,-0.03689830904690204,0.0,-0.5692304676589803,-0.47247971450894716
16520.0,186,3,1046.57,5.970986014964494,0.0,129,0.0,0.9354920519859162,-0.1652136717549969,-0.10979150272556579,-0.057787513651317124,0.0,0.7892523171069078,-0.47247971450894716
16523.0,2,21,9418.470000000001,22.83208463538272,0.0,151,0.14482758620689656,-0.9056445270649637,2.1815611736221605,0.9118057509595274,-0.008210875140454559,0.0,1.046895603872852,0.04532329730203723
16525.0,2,26,13027.45,40.857441010622146,0.0,75,0.1912568306010929,-0.9056445270649637,2.8334430751158153,1.352198500108995,0.04478902701079394,0.0,0.15685515868140817,0.21132207704472064
16526.0,172,1,290.36,15.402448073818224,0.0,15,0.0,0.7954055731450883,-0.42596643235245885,-0.20206948731797664,-0.03005621359507506,0.0,-0.5458083506802581,-0.47247971450894716
16527.0,81,1,228.06,9.759812419382786,0.0,14,0.0,-0.11515653932029245,-0.42596643235245885,-0.20967176504520477,-0.04664723855650259,0.0,-0.5575194091696192,-0.47247971450894716
16528.0,4,1,244.41,5.046401892321254,0.0,17,0.0,-0.8856321729448454,-0.42596643235245885,-0.20767662474279416,-0.06050606561836742,0.0,-0.5223862337015359,-0.47247971450894716
16529.0,190,1,455.25,10.552886106294041,0.0,30,0.0,0.9755167602261527,-0.42596643235245885,-0.1819484668614333,-0.04431536633550368,0.0,-0.3701424733398415,-0.47247971450894716
16531.0,22,7,1244.59,5.9831796612261225,0.0,68,0.0,-0.7055209858637811,0.3562918494399269,-0.08562773008438253,-0.05775166070920159,0.0,0.07487774925588045,-0.47247971450894716
16532.0,18,3,6748.8,888.233482818566,0.0,2,0.0,-0.7455456941040176,-0.1652136717549969,0.5860341172508731,2.536326301847988,0.0,-0.6980521110419524,-0.47247971450894716
16533.0,19,3,1082.81,6.229064293357327,0.0,112,1.0,-0.7355395170439585,-0.1652136717549969,-0.1053692467892135,-0.05702868685103418,0.0,0.590164322787769,3.102826795614516
16535.0,5,1,593.75,15.304811963801182,0.0,31,1.0,-0.8756259958847863,-0.42596643235245885,-0.16504773708260348,-0.030343292761201283,0.0,-0.3584314148504804,3.102826795614516
16536.0,110,1,548.12,7.862207180367994,0.0,49,1.0,0.17502259542142232,-0.42596643235245885,-0.17061582588988147,-0.052226761640308726,0.0,-0.14763236204198055,3.102826795614516
16539.0,3,4,1388.81,22.470972503488255,0.0,36,0.0,-0.8956383500049045,-0.03483729145626595,-0.06802900626703352,-0.009272652076100925,0.0,-0.2998761224036749,-0.47247971450894716
16542.0,54,1,119.62,16.68088366963813,0.0,5,0.0,-0.38532331994188895,-0.42596643235245885,-0.22290436531391453,-0.026297233185777705,0.0,-0.6629189355738692,-0.47247971450894716
16545.0,165,1,339.3,110.82919290511866,0.0,3,0.0,0.7253623337246744,-0.42596643235245885,-0.19609748937302404,0.25052676259609064,0.0,-0.6863410525525914,-0.47247971450894716
16546.0,291,2,787.15,20.2607251433243,0.0,25,0.0,1.9861406432921247,-0.29559005205372785,-0.14144772885714726,-0.01577143586601026,0.0,-0.42869776578664703,-0.47247971450894716
16549.0,10,10,4034.9,5.140849570298119,0.0,445,0.23135135135135135,-0.8255951105844906,0.7474209903361198,0.2548652324366763,-0.06022836138955879,0.0,4.489946799745017,0.3546722781034
16550.0,109,5,2298.97,6.250607124488083,0.0,162,0.0,0.1650164183613632,0.09553908884246501,0.043035024169787765,-0.05696534452824052,0.0,1.1757172472558242,-0.47247971450894716
16551.0,96,3,922.12,21.631312541269065,0.0,26,0.0,0.034936116580594506,-0.1652136717549969,-0.1249777541405504,-0.011741501784896045,0.0,-0.41698670729728593,-0.47247971450894716
16552.0,243,2,379.73,18.437844154315428,0.0,17,0.0,1.5058441444092865,-0.29559005205372785,-0.19116394060076347,-0.021131247458060297,0.0,-0.5223862337015359,-0.47247971450894716
16553.0,163,12,5719.82,50.31734171288326,0.0,62,0.0,0.7053499796045561,1.0081737509335817,0.46047084701390323,0.07260394512631477,0.0,0.00461139831971382,-0.47247971450894716
16554.0,42,3,837.1,6.546503044497412,0.0,51,0.38461538461538464,-0.5053974446625985,-0.1652136717549969,-0.1353524837130855,-0.056095322627925125,0.0,-0.12421024506325833,0.9026381740000774
16555.0,35,2,285.89,4.374448200496096,0.0,15,0.0,-0.5754406840830124,-0.29559005205372785,-0.20261494769423197,-0.06248180907528037,0.0,-0.5458083506802581,-0.47247971450894716
16556.0,67,7,3313.79,9.177355844542557,0.0,144,0.12560386473429952,-0.25524301816112027,0.3562918494399269,0.16687039308063312,-0.04835983390448075,0.0,0.9649181944473244,-0.023407399227739194
16557.0,24,2,281.85,13.963333478012396,0.0,11,0.0,-0.6855086317436628,-0.29559005205372785,-0.2031079364906686,-0.03428763799381343,0.0,-0.5926525846377025,-0.47247971450894716
16558.0,1,20,8338.49,16.808100156473326,0.0,264,0.06521739130434782,-0.9156507041250228,2.0511847933234293,0.7800191073021941,-0.025923178924994673,0.0,2.370245213170657,-0.23930755080524302
16560.0,27,2,841.41,7.712658777754786,0.0,52,0.6428571428571429,-0.6554901005634854,-0.29559005205372785,-0.1348265476455999,-0.05266647836714489,0.0,-0.11249918657389722,1.825931613427565
16561.0,6,2,511.12,3.696610798806044,0.0,29,0.4838709677419355,-0.8656198188247272,-0.29559005205372785,-0.17513082229289018,-0.06447485238694428,0.0,-0.3818535318292026,1.257507306518535
16563.0,54,1,1077.74,65.70661974536944,0.0,19,0.0,-0.38532331994188895,-0.42596643235245885,-0.10598792332335549,0.11785299390631657,0.0,-0.49896411672281366,-0.47247971450894716
16565.0,364,1,173.7,69.36863484313353,0.0,3,0.0,2.7165915686764417,-0.42596643235245885,-0.21630514894973318,0.12862040609043845,0.0,-0.6863410525525914,-0.47247971450894716
16566.0,15,5,614.66,30.91612116214481,0.0,14,0.1111111111111111,-0.775564225284195,0.09553908884246501,-0.1624961539802545,0.015558593600482805,0.0,-0.5575194091696192,-0.07522343560634014
16567.0,194,2,865.6,18.32720111856516,0.0,34,0.2571428571428571,1.0155414684663893,-0.29559005205372785,-0.1318747162134707,-0.02145657084953213,0.0,-0.3232982393823971,0.4468848166656576
16569.0,3,1,124.2,19.659043720384776,0.0,5,0.0,-0.8956383500049045,-0.42596643235245885,-0.22234548197537995,-0.017540557978115805,0.0,-0.6629189355738692,-0.47247971450894716
16570.0,15,10,3738.4,20.45318412312868,0.0,68,0.0,-0.775564225284195,0.7474209903361198,0.21868424774770123,-0.0152055492957024,0.0,0.07487774925588045,-0.47247971450894716
16571.0,27,3,1421.69,7.099897281372537,0.0,73,0.3218390804597701,-0.6554901005634854,-0.1652136717549969,-0.06401676081484634,-0.05446817918649306,0.0,0.13343304170268597,0.678193645071018
16572.0,127,3,1009.6,6.50368000704872,0.0,40,0.0,0.34512760544242754,-0.1652136717549969,-0.11430283832068014,-0.056221235078550376,0.0,-0.2530318884462305,-0.47247971450894716
16573.0,85,2,663.61,6.292944747927204,0.0,40,0.0,-0.07513183108005593,-0.29559005205372785,-0.15652293576600385,-0.05684085933899499,0.0,-0.2530318884462305,-0.47247971450894716
16574.0,71,1,451.44,5.624561781872012,0.0,28,0.0,-0.21521830992088373,-0.42596643235245885,-0.18241338946401336,-0.058806103801464935,0.0,-0.3935645903185637,-0.47247971450894716
16581.0,183,1,105.84,5.536442901358235,0.0,9,0.0,0.9054735208057388,-0.42596643235245885,-0.22458589640671076,-0.05906519948577124,0.0,-0.6160747016164247,-0.47247971450894716
16582.0,113,1,313.62,64.6616903583567,0.0,6,0.0,0.2050411266015997,-0.42596643235245885,-0.19923114093057168,0.11478059111361984,0.0,-0.651207877084508,-0.47247971450894716
16583.0,374,1,233.45,1.976472187432018,0.0,14,0.0,2.8166533392770328,-0.42596643235245885,-0.2090140398935232,-0.06953257086926176,0.0,-0.5575194091696192,-0.47247971450894716
16584.0,80,2,936.08,26.370765198280786,0.0,25,0.0,-0.12516271638035156,-0.29559005205372785,-0.12327425820038822,0.002193896874802268,0.0,-0.42869776578664703,-0.47247971450894716
16586.0,249,1,463.95,38.07324179882019,0.0,8,0.0,1.5658812067696413,-0.42596643235245885,-0.1808868325720772,0.036602654285437665,0.0,-0.6277857601057858,-0.47247971450894716
16587.0,232,1,225.15,5.252639751493944,0.0,13,0.0,1.3957761967486362,-0.42596643235245885,-0.2100268634109549,-0.059899665049719,0.0,-0.5692304676589803,-0.47247971450894716
16589.0,71,3,459.24,3.892705372056351,0.0,31,0.0,-0.21521830992088373,-0.1652136717549969,-0.18146157941148722,-0.06389827609195721,0.0,-0.3584314148504804,-0.47247971450894716
16591.0,69,1,213.5,30.849113079273085,0.0,10,1.0,-0.23523066404100199,-0.42596643235245885,-0.21144847714325357,0.015361569932178378,0.0,-0.6043636431270636,3.102826795614516
16592.0,4,16,4113.68,10.303633405789233,0.0,142,0.19444444444444445,-0.8856321729448454,1.5296792721285057,0.26447851396719047,-0.04504824331516971,0.0,0.9414960774686022,0.22271877357061515
16593.0,51,3,330.03,14.182367438261009,0.0,24,0.037037037037037035,-0.41534185112206634,-0.1652136717549969,-0.19722867901237243,-0.033643613086937064,0.0,-0.44040882427600814,-0.3400609548747448
16594.0,75,1,181.09,3.25945180241243,0.0,53,1.0,-0.1751936016806472,-0.42596643235245885,-0.2154033699384296,-0.06576022969383771,0.0,-0.10078812808453612,3.102826795614516
16595.0,61,1,360.16,3.855120161108163,0.0,83,1.0,-0.31528008052147505,-0.42596643235245885,-0.19355200761716562,-0.06400878777678161,0.0,0.25054362659629703,3.102826795614516
16596.0,16,2,250.15,9.22687424501566,0.0,12,0.0,-0.7655580482241359,-0.29559005205372785,-0.20697619016567875,-0.04821423509771509,0.0,-0.5809415261483414,-0.47247971450894716
16597.0,4,1,90.04,8.5364350761617,0.0,7,0.0,-0.8856321729448454,-0.42596643235245885,-0.2265139218977253,-0.05024433134817898,0.0,-0.639496818595147,-0.47247971450894716
16598.0,286,1,145.04999999999998,3.2411803405549664,0.0,10,1.0,1.9361097579918292,-0.42596643235245885,-0.21980122048881967,-0.065813953219212,0.0,-0.6043636431270636,3.102826795614516
16600.0,4,6,813.52,5.5733839042218545,0.0,50,0.0,-0.8856321729448454,0.22591546914119598,-0.13822987871802997,-0.05895658196407661,0.0,-0.13592130355261944,-0.47247971450894716
16601.0,41,1,242.7,7.552167078806379,0.0,29,1.0,-0.5154036217226576,-0.42596643235245885,-0.20788529079277104,-0.0531383716358981,0.0,-0.3818535318292026,3.102826795614516
16602.0,36,1,528.08,12.213573094471172,0.0,29,0.0,-0.5654345070229533,-0.42596643235245885,-0.17306124556329483,-0.039432453285410354,0.0,-0.3818535318292026,-0.47247971450894716
16603.0,75,2,482.47,5.180918068459061,0.0,34,0.0,-0.1751936016806472,-0.29559005205372785,-0.17862689383197664,-0.060110548102671746,0.0,-0.3232982393823971,-0.47247971450894716
16607.0,18,14,3347.71,29.66225808719492,0.0,140,0.0,-0.7455456941040176,1.2689265115310437,0.1710095465398238,0.011871863701777816,0.0,0.91807396048988,-0.47247971450894716
16609.0,15,7,5493.46,9.183289909392348,0.0,155,0.0,-0.775564225284195,0.3562918494399269,0.432848831181875,-0.048342385991116316,0.0,1.0937398378302965,-0.47247971450894716
16610.0,219,1,75.66,3.0782787398154845,0.0,6,0.0,1.2656958949678674,-0.42596643235245885,-0.2282686691484081,-0.06629293231508908,0.0,-0.651207877084508,-0.47247971450894716
16611.0,186,1,129.49,5.568693144116789,0.0,9,0.0,0.9354920519859162,-0.42596643235245885,-0.22169995951667953,-0.058970374192169536,0.0,-0.6160747016164247,-0.47247971450894716
16612.0,33,4,1187.66,5.989432807979847,0.0,48,0.0,-0.5954530382031307,-0.03483729145626595,-0.09257472319852535,-0.057733274600256755,0.0,-0.15934342053134165,-0.47247971450894716
16613.0,70,1,618.59,7.109744882824599,0.0,30,0.0,-0.22522448698094286,-0.42596643235245885,-0.16201658814609712,-0.054439224313007135,0.0,-0.3701424733398415,-0.47247971450894716
16614.0,183,1,506.19,10.609141841609274,0.0,26,0.0,0.9054735208057388,-0.42596643235245885,-0.17573241505685863,-0.04414995776298583,0.0,-0.41698670729728593,-0.47247971450894716
16616.0,15,2,500.42,13.614212709128427,0.0,31,0.0,-0.775564225284195,-0.29559005205372785,-0.17643651044186837,-0.03531415676019057,0.0,-0.3584314148504804,-0.47247971450894716
16617.0,236,1,151.85,24.093609111131524,0.0,5,0.0,1.4358009049888727,-0.42596643235245885,-0.21897143736610455,-0.004501618447591889,0.0,-0.6629189355738692,-0.47247971450894716
16618.0,31,5,2647.59,23.130917158330025,0.0,79,0.0,-0.6154653923232489,0.09553908884246501,0.08557605244051454,-0.007332218755187531,0.0,0.2036993926388526,-0.47247971450894716
16619.0,264,1,226.21,4.642193080151513,0.0,14,0.0,1.7159738626705283,-0.42596643235245885,-0.20989751486535518,-0.061694559595834426,0.0,-0.5575194091696192,-0.47247971450894716
16620.0,4,2,178.96,6.951811114938163,0.0,9,0.0,-0.8856321729448454,-0.29559005205372785,-0.2156632872989271,-0.054903596504608146,0.0,-0.6160747016164247,-0.47247971450894716
16621.0,52,4,813.48,27.48187290155713,0.0,22,0.41379310344827586,-0.4053356740620072,-0.03483729145626595,-0.1382347597952224,0.00546088357549447,0.0,-0.46383094125473034,1.0069574620938653
16623.0,246,1,129.45,22.486896184222495,0.0,5,0.0,1.535862675589464,-0.42596643235245885,-0.22170484059387197,-0.009225831724634159,0.0,-0.6629189355738692,-0.47247971450894716
16624.0,81,2,810.5699999999999,18.642391426844952,0.0,44,0.0,-0.11515653932029245,-0.29559005205372785,-0.13858985816097255,-0.020529817716329297,0.0,-0.20618765448878607,-0.47247971450894716
16625.0,275,1,333.08,4.127152498640628,0.0,23,0.0,1.8260418103311786,-0.42596643235245885,-0.19685649687644877,-0.06320893189759351,0.0,-0.45211988276536924,-0.47247971450894716
16626.0,1,17,4413.1,23.39907111350693,0.0,86,0.11173184357541899,-0.9156507041250228,1.6600556524272365,0.30101581729121374,-0.006543766472193069,0.0,0.28567680206438034,-0.07300412678565518
16627.0,79,1,322.8,5.033051810414412,0.0,20,0.0,-0.1351688934404107,-0.42596643235245885,-0.1981109337149063,-0.06054531882479754,0.0,-0.48725305823345255,-0.47247971450894716
16628.0,30,5,2188.05,13.431280431583216,0.0,79,0.0,-0.6254715693833081,0.09553908884246501,0.029499797115146626,-0.03585203199596229,0.0,0.2036993926388526,-0.47247971450894716
16629.0,74,2,408.63,7.669301213389321,0.0,58,0.7666666666666667,-0.18519977874070634,-0.29559005205372785,-0.18763736232922426,-0.05279396248568596,0.0,-0.0422328356377306,2.2685886099190413
16633.0,17,6,2883.1,8.081331704349214,0.0,115,0.09868421052631579,-0.7555518711640767,0.22591546914119598,0.11431461468031387,-0.05158247044915666,0.0,0.6252974982558523,-0.1196534141678159
16634.0,223,2,217.9,12.18015234350996,0.0,9,0.1111111111111111,1.305720603208104,-0.29559005205372785,-0.21091155865208497,-0.03953072022082577,0.0,-0.6160747016164247,-0.07522343560634014
16637.0,32,4,1154.47,9.372026473589044,0.0,66,0.0,-0.6054592152631898,-0.03483729145626595,-0.09662479699895396,-0.047787444428433634,0.0,0.051455632277158235,-0.47247971450894716
16638.0,23,10,1680.72,15.527057548970193,0.0,92,0.11702127659574468,-0.695514808803722,0.7474209903361198,-0.03240812518589118,-0.02968982472305005,0.0,0.35594315300054696,-0.05409278247322272
16639.0,31,3,1257.51,18.313236039676273,0.0,48,0.0,-0.6154653923232489,-0.1652136717549969,-0.08405114215122382,-0.021497632329773496,0.0,-0.15934342053134165,-0.47247971450894716
16641.0,106,1,231.10000000000002,5.126717598359923,0.0,12,0.0,0.1349978871811858,-0.42596643235245885,-0.20930080317857916,-0.06026991358494048,0.0,-0.5809415261483414,-0.47247971450894716
16642.0,5,2,688.33,10.321043595930158,0.0,32,0.0,-0.8756259958847863,-0.29559005205372785,-0.15350643006107476,-0.044997052184481655,0.0,-0.3467203563611193,-0.47247971450894716
16643.0,246,1,487.51,6.925101642830433,0.0,27,0.0,1.535862675589464,-0.42596643235245885,-0.17801187810572897,-0.0549821302866179,0.0,-0.4052756488079248,-0.47247971450894716
16644.0,178,2,833.78,4.064032899178536,0.0,62,0.0,0.8554426355054432,-0.29559005205372785,-0.13575761312005818,-0.0633945222696048,0.0,0.00461139831971382,-0.47247971450894716
16647.0,170,2,214.06,8.012684175250367,0.0,12,0.0,0.77539321902497,-0.29559005205372785,-0.2113801420625594,-0.051784314576364135,0.0,-0.5809415261483414,-0.47247971450894716
16648.0,43,1,290.65999999999997,5.633301359817911,0.0,19,0.0,-0.4953912676025394,-0.42596643235245885,-0.2020328792390333,-0.05878040684622403,0.0,-0.49896411672281366,-0.47247971450894716
16650.0,72,1,518.42,16.879446188284387,0.0,24,0.0,-0.2052121328608246,-0.42596643235245885,-0.17424002570526956,-0.025713400398226664,0.0,-0.44040882427600814,-0.47247971450894716
16652.0,59,7,6773.97,34.00587795789696,0.0,74,0.0,-0.3352924346415933,0.3562918494399269,0.589105535074217,0.024643396388125,0.0,0.14514410019204707,-0.47247971450894716
16653.0,16,2,1212.66,6.817155394490746,0.0,67,0.0,-0.7655580482241359,-0.29559005205372785,-0.0895240499532492,-0.05529952432202552,0.0,0.06316669076651935,-0.47247971450894716
16654.0,141,4,601.27,9.09264863025623,0.0,29,0.034482758620689655,0.48521408428325535,-0.03483729145626595,-0.1641300945704244,-0.048608898276647466,0.0,-0.3818535318292026,-0.34919328312537945
16655.0,18,6,3789.52,19.527203675619692,0.0,208,0.6472868217054264,-0.7455456941040176,0.22591546914119598,0.22492226439964189,-0.017928206872634425,0.0,1.7144259377664348,1.8417690730515892
16656.0,22,15,8625.8,106.30855755004573,0.0,14,0.0,-0.7055209858637811,1.3993028918297747,0.8150786645062056,0.23723475180347978,0.0,-0.5575194091696192,-0.47247971450894716
16657.0,10,4,874.43,5.162211421889734,0.0,158,0.0,-0.8255951105844906,-0.03483729145626595,-0.1307972184232392,-0.060165551200369954,0.0,1.1288730132983797,-0.47247971450894716
16658.0,368,1,123.24,23.994521398495472,0.0,8,0.0,2.756616276916678,-0.42596643235245885,-0.22246262782799855,-0.004792965756614623,0.0,-0.6277857601057858,-0.47247971450894716
16659.0,189,1,39.12,1.1879393923933996,0.0,2,0.0,0.9655105831660936,-0.42596643235245885,-0.23272753316370373,-0.07185109151928926,0.0,-0.6980521110419524,-0.47247971450894716
16660.0,16,4,1267.6499999999999,109.90782569764234,0.0,16,0.0,-0.7655580482241359,-0.03483729145626595,-0.08281378908293983,0.24781766931521143,0.0,-0.534097292190897,-0.47247971450894716
16665.0,362,1,135.39999999999998,15.348848581498801,0.0,9,1.0,2.696579214556323,-0.42596643235245885,-0.22097878036149626,-0.03021381202415179,0.0,-0.6160747016164247,3.102826795614516
16666.0,19,1,118.98,2.988363925564104,0.0,32,1.0,-0.7355395170439585,-0.42596643235245885,-0.22298246254899362,-0.06655730857806366,0.0,-0.3467203563611193,3.102826795614516
16667.0,68,2,567.1800000000001,7.626881796821344,0.0,52,0.6153846153846154,-0.24523684110106111,-0.29559005205372785,-0.16828999260768296,-0.052918688171026865,0.0,-0.11249918657389722,1.7277089071054919
16668.0,15,6,306.71999999999997,7.594392945491187,0.0,9,0.05,-0.775564225284195,0.22591546914119598,-0.2000731267462679,-0.053014215044707436,0.0,-0.6160747016164247,-0.29371438900277397
16669.0,24,3,1348.88,7.510988022575246,0.0,141,0.0,-0.6855086317436628,-0.1652136717549969,-0.07290154157438856,-0.053259450293401296,0.0,0.929785018979241,-0.47247971450894716
16670.0,17,11,4095.9,5.311087097593509,0.0,179,0.0,-0.7555518711640767,0.8777973706348507,0.26230887515515006,-0.05972781249048016,0.0,1.374805241574963,-0.47247971450894716
16671.0,28,3,1692.27,277.77587308835876,0.0,3,0.0,-0.6454839235034263,-0.1652136717549969,-0.03099871414657361,0.741399593623265,0.0,-0.6863410525525914,-0.47247971450894716
16672.0,2,20,8134.9400000000005,44.584298151945816,0.0,22,0.0,-0.9056445270649637,2.0511847933234293,0.755180525739156,0.055747094064223415,0.0,-0.46383094125473034,-0.47247971450894716
16674.0,55,2,304.24,3.206265127567619,0.0,89,0.6451612903225806,-0.3753171428818298,-0.29559005205372785,-0.2003757535321993,-0.0659166143169122,0.0,0.32080997753246365,1.834169646861029
16676.0,34,4,1592.1200000000001,9.595490897118836,0.0,75,0.2808988764044944,-0.5854468611430715,-0.03483729145626595,-0.043219711167149816,-0.0471303926434474,0.0,0.15685515868140817,0.5318198669864077
16678.0,3,12,3109.99,13.017784483862355,0.0,92,0.22085889570552147,-0.8956383500049045,1.0081737509335817,0.142001304785142,-0.03706783291068081,0.0,0.35594315300054696,0.31715853312568276
16679.0,366,1,129.75,50.891428551377885,0.0,3,0.0,2.7366039227965597,-0.42596643235245885,-0.22166823251492865,0.07429193096321784,0.0,-0.6863410525525914,-0.47247971450894716
16680.0,43,1,183.7,3.5412019302930338,0.0,10,0.0,-0.4953912676025394,-0.42596643235245885,-0.21508487965162273,-0.06493180062436943,0.0,-0.6043636431270636,-0.47247971450894716
16681.0,73,6,1770.34,26.484250387818253,0.0,18,0.0,-0.19520595580076547,0.22591546914119598,-0.021472071736225284,0.0025275770426664533,0.0,-0.5106751752121748,-0.47247971450894716
16682.0,5,5,1028.0,24.54310231540357,0.0,15,0.36666666666666664,-0.8756259958847863,0.09553908884246501,-0.11205754281215691,-0.003179974905675891,0.0,-0.5458083506802581,0.8384660058696559
16684.0,4,28,66653.56,208.8601693426319,0.0,119,0.17328519855595667,-0.8856321729448454,3.0941958357132773,7.896028061118408,0.5387669532930436,0.0,0.6721417322132968,0.1470679839962017
16685.0,61,2,324.24,4.210928781837952,0.0,60,1.0,-0.31528008052147505,-0.29559005205372785,-0.19793521493597838,-0.06296260473936031,0.0,-0.01881071865900839,3.102826795614516
16686.0,47,7,2959.88,5.41294065409492,0.0,406,0.7077205882352942,-0.45536655936230286,0.3562918494399269,0.12368384235120598,-0.05942833277890304,0.0,4.033215518659934,2.0578383119571066
16688.0,1,4,1260.86,10.570034523382088,0.0,52,0.0,-0.9156507041250228,-0.03483729145626595,-0.08364235193635683,-0.044264944895350426,0.0,-0.11249918657389722,-0.47247971450894716
16689.0,76,2,422.59999999999997,18.422917862382782,0.0,12,1.0,-0.16518742462058808,-0.29559005205372785,-0.18593264611976396,-0.021175135190177368,0.0,-0.5809415261483414,3.102826795614516
16690.0,72,2,225.57999999999998,13.278520477094052,0.0,10,0.4166666666666667,-0.2052121328608246,-0.29559005205372785,-0.20997439183113617,-0.036301191639300956,0.0,-0.6043636431270636,1.0172313313758294
16692.0,256,2,1276.0,603.5947177811726,0.0,2,0.0,1.6359244461900553,-0.29559005205372785,-0.08179486421901758,1.699403781072934,0.0,-0.6980521110419524,-0.47247971450894716
16693.0,69,2,477.86,5.792843939875087,0.0,58,1.0,-0.23523066404100199,-0.29559005205372785,-0.17918943797840556,-0.05831130426894554,0.0,-0.0422328356377306,3.102826795614516
16696.0,135,4,657.9000000000001,60.47314279909719,0.0,7,0.0,0.4251770219229006,-0.03483729145626595,-0.15721970953522488,0.10246501708693678,0.0,-0.639496818595147,-0.47247971450894716
16697.0,241,1,112.75,3.2293759532793715,0.0,20,0.0,1.4858317902891682,-0.42596643235245885,-0.22374269032171643,-0.06584866162427973,0.0,-0.48725305823345255,-0.47247971450894716
16698.0,227,2,1998.0,244.37021095051662,0.0,4,0.0,1.3457453114483404,-0.29559005205372785,0.0063085791045573774,0.6431770238306729,0.0,-0.6746299940632302,-0.47247971450894716
16700.0,9,13,5076.55,7.369215008935539,0.0,159,0.07792207792207792,-0.8356012876445498,1.1385501312323127,0.38197458387435196,-0.053676305066986445,0.0,1.140584071787741,-0.19388440203179416
16701.0,9,13,5398.3,29.599700354105543,0.0,99,0.1736111111111111,-0.8356012876445498,1.1385501312323127,0.4212367485410559,0.011687925383803957,0.0,0.4379205624260747,0.1482332212763763
16705.0,1,20,14034.99,40.37760931003165,0.0,133,0.05185185185185185,-0.9156507041250228,2.0511847933234293,1.4751455129708158,0.04337817927769187,0.0,0.8360965510643522,-0.2870934510210639
16706.0,37,3,531.35,4.885485276487754,0.0,108,0.0,-0.5554283299628942,-0.1652136717549969,-0.17266221750281271,-0.060979208268983794,0.0,0.5433200888303246,-0.47247971450894716
16708.0,46,1,656.63,18.10230382309676,0.0,27,0.0,-0.465372736422362,-0.42596643235245885,-0.15737468373608493,-0.022117835703650567,0.0,-0.4052756488079248,-0.47247971450894716
16709.0,85,5,3029.87,28.271109741068905,0.0,64,0.0,-0.07513183108005593,0.09553908884246501,0.13222450716868103,0.007781474325408514,0.0,0.028033515298436028,-0.47247971450894716
16710.0,19,10,2467.99,5.492309729391923,0.0,268,0.39847715736040606,-0.7355395170439585,0.7474209903361198,0.0636600158464507,-0.059194964121052004,0.0,2.417089447128101,0.9521982603372044
16711.0,3,5,1651.03,67.3632701520971,0.0,18,0.3181818181818182,-0.8956383500049045,0.09553908884246501,-0.03603110473198114,0.12272403820788733,0.0,-0.5106751752121748,0.6651178114394275
16712.0,9,11,3611.31,13.47291735093332,0.0,259,0.0,-0.8356012876445498,0.8777973706348507,0.20317584523801543,-0.03572960708488168,0.0,2.3116899207238513,-0.47247971450894716
16713.0,19,15,6910.78,13.847039036674248,0.0,338,0.0,-0.7355395170439585,1.3993028918297747,0.6058000393416662,-0.034629578196456116,0.0,3.2368635413833786,-0.47247971450894716
16714.0,219,3,1129.06,26.68222475562429,0.0,77,0.0,1.2656958949678674,-0.1652136717549969,-0.09972550128545264,0.003109680492037831,0.0,0.18027727566013038,-0.47247971450894716
16715.0,78,1,301.71999999999997,22.93674296358962,0.0,19,0.0,-0.14517507050046982,-0.42596643235245885,-0.20068326139532314,-0.007903148566909619,0.0,-0.49896411672281366,-0.47247971450894716
16716.0,267,2,901.2,401.3538090014844,0.0,1,0.0,1.7459923938507056,-0.29559005205372785,-0.1275305575121975,1.1047554338687215,0.0,-0.7097631695313136,-0.47247971450894716
16717.0,24,6,3843.08,10.562357006389778,0.0,176,0.0,-0.6855086317436628,0.22591546914119598,0.23145802676032148,-0.04428751907590399,0.0,1.3396720661068797,-0.47247971450894716
16718.0,369,1,606.0500000000001,10.647878752806163,0.0,41,1.0,2.766622453976737,-0.42596643235245885,-0.16354680584592762,-0.04403605973731923,0.0,-0.24132082995686938,3.102826795614516
16719.0,15,7,1770.22,6.4084561964297935,0.0,107,0.0,-0.775564225284195,0.3562918494399269,-0.021486714967802596,-0.05650122136787583,0.0,0.5316090303409635,-0.47247971450894716
16720.0,26,1,152.95,5.301241206862156,0.0,25,1.0,-0.6654962776235446,-0.42596643235245885,-0.2188372077433124,-0.059756762333939034,0.0,-0.42869776578664703,3.102826795614516
16721.0,262,1,292.47,5.760922280809343,0.0,37,0.0,1.69596150855041,-0.42596643235245885,-0.2018120104960753,-0.058405163428885035,0.0,-0.2881650639143138,-0.47247971450894716
16722.0,17,13,4730.81,19.797546798883136,0.0,96,0.0,-0.7555518711640767,1.1385501312323127,0.3397849931614811,-0.017133317785176086,0.0,0.4027873869579914,-0.47247971450894716
16723.0,91,2,576.4,25.523323140961796,0.0,37,0.0,-0.015094768719701146,-0.29559005205372785,-0.16716490431482514,-0.0002978345052472198,0.0,-0.2881650639143138,-0.47247971450894716
16725.0,302,7,758.27,4.967035050559497,0.0,110,0.0,2.096208590952775,0.3562918494399269,-0.14497186659009026,-0.06073942770896137,0.0,0.5667422058090468,-0.47247971450894716
16726.0,26,5,1358.74,6.691719893067652,0.0,121,0.4550561797752809,-0.6654962776235446,0.09553908884246501,-0.07169835604645167,-0.05566834195665764,0.0,0.695563849192019,1.1544856075135277
16727.0,364,1,256.32,4.613695212030563,0.0,41,0.0,2.7165915686764417,-0.42596643235245885,-0.20622328400874462,-0.061778351793363696,0.0,-0.24132082995686938,-0.47247971450894716
16728.0,46,4,1048.28,4.9528055826318536,0.0,218,0.5399239543726235,-0.465372736422362,-0.03483729145626595,-0.1095828366755889,-0.06078126657151308,0.0,1.831536522660046,1.4579139145310973
16729.0,38,21,7205.33,8.966091589801762,0.0,234,0.0,-0.545422152902835,2.1815611736221605,0.6417430715175096,-0.04898101356918348,0.0,2.0189134584898234,-0.47247971450894716
16730.0,52,3,743.11,7.774700391000826,0.0,75,0.0,-0.4053356740620072,-0.1652136717549969,-0.1468217948460257,-0.05248405759482314,0.0,0.15685515868140817,-0.47247971450894716
16732.0,32,1,603.75,12.499331426564828,0.0,28,0.0,-0.6054592152631898,-0.42596643235245885,-0.16382746778449303,-0.038592238904924,0.0,-0.3935645903185637,-0.47247971450894716
16734.0,52,3,646.76,10.92551441161335,0.0,44,0.0,-0.4053356740620072,-0.1652136717549969,-0.15857908953331995,-0.04321972842912434,0.0,-0.20618765448878607,-0.47247971450894716
16735.0,79,5,2247.41,11.461217717446807,0.0,88,0.3275862068965517,-0.1351688934404107,0.09553908884246501,0.03674331566873026,-0.04164460158002222,0.0,0.30909891904310255,0.698741383634946
16737.0,53,1,417.59999999999997,0.0,0.0,1,0.0,-0.3953294970019481,-0.42596643235245885,-0.18654278076881917,-0.07534398620873628,0.0,-0.7097631695313136,-0.47247971450894716
16738.0,298,1,3.75,0.0,0.0,1,0.0,2.0561838827125385,-0.42596643235245885,-0.23704362567112042,-0.07534398620873628,0.0,-0.7097631695313136,-0.47247971450894716
16739.0,177,1,323.0,11.821792403904986,0.0,13,0.0,0.8454364584453841,-0.42596643235245885,-0.19808652832894408,-0.040584404893605985,0.0,-0.5692304676589803,-0.47247971450894716
16742.0,47,1,464.9,0.0,0.0,1,0.0,-0.45536655936230286,-0.42596643235245885,-0.18077090698875672,-0.07534398620873628,0.0,-0.7097631695313136,-0.47247971450894716
16743.0,29,7,2213.13,9.188350278683117,0.0,89,0.0,-0.6354777464433672,0.3562918494399269,0.03256023251480764,-0.048327507002225524,0.0,0.32080997753246365,-0.47247971450894716
16744.0,11,7,1291.91,6.182310917872915,0.0,198,0.847457627118644,-0.8155889335244315,0.3562918494399269,-0.07985341576572383,-0.057166155662986114,0.0,1.597315352872824,2.5574410567821233
16745.0,87,17,7180.7,21.786630544949098,0.0,148,0.09295774647887324,-0.055119476959937665,1.6600556524272365,0.6387375482362636,-0.011284820717071127,0.0,1.0117624284047688,-0.1401272783566252
16746.0,5,18,6680.11,12.606216806457645,0.0,234,0.3108108108108108,-0.8756259958847863,1.7904320327259675,0.5776520874421522,-0.03827796413787972,0.0,2.0189134584898234,0.6387642007996968
16747.0,38,2,836.06,9.894460128330731,0.0,34,0.0,-0.545422152902835,-0.29559005205372785,-0.13547939172008902,-0.046251334295273464,0.0,-0.3232982393823971,-0.47247971450894716
16748.0,18,5,1515.9,9.800124614271136,0.0,42,0.21739130434782608,-0.7455456941040176,0.09553908884246501,-0.05252060375734772,-0.04652870872884718,0.0,-0.22960977146750827,0.3047608311700666
16750.0,45,5,623.93,8.250087743264102,0.0,74,0.0,-0.4753789134824211,0.09553908884246501,-0.1613649643409061,-0.051086277565990844,0.0,0.14514410019204707,-0.47247971450894716
16751.0,31,1,1764.72,183.6376717052722,0.0,24,0.0,-0.6154653923232489,-0.42596643235245885,-0.02215786308176335,0.4646053179299589,0.0,-0.44040882427600814,-0.47247971450894716
16752.0,373,1,207.5,21.528984016385397,0.0,9,0.0,2.8066471622169735,-0.42596643235245885,-0.21218063872211987,-0.012042378044605718,0.0,-0.6160747016164247,-0.47247971450894716
16753.0,58,1,223.92000000000002,9.676220498585948,0.0,34,0.0,-0.34529861170165244,-0.42596643235245885,-0.21017695653462248,-0.04689302363451376,0.0,-0.3232982393823971,-0.47247971450894716
16755.0,114,3,1475.43,8.245934785565849,0.0,133,0.0,0.21504730366165883,-0.1652136717549969,-0.05745903360680074,-0.051098488495254245,0.0,0.8360965510643522,-0.47247971450894716
16756.0,215,1,239.4,4.898594382379186,0.0,13,0.0,1.2256711867276309,-0.42596643235245885,-0.20828797966114748,-0.060940663603620576,0.0,-0.5692304676589803,-0.47247971450894716
16757.0,319,1,106.83000000000001,12.399242488382681,0.0,7,0.0,2.2663136009737803,-0.42596643235245885,-0.22446508974619783,-0.03888653011446496,0.0,-0.639496818595147,-0.47247971450894716
16758.0,65,1,369.34000000000003,15.482706062345398,0.0,22,0.0,-0.27525537228123853,-0.42596643235245885,-0.19243180040150024,-0.02982023126827683,0.0,-0.46383094125473034,-0.47247971450894716
16759.0,8,3,789.79,7.934746127581863,0.0,40,0.0,-0.8456074647046089,-0.1652136717549969,-0.14112557776244608,-0.052013475587902536,0.0,-0.2530318884462305,-0.47247971450894716
16761.0,97,1,316.62,15.182046752323732,0.0,13,1.0,0.044942293640653636,-0.42596643235245885,-0.19886506014113853,-0.030704258950187146,0.0,-0.5692304676589803,3.102826795614516
16762.0,20,3,1207.24,12.795914414532673,0.0,51,0.4603174603174603,-0.7255333399838994,-0.1652136717549969,-0.09018543591282507,-0.037720196820717936,0.0,-0.12421024506325833,1.1732962980875676
16763.0,199,1,611.85,25.652429790376537,0.0,23,0.0,1.0655723537666848,-0.42596643235245885,-0.16283904965302354,8.17773949899492e-05,0.0,-0.45211988276536924,-0.47247971450894716
16764.0,4,13,2790.9500000000003,3.9300496519392154,0.0,209,0.055714285714285716,-0.8856321729448454,1.1385501312323127,0.10306983309822605,-0.06378847281603311,0.0,1.726136996255796,-0.2732840660877828
16765.0,294,1,34.0,0.0,0.0,1,0.0,2.016159174472302,-0.42596643235245885,-0.23335231104433626,-0.07534398620873628,0.0,-0.7097631695313136,-0.47247971450894716
16766.0,273,2,1145.6,9.115253322714343,0.0,17,0.0,1.8060294562110604,-0.29559005205372785,-0.09770717586637795,-0.04854243376612689,0.0,-0.5223862337015359,-0.47247971450894716
16767.0,31,11,5575.56,26.018375776479036,0.0,148,0.0,-0.6154653923232489,0.8777973706348507,0.44286724211936185,0.0011577672978978731,0.0,1.0117624284047688,-0.47247971450894716
16768.0,48,3,478.09000000000003,10.533725739380193,0.0,47,1.0,-0.44536038230224373,-0.1652136717549969,-0.17916137178454902,-0.0443717035057918,0.0,-0.17105447902070275,3.102826795614516
16769.0,260,1,361.54,7.305704410079412,0.0,33,0.0,1.6759491544302918,-0.42596643235245885,-0.19338361045402638,-0.05386304509336206,0.0,-0.3350092978717582,-0.47247971450894716
16770.0,58,5,757.1,6.646250501962794,0.0,116,0.6285714285714286,-0.34529861170165244,0.09553908884246501,-0.14511463809796915,-0.05580203547312785,0.0,0.6370085567452135,1.7748558061400868
16771.0,33,5,2242.61,6.107910158755016,0.0,200,0.3110236220472441,-0.5954530382031307,0.09553908884246501,0.03615758640563727,-0.05738491599543889,0.0,1.620737469851546,0.6395250661987442
16773.0,57,1,171.59,5.928234462818913,0.0,23,0.0,-0.35530478876171157,-0.42596643235245885,-0.21656262577163451,-0.05791321591391661,0.0,-0.45211988276536924,-0.47247971450894716
16774.0,68,4,661.52,13.266060733159883,0.0,36,0.0,-0.24523684110106111,-0.03483729145626595,-0.1567779720493089,-0.03633782698761771,0.0,-0.2998761224036749,-0.47247971450894716
16775.0,10,11,1691.51,10.123998067422859,0.0,84,0.0,-0.8255951105844906,0.8777973706348507,-0.031091454613230006,-0.04557642457040428,0.0,0.26225468508565813,-0.47247971450894716
16776.0,60,1,371.54,6.249546816567971,0.0,61,0.0,-0.3252862575815342,-0.42596643235245885,-0.19216334115591593,-0.056968462148488705,0.0,-0.007099660169647285,-0.47247971450894716
16777.0,80,2,222.62,4.024787008152471,0.0,45,0.7708333333333334,-0.12516271638035156,-0.29559005205372785,-0.21033559154337683,-0.06350991684716097,0.0,-0.19447659599942496,2.283485720377889
16778.0,74,2,245.94,5.219169633827461,0.0,16,0.0,-0.18519977874070634,-0.29559005205372785,-0.20748992354018325,-0.05999807713791222,0.0,-0.534097292190897,-0.47247971450894716
16779.0,2,22,10611.720000000001,34.48815207806813,0.0,161,0.1782477341389728,-0.9056445270649637,2.3119375539208913,1.0574143849565578,0.02606142556031172,0.0,1.1640061887664632,0.16481056977287858
16780.0,100,2,422.24,5.396543788634854,0.0,51,0.0,0.07496082482083102,-0.29559005205372785,-0.18597657581449592,-0.05947654443402262,0.0,-0.12421024506325833,-0.47247971450894716
16781.0,372,1,311.25,5.514051235653488,0.0,17,0.0,2.7966409851569147,-0.42596643235245885,-0.19952034475422387,-0.05913103763435759,0.0,-0.5223862337015359,-0.47247971450894716
16782.0,10,13,2267.9500000000003,11.254417731324285,0.0,103,0.03825136612021858,-0.8255951105844906,1.1385501312323127,0.039249748807049185,-0.042252654968882204,0.0,0.4847647963835191,-0.3357193561982136
16784.0,20,1,107.6,10.161364737737413,0.0,3,1.0,-0.7255333399838994,-0.42596643235245885,-0.22437112901024334,-0.04546655545995996,0.0,-0.6863410525525914,3.102826795614516
16788.0,123,2,594.39,4.03298078916581,0.0,138,0.0,0.305102897202191,-0.29559005205372785,-0.16496963984752439,-0.06348582469703003,0.0,0.8946518435111578,-0.47247971450894716
16789.0,8,1,80.8,2.9904849105120057,0.0,5,0.0,-0.8456074647046089,-0.42596643235245885,-0.22764145072917935,-0.06655107225228107,0.0,-0.6629189355738692,-0.47247971450894716
16790.0,4,6,1545.6200000000001,4.910496945094187,0.0,88,0.16129032258064516,-0.8856321729448454,0.22591546914119598,-0.04889396340336344,-0.06090566653359811,0.0,0.30909891904310255,0.10418262583354691
16791.0,29,7,1705.78,4.76875699992269,0.0,218,0.0,-0.6354777464433672,0.3562918494399269,-0.029350130324826387,-0.06132242407606378,0.0,1.831536522660046,-0.47247971450894716
16792.0,282,2,110.38000000000001,6.777813851535066,0.0,11,0.0,1.8960850497515926,-0.29559005205372785,-0.2240318941453686,-0.05541520014466803,0.0,-0.5926525846377025,-0.47247971450894716
16793.0,57,1,243.84,5.501602190877369,0.0,16,0.0,-0.35530478876171157,-0.42596643235245885,-0.20774618009278648,-0.05916764152397151,0.0,-0.534097292190897,-0.47247971450894716
16794.0,1,10,1196.5,3.7503890760768703,0.0,142,0.4676258992805755,-0.9156507041250228,0.7474209903361198,-0.09149600513899571,-0.06431672827700259,0.0,0.9414960774686022,1.1994262074912334
16795.0,365,1,414.88,5.551657515148171,0.0,64,0.0,2.7265977457365005,-0.42596643235245885,-0.1868746940179052,-0.05902046400174811,0.0,0.028033515298436028,-0.47247971450894716
16796.0,89,1,305.62,9.269285072303795,0.0,18,1.0,-0.035107122839819406,-0.42596643235245885,-0.20020735636906004,-0.04808953466740835,0.0,-0.5106751752121748,3.102826795614516
16800.0,11,1,1162.65,5.664545081482613,0.0,148,0.0,-0.8155889335244315,-0.42596643235245885,-0.09562661671309959,-0.058688541023623995,0.0,1.0117624284047688,-0.47247971450894716
16801.0,163,4,1594.23,13.008344166186022,0.0,72,0.22666666666666666,0.7053499796045561,-0.03483729145626595,-0.04296223434524852,-0.03709559024888299,0.0,0.12172198321332486,0.3379230944523711
16803.0,65,1,332.3,4.360204339713676,0.0,24,0.0,-0.27525537228123853,-0.42596643235245885,-0.19695167788170137,-0.06252369025710051,0.0,-0.44040882427600814,-0.47247971450894716
16804.0,23,3,536.99,8.570780177621367,0.0,59,0.0,-0.695514808803722,-0.1652136717549969,-0.17197398561867844,-0.05014334654772104,0.0,-0.030521777148369494,-0.47247971450894716
16805.0,174,2,460.59,4.420997343954589,0.0,94,0.4387755102040816,0.8154179272652066,-0.29559005205372785,-0.18129684305624233,-0.06234494076615149,0.0,0.37936526997926917,1.09627722360645
16806.0,103,4,762.16,7.813713640188309,0.0,68,0.43010752688172044,0.10497935600100841,-0.03483729145626595,-0.14449718183312527,-0.05236934705337836,0.0,0.07487774925588045,1.0652865264043705
16807.0,143,3,1121.59,6.428016917567759,0.0,57,0.22388059701492538,0.5052264384033736,-0.1652136717549969,-0.10063704245114115,-0.05644370703724411,0.0,-0.053943894127091704,0.32796204148884317
16808.0,99,2,288.42,13.777480967803287,0.0,21,0.0,0.0649546477607719,-0.29559005205372785,-0.20230621956181002,-0.03483409958106823,0.0,-0.47554199974409145,-0.47247971450894716
16809.0,23,5,914.69,5.003362049419308,0.0,79,0.2684563758389262,-0.695514808803722,0.09553908884246501,-0.12588441422904648,-0.060632615541427,0.0,0.2036993926388526,0.4873341137121168
16810.0,192,1,309.54,12.244121504974192,0.0,15,0.0,0.995529114346271,-0.42596643235245885,-0.19972901080420077,-0.03934263188416692,0.0,-0.5458083506802581,-0.47247971450894716
16811.0,5,2,547.07,7.48846473588072,0.0,26,0.0,-0.8756259958847863,-0.29559005205372785,-0.1707439541661831,-0.05332567544679545,0.0,-0.41698670729728593,-0.47247971450894716
16812.0,361,1,479.35,32.94393433583502,0.0,15,0.0,2.686573037496264,-0.42596643235245885,-0.17900761785298708,0.021520966690327804,0.0,-0.5458083506802581,-0.47247971450894716
16813.0,8,10,1652.18,4.057214764651548,0.0,248,0.4061032863849765,-0.8456074647046089,0.7474209903361198,-0.03589077376269842,-0.0634145696104319,0.0,2.182868277340879,0.9794640090857925
16814.0,14,21,6416.7,20.796859944880254,0.0,122,0.047021943573667714,-0.7855704023442541,2.1815611736221605,0.5455089738606247,-0.014195040291308782,0.0,0.7072749076813801,-0.30436185353135486
16816.0,103,4,417.06,4.98172772350227,0.0,28,0.6428571428571429,0.10497935600100841,-0.03483729145626595,-0.18660867531091713,-0.06069622688607072,0.0,-0.3935645903185637,1.825931613427565
16817.0,3,9,1604.75,11.50889461592371,0.0,73,0.0,-0.8956383500049045,0.6170446100373889,-0.041678511043636325,-0.041504417336141096,0.0,0.13343304170268597,-0.47247971450894716
16818.0,11,11,3349.57,8.481907655598334,0.0,172,0.05319148936170213,-0.8155889335244315,0.8777973706348507,0.17123651662927236,-0.05040465816193276,0.0,1.2928278321494353,-0.2823038363108906
16820.0,96,1,497.61,7.655362213206153,0.0,26,0.0,0.034936116580594506,-0.42596643235245885,-0.1767794061146374,-0.052834947286785866,0.0,-0.41698670729728593,-0.47247971450894716
16823.0,227,1,358.38,7.728474129835295,0.0,34,0.0,1.3457453114483404,-0.42596643235245885,-0.1937692155522293,-0.05261997653409897,0.0,-0.3232982393823971,-0.47247971450894716
16824.0,16,2,460.64,7.160926068173456,0.0,23,0.0,-0.7655580482241359,-0.29559005205372785,-0.18129074170975176,-0.05428873642477873,0.0,-0.45211988276536924,-0.47247971450894716
16825.0,39,2,775.1800000000001,22.41156951550132,0.0,27,0.0,-0.5354159758427759,-0.29559005205372785,-0.14290839120698545,-0.009447314506360783,0.0,-0.4052756488079248,-0.47247971450894716
16826.0,51,1,341.7,4.447351953009722,0.0,22,0.0,-0.41534185112206634,-0.42596643235245885,-0.19580462474147753,-0.062267450386927964,0.0,-0.46383094125473034,-0.47247971450894716
16828.0,93,2,128.5,4.36968043944373,0.0,8,0.0,0.004917585400417115,-0.29559005205372785,-0.22182076617719246,-0.062495827709031386,0.0,-0.6277857601057858,-0.47247971450894716
16829.0,157,1,197.22,8.409287073879039,0.0,11,0.0,0.6453129172442014,-0.42596643235245885,-0.2134350755605774,-0.050618184244034324,0.0,-0.5926525846377025,-0.47247971450894716
16830.0,39,1,325.91,3.946877937629369,0.0,23,0.0,-0.5354159758427759,-0.42596643235245885,-0.19773142996319393,-0.06373899265728426,0.0,-0.45211988276536924,-0.47247971450894716
16832.0,184,3,199.15,15.434001106372746,0.0,11,0.0,0.915479697865798,-0.1652136717549969,-0.21319956358604208,-0.029963438306578574,0.0,-0.5926525846377025,-0.47247971450894716
16833.0,1,4,1106.53,15.743837870650129,0.0,46,0.3829787234042553,-0.9156507041250228,-0.03483729145626595,-0.1024747680140955,-0.02905242618300592,0.0,-0.18276553751006386,0.8967866085170599
16834.0,228,1,413.46,6.107505895279149,0.0,24,0.0,1.3557514885083997,-0.42596643235245885,-0.18704797225823688,-0.05738610465014386,0.0,-0.44040882427600814,-0.47247971450894716
16835.0,128,2,180.85,3.396898094831027,0.0,10,0.0,0.3551337825024867,-0.29559005205372785,-0.21543265640158424,-0.06535609676588938,0.0,-0.6043636431270636,-0.47247971450894716
16836.0,40,2,251.87,18.02964009119932,0.0,11,0.0,-0.5254097987827168,-0.29559005205372785,-0.20676630384640374,-0.02233148866009359,0.0,-0.5926525846377025,-0.47247971450894716
16837.0,31,11,3170.98,16.5472184272533,0.0,123,0.0,-0.6154653923232489,0.8777973706348507,0.1494437272343177,-0.0266902487034709,0.0,0.7189859661707412,-0.47247971450894716
16838.0,197,2,588.85,30.357400113755897,0.0,24,0.0,1.0455599996465665,-0.29559005205372785,-0.16564566903867758,0.013915787750877952,0.0,-0.44040882427600814,-0.47247971450894716
16839.0,9,34,16594.35,58.43263511882774,0.0,114,0.03383458646616541,-0.8356012876445498,3.876454117505663,1.7874563560520134,0.09646531837686258,0.0,0.6135864397664912,-0.3515106972491307
16841.0,37,6,1869.82,14.335251143155157,0.0,101,0.0,-0.5554283299628942,0.22591546914119598,-0.009332832758622461,-0.03319408958064785,0.0,0.4613426794047969,-0.47247971450894716
16842.0,101,3,1264.19,10.432182396042109,0.0,45,0.0,0.08496700188089015,-0.1652136717549969,-0.08323600226008603,-0.044670271098520335,0.0,-0.19447659599942496,-0.47247971450894716
16843.0,43,16,10196.57,18.373502461500458,0.0,226,0.05026455026455026,-0.4953912676025394,1.5296792721285057,1.006754905045502,-0.021320431147550258,0.0,1.9252249905749348,-0.29276854071967257
16846.0,50,1,214.32,6.749298145329294,0.0,11,0.0,-0.42534802818212547,-0.42596643235245885,-0.21134841506080854,-0.05549904479146545,0.0,-0.5926525846377025,-0.47247971450894716
16847.0,43,1,193.44,3.6378415178634307,0.0,12,0.0,-0.4953912676025394,-0.42596643235245885,-0.21389633735526314,-0.064647651530252,0.0,-0.5809415261483414,-0.47247971450894716
16848.0,53,1,281.42,9.800368797725348,0.0,14,0.0,-0.3953294970019481,-0.42596643235245885,-0.20316040807048735,-0.046527990756957426,0.0,-0.5575194091696192,-0.47247971450894716
16849.0,187,1,124.57,3.1688728843459235,0.0,8,0.0,0.9454982290459754,-0.42596643235245885,-0.22230033201134988,-0.06602655861929992,0.0,-0.6277857601057858,-0.47247971450894716
16850.0,334,1,332.41,5.999257702620895,0.0,19,0.0,2.4164062568746676,-0.42596643235245885,-0.19693825491942213,-0.057704386491540235,0.0,-0.49896411672281366,-0.47247971450894716
16851.0,4,3,342.45,8.670908939788564,0.0,17,0.0,-0.8856321729448454,-0.1652136717549969,-0.19571310454411925,-0.04984893824383436,0.0,-0.5223862337015359,-0.47247971450894716
16852.0,10,2,144.91000000000003,10.186382385867473,0.0,9,0.0,-0.8255951105844906,-0.29559005205372785,-0.21981830425899318,-0.045392996142998604,0.0,-0.6160747016164247,-0.47247971450894716
16855.0,24,2,328.4,4.94334717439001,0.0,19,0.0,-0.6855086317436628,-0.29559005205372785,-0.19742758290796444,-0.060809077101351645,0.0,-0.49896411672281366,-0.47247971450894716
16856.0,15,1,35.400000000000006,0.0,0.0,2,0.0,-0.775564225284195,-0.42596643235245885,-0.2331814733426008,-0.07534398620873628,0.0,-0.6980521110419524,-0.47247971450894716
16858.0,369,1,375.69000000000005,21.05358900520289,0.0,9,0.0,2.766622453976737,-0.42596643235245885,-0.19165692939720008,-0.01344018059293563,0.0,-0.6160747016164247,-0.47247971450894716
16859.0,145,2,747.81,6.299761981067186,0.0,50,0.0,0.5252387925234918,-0.29559005205372785,-0.14624826827591378,-0.05682081464851345,0.0,-0.13592130355261944,-0.47247971450894716
16861.0,60,2,173.76,9.24441452986613,0.0,6,0.0,-0.3252862575815342,-0.29559005205372785,-0.21629782733394454,-0.0481626614499365,0.0,-0.651207877084508,-0.47247971450894716
16863.0,31,2,502.8,10.279230590781664,0.0,25,0.0,-0.6154653923232489,-0.29559005205372785,-0.17614608634891807,-0.045119994840115585,0.0,-0.42869776578664703,-0.47247971450894716
16866.0,141,3,207.73999999999998,18.94801116932137,0.0,10,0.09090909090909091,0.48521408428325535,-0.1652136717549969,-0.2121513522589652,-0.01963120488951218,0.0,-0.6043636431270636,-0.14745184995226865
16869.0,23,4,817.12,6.2256883676059225,0.0,113,0.0,-0.695514808803722,-0.03483729145626595,-0.13779058177071019,-0.05703861307555754,0.0,0.6018753812771301,-0.47247971450894716
16871.0,22,6,2812.34,12.538281489304012,0.0,131,0.10218978102189781,-0.7055209858637811,0.22591546914119598,0.10567998912688431,-0.03847771415040666,0.0,0.81267443408563,-0.10711992515326477
16872.0,77,3,680.02,62.3654097122069,0.0,5,0.0,-0.15518124756052895,-0.1652136717549969,-0.15452047384780457,0.1080288439068394,0.0,-0.6629189355738692,-0.47247971450894716
16873.0,5,6,7123.62,23.42395676783507,0.0,179,0.17921146953405018,-0.8756259958847863,0.22591546914119598,0.6317722510826491,-0.006470595256217952,0.0,1.374805241574963,0.16825621920493514
16875.0,67,5,2095.53,7.854192602260125,0.0,93,0.0,-0.25524301816112027,0.09553908884246501,0.018209865569028684,-0.052250326880665596,0.0,0.36765421148990807,-0.47247971450894716
16877.0,12,6,846.62,5.777415564402894,0.0,111,1.0,-0.8055827564643724,0.22591546914119598,-0.13419078734128434,-0.058356668275812124,0.0,0.5784532642984079,3.102826795614516
16878.0,84,1,13.3,4.435744958102679,0.0,3,0.0,-0.08513800814011506,-0.42596643235245885,-0.23587826849142493,-0.06230157839979702,0.0,-0.6863410525525914,-0.47247971450894716
16880.0,31,7,1491.43,7.973025455744241,0.0,121,0.39655172413793105,-0.6154653923232489,0.3562918494399269,-0.05550660272982401,-0.05190092299228182,0.0,0.695563849192019,0.9453142464020813
16881.0,67,1,432.0,0.0,0.0,1,0.0,-0.25524301816112027,-0.42596643235245885,-0.18478559297954011,-0.07534398620873628,0.0,-0.7097631695313136,-0.47247971450894716
16882.0,67,3,705.12,18.978543008799228,0.0,39,0.0,-0.25524301816112027,-0.1652136717549969,-0.1514575979095473,-0.01954143221200512,0.0,-0.2647429469355916,-0.47247971450894716
16883.0,187,2,272.48,5.9184370781015705,0.0,33,0.5405405405405406,0.9454982290459754,-0.29559005205372785,-0.2042513288229981,-0.05794202313528566,0.0,-0.3350092978717582,1.4601183990713031
16884.0,38,2,429.84000000000003,7.139338517085353,0.0,26,0.0,-0.545422152902835,-0.29559005205372785,-0.18504917114793198,-0.05435221023753098,0.0,-0.41698670729728593,-0.47247971450894716
16885.0,15,3,450.41,4.092050571995895,0.0,82,0.0,-0.775564225284195,-0.1652136717549969,-0.18253907720171875,-0.06331214198890947,0.0,0.2388325681069359,-0.47247971450894716
16887.0,35,1,192.32999999999998,6.706897675421285,0.0,35,0.0,-0.5754406840830124,-0.42596643235245885,-0.21403178724735342,-0.055623714767997975,0.0,-0.311587180893036,-0.47247971450894716
16889.0,195,3,1578.67,7.270906242679011,0.0,112,0.6444444444444445,1.0255476455264483,-0.1652136717549969,-0.04486097337310838,-0.0539653620422684,0.0,0.590164322787769,1.8316067031261736
16891.0,2,5,742.43,3.3518618044219894,0.0,166,0.0,-0.9056445270649637,0.09553908884246501,-0.1469047731582972,-0.06548851683766188,0.0,1.2225614812132686,-0.47247971450894716
16892.0,1,5,518.19,5.151861157792907,0.0,87,0.0,-0.9156507041250228,0.09553908884246501,-0.17426809189912607,-0.06019598405134675,0.0,0.29738786055374145,-0.47247971450894716
16893.0,367,1,145.93,2.505816526533111,0.0,44,0.0,2.746610099856619,-0.42596643235245885,-0.21969383679058593,-0.06797614127127538,0.0,-0.20618765448878607,-0.47247971450894716
16895.0,65,1,202.27,2.7689417316118936,0.0,57,0.0,-0.27525537228123853,-0.42596643235245885,-0.21281883956503161,-0.06720247500735291,0.0,-0.053943894127091704,-0.47247971450894716
16897.0,299,2,289.78,4.507397523231385,0.0,37,1.0,2.0661900597725977,-0.29559005205372785,-0.20214026293726703,-0.06209089857401981,0.0,-0.2881650639143138,3.102826795614516
16898.0,26,3,501.03,3.8023919135525137,0.0,150,0.36942675159235666,-0.6654962776235446,-0.1652136717549969,-0.17636207401468362,-0.06416382448745077,0.0,1.035184545383491,0.8483341554729691
16899.0,8,6,1271.06,9.487367746357863,0.0,80,0.25203252032520324,-0.8456074647046089,0.22591546914119598,-0.08239767725228415,-0.04744830682452224,0.0,0.2154104511282137,0.42861379617257606
16900.0,17,3,887.11,7.27782190792454,0.0,78,0.10126582278481013,-0.7555518711640767,-0.1652136717549969,-0.12924991695323512,-0.05394502793215741,0.0,0.19198833414949149,-0.11042335905340657
16902.0,116,1,1706.88,40.91703309185758,0.0,43,0.0,0.2350596577817771,-0.42596643235245885,-0.02921590070203422,0.04496424543137428,0.0,-0.21789871297814717,-0.47247971450894716
16903.0,29,1,363.2,5.83883919258641,0.0,50,0.0,-0.6354777464433672,-0.42596643235245885,-0.19318104575054004,-0.05817606456314584,0.0,-0.13592130355261944,-0.47247971450894716
16904.0,4,16,3653.75,7.145453221246588,0.0,387,0.0,-0.8856321729448454,1.5296792721285057,0.2083546681391962,-0.054334231190932246,0.0,3.8107054073620725,-0.47247971450894716
16905.0,5,7,3037.6,16.736160675575274,0.0,117,0.8090452261306532,-0.8756259958847863,0.3562918494399269,0.13316777533612043,-0.026134702368361698,0.0,0.6487196152345746,2.4201049494602866
16906.0,82,4,559.59,11.65588690058052,0.0,74,0.0,-0.10515036226023332,-0.03483729145626595,-0.16921617700494881,-0.04107221635538817,0.0,0.14514410019204707,-0.47247971450894716
16907.0,29,5,928.76,10.31197367874255,0.0,89,0.0,-0.6354777464433672,0.09553908884246501,-0.12416749532660508,-0.045023720435220016,0.0,0.32080997753246365,-0.47247971450894716
16909.0,72,1,379.14,16.130471347184894,0.0,18,0.0,-0.2052121328608246,-0.42596643235245885,-0.19123593648935197,-0.02791560891303572,0.0,-0.5106751752121748,-0.47247971450894716
16910.0,4,8,1508.96,2.6441635319820915,0.0,318,0.0,-0.8856321729448454,0.48666822973865786,-0.05336747065023638,-0.06756935997946213,0.0,3.0026423715961563,-0.47247971450894716
16912.0,29,11,2555.58,14.889880787252327,0.0,88,0.0,-0.6354777464433672,0.8777973706348507,0.0743483546286002,-0.031563313675006914,0.0,0.30909891904310255,-0.47247971450894716
16913.0,290,1,113.44,22.61163227822605,0.0,8,0.0,1.9761344662320657,-0.42596643235245885,-0.2236584917401468,-0.008859070555573525,0.0,-0.6277857601057858,-0.47247971450894716
16914.0,36,1,183.76,10.190780394919285,0.0,25,0.0,-0.5654345070229533,-0.42596643235245885,-0.2150775580358341,-0.04538006468996356,0.0,-0.42869776578664703,-0.47247971450894716
16915.0,9,6,621.6800000000001,20.2710186625894,0.0,46,0.0,-0.8356012876445498,0.22591546914119598,-0.16163952493298095,-0.015741169861694708,0.0,-0.18276553751006386,-0.47247971450894716
16916.0,24,2,562.41,3.4802253882073937,0.0,129,0.0,-0.6855086317436628,-0.29559005205372785,-0.16887206106288163,-0.06511108977110162,0.0,0.7892523171069078,-0.47247971450894716
16917.0,277,1,391.52,37.558641408395545,0.0,9,0.0,1.8460541644512969,-0.42596643235245885,-0.18972524309829125,0.0350895762762303,0.0,-0.6160747016164247,-0.47247971450894716
16918.0,50,6,1068.82,6.406334584615399,0.0,97,0.1875,-0.42534802818212547,0.22591546914119598,-0.10707640353727002,-0.0565074595368321,0.0,0.4144984454473525,0.19789025613920222
16919.0,156,11,2592.25,8.309705497342971,0.0,141,0.0,0.6353067401841422,0.8777973706348507,0.07882308214477125,-0.050910983659624716,0.0,0.929785018979241,-0.47247971450894716
16921.0,61,1,154.18,2.4323148968782307,0.0,50,1.0,-0.31528008052147505,-0.42596643235245885,-0.2186871146196448,-0.06819225789602168,0.0,-0.13592130355261944,3.102826795614516
16923.0,12,19,7069.08,13.358320853251076,0.0,313,0.8865814696485623,-0.8055827564643724,1.9208084130246985,0.6251169023307547,-0.036066554828804116,0.0,2.9440870791493507,2.697320785680385
16924.0,21,3,829.89,9.509685851803939,0.0,69,0.0,-0.7155271629238402,-0.1652136717549969,-0.13623229787702315,-0.04738268496494735,0.0,0.08658880774524155,-0.47247971450894716
16926.0,371,1,230.25,9.16123657016374,0.0,14,0.0,2.7866348080968555,-0.42596643235245885,-0.20940452606891857,-0.0484072293593634,0.0,-0.5575194091696192,-0.47247971450894716
16927.0,116,3,543.05,88.0855176329609,0.0,5,0.0,0.2350596577817771,-0.1652136717549969,-0.1712345024240235,0.18365360131757363,0.0,-0.6629189355738692,-0.47247971450894716
16928.0,80,17,2814.7,13.81119089590403,0.0,69,0.06372549019607843,-0.12516271638035156,1.6600556524272365,0.10596797268123834,-0.034734982378962914,0.0,0.08658880774524155,-0.244641554550099
16929.0,4,7,1295.39,6.436505557643437,0.0,51,0.0,-0.8856321729448454,0.3562918494399269,-0.0794287620499814,-0.056418747913882426,0.0,-0.12421024506325833,-0.47247971450894716
16930.0,26,3,378.89,9.273511628532544,0.0,47,1.0,-0.6654962776235446,-0.1652136717549969,-0.19126644322180472,-0.048077107336602934,0.0,-0.17105447902070275,3.102826795614516
16931.0,5,21,4554.87,3.8324803849576727,0.0,448,0.9108352144469526,-0.8756259958847863,2.1815611736221605,0.3183155751305256,-0.06407535544377933,0.0,4.5250799752131,2.784035357352943
16932.0,53,1,150.23000000000002,2.522623161561835,0.0,44,0.0,-0.3953294970019481,-0.42596643235245885,-0.21916912099239844,-0.06792672477190244,0.0,-0.20618765448878607,-0.47247971450894716
16933.0,1,2,563.23,12.273643229659402,0.0,42,0.0,-0.9156507041250228,-0.29559005205372785,-0.1687719989804366,-0.039255829244203504,0.0,-0.22960977146750827,-0.47247971450894716
16934.0,55,2,931.03,9.101354501967926,0.0,59,1.0,-0.3753171428818298,-0.29559005205372785,-0.123890494195934,-0.04858330042774751,0.0,-0.030521777148369494,3.102826795614516
16936.0,26,1,261.9,4.871498969289863,0.0,56,0.0,-0.6654962776235446,-0.42596643235245885,-0.205542373740399,-0.06102033216675947,0.0,-0.06565495261645281,-0.47247971450894716
16938.0,9,4,1878.43,6.124504293646067,0.0,212,0.8461538461538461,-0.8356012876445498,-0.03483729145626595,-0.008282180892949343,-0.05733612430959358,0.0,1.7612701717238792,2.552779640210906
16940.0,52,3,3049.88,6.681214077936733,0.0,226,0.0,-0.4053356740620072,-0.1652136717549969,0.1346662660342001,-0.055699232173880904,0.0,1.9252249905749348,-0.47247971450894716
16942.0,13,9,1904.99,5.852883396788408,0.0,159,0.2996389891696751,-0.7955765794043133,0.6170446100373889,-0.005041145637167977,-0.058134770430979865,0.0,1.140584071787741,0.598821514156206
16943.0,212,3,816.73,13.81855001876869,0.0,23,0.0,1.1956526555474536,-0.1652136717549969,-0.1378381722733365,-0.03471334437172319,0.0,-0.45211988276536924,-0.47247971450894716
16945.0,22,19,4345.5,6.972637097377269,0.0,137,0.08032128514056225,-0.7055209858637811,1.9208084130246985,0.292766796835987,-0.054842361929906894,0.0,0.8829407850217966,-0.18530650084441194
16947.0,236,1,406.48,5.465340315287308,0.0,21,0.0,1.4358009049888727,-0.42596643235245885,-0.187899720228318,-0.059274262209748026,0.0,-0.47554199974409145,-0.47247971450894716
16948.0,139,3,435.02,15.689073804469952,0.0,15,0.47368421052631576,0.4652017301631371,-0.1652136717549969,-0.18441707165151075,-0.02921344880516838,0.0,-0.5458083506802581,1.2210865271284828
16949.0,4,6,1286.27,43.55813769702245,0.0,57,0.35,-0.8856321729448454,0.22591546914119598,-0.08054164764985815,0.05272987750715567,0.0,-0.053943894127091704,0.7788775640342649
16950.0,57,3,1178.56,29.837142494575108,0.0,39,0.5714285714285714,-0.35530478876171157,-0.1652136717549969,-0.09368516825980587,0.01238607580865528,0.0,-0.2647429469355916,1.5705525769901745
16951.0,135,3,1277.75,7.25933102347212,0.0,73,0.0,0.4251770219229006,-0.1652136717549969,-0.08158131709184825,-0.05399939662514006,0.0,0.13343304170268597,-0.47247971450894716
16952.0,109,2,167.61,8.54923229984229,0.0,16,0.0,0.1650164183613632,-0.29559005205372785,-0.21704829295228248,-0.050206703709159854,0.0,-0.534097292190897,-0.47247971450894716
16953.0,30,1,20.8,0.0,0.0,1,0.0,-0.6254715693833081,-0.42596643235245885,-0.23496306651784207,-0.07534398620873628,0.0,-0.7097631695313136,-0.47247971450894716
16954.0,1,9,2085.08,35.49224327616224,0.0,40,0.14814814814814814,-0.9156507041250228,0.6170446100373889,0.016934684152503224,0.029013751946658176,0.0,-0.2530318884462305,0.05719532402786219
16955.0,185,4,518.67,9.649975699451266,0.0,18,0.0,0.9254858749258571,-0.03483729145626595,-0.1742095189728168,-0.046970191139952266,0.0,-0.5106751752121748,-0.47247971450894716
16956.0,18,1,308.74,12.119123661937497,0.0,16,0.0,-0.7455456941040176,-0.42596643235245885,-0.1998266323480496,-0.03971016267313719,0.0,-0.534097292190897,-0.47247971450894716
16957.0,239,2,416.64,17.91356283192524,0.0,15,0.0,1.46581943616905,-0.29559005205372785,-0.18665992662143777,-0.02267279028295427,0.0,-0.5458083506802581,-0.47247971450894716
16959.0,87,1,117.35000000000001,9.243813890277934,0.0,7,0.0,-0.055119476959937665,-0.42596643235245885,-0.22318136644458564,-0.048164427508744986,0.0,-0.639496818595147,-0.47247971450894716
16960.0,39,3,507.05,4.13133718194135,0.0,92,0.0,-0.5354159758427759,-0.1652136717549969,-0.17562747189722114,-0.06319662768563479,0.0,0.35594315300054696,-0.47247971450894716
16961.0,116,1,234.17,3.752118595679507,0.0,14,0.0,0.2350596577817771,-0.42596643235245885,-0.20892618050405926,-0.06431164297561935,0.0,-0.5575194091696192,-0.47247971450894716
16963.0,187,1,110.55000000000001,1.9685926807892855,0.0,7,1.0,0.9454982290459754,-0.42596643235245885,-0.22401114956730073,-0.06955573895938832,0.0,-0.639496818595147,3.102826795614516
16965.0,227,1,201.19,8.33288714395234,0.0,26,0.0,1.3457453114483404,-0.42596643235245885,-0.21295062864922754,-0.050842822732515995,0.0,-0.41698670729728593,-0.47247971450894716
16966.0,8,7,2154.97,61.485139851992265,0.0,8,0.0,-0.8456074647046089,0.3562918494399269,0.025463146276997188,0.1054405890348217,0.0,-0.6277857601057858,-0.47247971450894716
16967.0,189,1,319.02,6.26828069386996,0.0,21,0.0,0.9655105831660936,-0.42596643235245885,-0.19857219550959204,-0.05691337898434762,0.0,-0.47554199974409145,-0.47247971450894716
16968.0,4,2,439.43,5.541722879494993,0.0,31,0.0,-0.8856321729448454,-0.29559005205372785,-0.18387893289104404,-0.05904967478163871,0.0,-0.3584314148504804,-0.47247971450894716
16969.0,39,3,650.41,7.376782317754184,0.0,42,0.0,-0.5354159758427759,-0.1652136717549969,-0.15813369123950963,-0.05365405493120065,0.0,-0.22960977146750827,-0.47247971450894716
16971.0,38,1,357.21,19.17886203356286,0.0,40,0.0,-0.545422152902835,-0.42596643235245885,-0.1939119870601082,-0.01895243477470119,0.0,-0.2530318884462305,-0.47247971450894716
16976.0,267,1,251.51999999999998,69.91871852372581,0.0,2,0.0,1.7459923938507056,-0.42596643235245885,-0.20680901327183762,0.13023781551300262,0.0,-0.6980521110419524,-0.47247971450894716
16978.0,78,1,344.33,4.622866958974471,0.0,39,0.0,-0.14517507050046982,-0.42596643235245885,-0.19548369391607448,-0.061751384132893425,0.0,-0.2647429469355916,-0.47247971450894716
16979.0,4,6,1852.0,22.639495459210202,0.0,64,0.0,-0.8856321729448454,0.22591546914119598,-0.011507352647855287,-0.008777144526759408,0.0,0.028033515298436028,-0.47247971450894716
16980.0,255,2,1028.46,26.584992685933003,0.0,71,0.0,1.625918269129996,-0.29559005205372785,-0.11200141042444382,0.0028237893244889645,0.0,0.11001092472396376,-0.47247971450894716
16982.0,61,1,384.06,4.304214083251305,0.0,22,0.0,-0.31528008052147505,-0.42596643235245885,-0.19063556399468165,-0.06268831824293081,0.0,-0.46383094125473034,-0.47247971450894716
16983.0,13,7,1905.87,12.702967182467471,0.0,112,1.0,-0.7955765794043133,0.3562918494399269,-0.0049337619389342715,-0.03799348929284082,0.0,0.590164322787769,3.102826795614516
16984.0,88,2,4459.52,13.008125533093212,0.0,354,0.0,-0.045113299899878535,-0.29559005205372785,0.30668030737304247,-0.03709623309512052,0.0,3.4242404772131563,-0.47247971450894716
16985.0,17,10,5464.12,36.510610009274004,0.0,62,0.11666666666666667,-0.7555518711640767,0.7474209903361198,0.42926856106121886,0.032008052646485145,0.0,0.00461139831971382,-0.05536062166120976
16986.0,30,1,83.2,29.41564209736038,0.0,2,0.0,-0.6254715693833081,-0.42596643235245885,-0.22734858609763284,0.011146739434713756,0.0,-0.6980521110419524,-0.47247971450894716
16987.0,3,7,1616.8,18.949382887340253,0.0,74,0.28125,-0.8956383500049045,0.3562918494399269,-0.040208086539413226,-0.019627171631069654,0.0,0.14514410019204707,0.5330752414632769
16988.0,5,1,126.12,7.996534070636924,0.0,7,1.0,-0.8756259958847863,-0.42596643235245885,-0.22211119027014273,-0.051831800681294664,0.0,-0.639496818595147,3.102826795614516
16989.0,7,6,1133.25,47.80505453021012,0.0,7,0.0,-0.855613641764668,0.22591546914119598,-0.09921420844954434,0.06521707453770242,0.0,-0.639496818595147,-0.47247971450894716
16990.0,219,1,179.0,0.0,0.0,1,0.0,1.2656958949678674,-0.42596643235245885,-0.21565840622173466,-0.07534398620873628,0.0,-0.7097631695313136,-0.47247971450894716
16992.0,11,5,1614.31,5.985221463745469,0.0,84,0.0,-0.8155889335244315,0.09553908884246501,-0.04051193359464273,-0.05774565720328001,0.0,0.26225468508565813,-0.47247971450894716
16996.0,30,6,1456.96,19.242897340266826,0.0,13,0.0,-0.6254715693833081,0.22591546914119598,-0.059712871000410755,-0.018764151951389176,0.0,-0.5692304676589803,-0.47247971450894716
16997.0,288,3,702.0,34.28291384666977,0.0,7,0.0,1.9561221121119474,-0.1652136717549969,-0.1518383219305578,0.02545796419425793,0.0,-0.639496818595147,-0.47247971450894716
16998.0,150,4,295.0,86.43026090438465,0.0,1,0.0,0.5752696778237875,-0.03483729145626595,-0.20150328236365336,0.17878665484375827,0.0,-0.7097631695313136,-0.47247971450894716
16999.0,23,2,484.82,34.68812947511315,0.0,21,0.0,-0.695514808803722,-0.29559005205372785,-0.1783401305469207,0.026649418510642866,0.0,-0.47554199974409145,-0.47247971450894716
17001.0,1,11,3989.57,11.483723419319565,0.0,75,0.11834319526627218,-0.9156507041250228,0.8777973706348507,0.24933375170834157,-0.04157842813122762,0.0,0.15685515868140817,-0.04936651804463199
17002.0,86,3,1493.73,18.257143122624633,0.0,41,0.2653061224489796,-0.06512565401999679,-0.1652136717549969,-0.05522594079125861,-0.021662562168231436,0.0,-0.24132082995686938,0.47607099225850236
17004.0,46,2,1312.1399999999999,44.21109795881858,0.0,38,0.0,-0.465372736422362,-0.29559005205372785,-0.07738481097564641,0.05464977463781025,0.0,-0.2764540054249527,-0.47247971450894716
17006.0,5,4,781.78,14.208804323235054,0.0,37,0.29545454545454547,-0.8756259958847863,-0.03483729145626595,-0.14210301347023258,-0.03356588079207199,0.0,-0.2881650639143138,0.583860845300258
17007.0,51,6,889.9300000000001,10.978682956050426,0.0,50,0.15384615384615385,-0.41534185112206634,0.22591546914119598,-0.12890580101116797,-0.0430633971148342,0.0,-0.13592130355261944,0.07756744089466261
17010.0,18,1,195.36,8.527855533485544,0.0,11,0.0,-0.7455456941040176,-0.42596643235245885,-0.21366204565002597,-0.05026955775218859,0.0,-0.5926525846377025,-0.47247971450894716
17011.0,30,1,270.9,5.983047479575701,0.0,15,0.0,-0.6254715693833081,-0.42596643235245885,-0.20444413137209957,-0.05775204936251821,0.0,-0.5458083506802581,-0.47247971450894716
17014.0,8,3,583.4300000000001,10.732528130609996,0.0,63,0.0,-0.8456074647046089,-0.1652136717549969,-0.16630705499825346,-0.043787165421591306,0.0,0.016322456809074924,-0.47247971450894716
17015.0,29,3,1838.6100000000001,7.314304888229754,0.0,182,0.0,-0.6354777464433672,-0.1652136717549969,-0.013141293238025173,-0.0538377571328395,0.0,1.4099384170430462,-0.47247971450894716
17017.0,3,20,8694.26,24.026786722451245,0.0,88,0.04365079365079365,-0.8956383500049045,2.0511847933234293,0.8234326281210699,-0.004698096119813248,0.0,0.30909891904310255,-0.3164147477972087
17018.0,41,2,920.1,21.23206596165338,0.0,15,0.625,-0.5154036217226576,-0.29559005205372785,-0.1252242485387687,-0.012915405324629576,0.0,-0.5458083506802581,1.7620868543182173
17019.0,11,4,1258.08,5.790076194013615,0.0,166,0.0,-0.8155889335244315,-0.03483729145626595,-0.08398158680123152,-0.05831944226393348,0.0,1.2225614812132686,-0.47247971450894716
17022.0,31,1,71.0,5.191370128349915,0.0,7,0.0,-0.6154653923232489,-0.42596643235245885,-0.2288373146413276,-0.06007981594182219,0.0,-0.639496818595147,-0.47247971450894716
17024.0,45,3,95.85,7.325127985230016,0.0,2,0.0,-0.4753789134824211,-0.1652136717549969,-0.22580494543552312,-0.05380593401267222,0.0,-0.6980521110419524,-0.47247971450894716
17025.0,61,3,357.77,28.005741276467663,0.0,8,0.0,-0.31528008052147505,-0.1652136717549969,-0.19384365197941403,0.007001212212132763,0.0,-0.6277857601057858,-0.47247971450894716
17026.0,185,2,154.82999999999998,55.32806001478815,0.0,4,0.75,0.9254858749258571,-0.29559005205372785,-0.21860779711526765,0.08733694536109662,0.0,-0.6746299940632302,2.20900016808365
17027.0,79,6,877.5600000000001,5.511970249589423,0.0,110,0.0,-0.1351688934404107,0.22591546914119598,-0.13041527413293058,-0.05913715635154008,0.0,0.5667422058090468,-0.47247971450894716
17029.0,111,2,716.0,0.0,0.0,1,1.0,0.18502877248148145,-0.29559005205372785,-0.15012994491320314,-0.07534398620873628,0.0,-0.7097631695313136,3.102826795614516
17030.0,64,1,146.87,7.166989351438745,0.0,11,0.0,-0.28526154934129766,-0.42596643235245885,-0.21957913147656355,-0.054270908570888586,0.0,-0.5926525846377025,-0.47247971450894716
17031.0,12,2,380.35,10.924305925627952,0.0,19,0.0,-0.8055827564643724,-0.29559005205372785,-0.1910882839042806,-0.04322328173690056,0.0,-0.49896411672281366,-0.47247971450894716
17033.0,86,3,1030.14,52.213331767717285,0.0,24,0.0,-0.06512565401999679,-0.1652136717549969,-0.11179640518236125,0.07817871908884114,0.0,-0.44040882427600814,-0.47247971450894716
17034.0,16,3,745.52,18.403631563162847,0.0,28,0.0,-0.7655580482241359,-0.1652136717549969,-0.14652770994518108,-0.02123184263885341,0.0,-0.3935645903185637,-0.47247971450894716
17035.0,246,2,433.53000000000003,6.343387372673084,0.0,27,0.0,1.535862675589464,-0.29559005205372785,-0.1845988917769292,-0.056692543038327776,0.0,-0.4052756488079248,-0.47247971450894716
17037.0,88,1,1267.32,5.3271032745102,0.0,75,0.0,-0.045113299899878535,-0.42596643235245885,-0.08285405796977746,-0.05968072017276112,0.0,0.15685515868140817,-0.47247971450894716
17038.0,30,1,112.4,2.6572289703497143,0.0,22,0.0,-0.6254715693833081,-0.42596643235245885,-0.22378539974715028,-0.0675309437095903,0.0,-0.46383094125473034,-0.47247971450894716
17040.0,138,1,449.73,46.29976831166961,0.0,15,0.0,0.45519555310307797,-0.42596643235245885,-0.18262205551399027,0.06079108591193189,0.0,-0.5458083506802581,-0.47247971450894716
17041.0,27,3,1071.49,7.22137992683814,0.0,59,0.3333333333333333,-0.6554901005634854,-0.1652136717549969,-0.10675059163467453,-0.054110984122566555,0.0,-0.030521777148369494,0.7192891221988739
17042.0,3,5,1036.58,7.7007578341310845,0.0,74,0.0,-0.8956383500049045,0.09553908884246501,-0.11101055175437814,-0.05270147067655798,0.0,0.14514410019204707,-0.47247971450894716
17043.0,32,4,1735.18,19.394643730572565,0.0,100,0.0,-0.6054592152631898,-0.03483729145626595,-0.025762538588381633,-0.01831797248782767,0.0,0.4496316209154358,-0.47247971450894716
17044.0,25,1,948.48,55.49652529663456,0.0,6,0.0,-0.6755024546836037,-0.42596643235245885,-0.12176112427073126,0.08783228333211211,0.0,-0.651207877084508,-0.47247971450894716
17045.0,113,3,339.44,14.431529935424598,0.0,20,0.0,0.2050411266015997,-0.1652136717549969,-0.19608040560285048,-0.032911001331889005,0.0,-0.48725305823345255,-0.47247971450894716
17046.0,157,1,642.02,27.279709044290147,0.0,22,0.0,0.6453129172442014,-0.42596643235245885,-0.1591574971806243,0.004866461782625664,0.0,-0.46383094125473034,-0.47247971450894716
17047.0,85,3,1100.9,5.494198907449147,0.0,59,0.0,-0.07513183108005593,-0.1652136717549969,-0.10316177962893167,-0.05918940937638595,0.0,-0.030521777148369494,-0.47247971450894716
17048.0,118,3,925.35,11.203740975646971,0.0,41,0.11627906976744186,0.2550720119018954,-0.1652136717549969,-0.12458360715726073,-0.04240165968403612,0.0,-0.24132082995686938,-0.05674639937831189
17049.0,3,9,5655.03,16.256238033720614,0.0,201,0.06624605678233439,-0.8956383500049045,0.6170446100373889,0.4525647222314456,-0.02754581749579439,0.0,1.6324485283409071,-0.2356297564250584
17050.0,96,6,3185.64,9.418332918170048,0.0,169,1.0,0.034936116580594506,0.22591546914119598,0.1512326420253476,-0.04765128972609795,0.0,1.257694656681352,3.102826795614516
17051.0,194,1,240.89000000000001,4.392378766810371,0.0,40,1.0,1.0155414684663893,-0.42596643235245885,-0.20810615953572903,-0.06242908788406562,0.0,-0.2530318884462305,3.102826795614516
17052.0,28,1,399.09,6.217910561783147,0.0,72,0.0,-0.6454839235034263,-0.42596643235245885,-0.18880149923962164,-0.05706148213506334,0.0,0.12172198321332486,-0.47247971450894716
17053.0,131,1,498.48,16.529364081024923,0.0,13,0.0,0.38515231368266406,-0.42596643235245885,-0.17667324268570178,-0.026742745784992035,0.0,-0.5692304676589803,-0.47247971450894716
17054.0,28,5,1356.33,8.673253077932424,0.0,64,0.0,-0.6454839235034263,0.09553908884246501,-0.07199244094729629,-0.04984204578136831,0.0,0.028033515298436028,-0.47247971450894716
17058.0,82,3,1179.89,8.679344129375735,0.0,51,0.0,-0.10515036226023332,-0.1652136717549969,-0.09352287244315717,-0.049824136280786274,0.0,-0.12421024506325833,-0.47247971450894716
17059.0,30,5,3080.39,5.815628528099247,0.0,292,0.4766536964980545,-0.6254715693833081,0.09553908884246501,0.13838930766273505,-0.058244310811434996,0.0,2.6981548508727675,1.2317033496549605
17060.0,266,1,234.24,59.47754635154345,0.0,5,0.0,1.7359862167906466,-0.42596643235245885,-0.2089176386189725,0.09953766779053333,0.0,-0.6629189355738692,-0.47247971450894716
17061.0,74,11,5232.2300000000005,63.89261749818137,0.0,57,0.1111111111111111,-0.18519977874070634,0.8777973706348507,0.40097173630733557,0.11251928845263812,0.0,-0.053943894127091704,-0.07522343560634014
17062.0,314,4,533.33,5.784866637350875,0.0,52,0.6376811594202898,2.2162827156734846,-0.03483729145626595,-0.17242060418178684,-0.05833475990801379,0.0,-0.11249918657389722,1.807425886149493
17063.0,21,7,1461.14,7.6206217893867745,0.0,66,0.0,-0.7155271629238402,0.3562918494399269,-0.05920279843380058,-0.05293709445241135,0.0,0.051455632277158235,-0.47247971450894716
17064.0,59,3,855.45,10.547212769879762,0.0,53,0.36065573770491804,-0.3352924346415933,-0.1652136717549969,-0.1331132895510528,-0.04433204762981867,0.0,-0.10078812808453612,0.8169750924208266
17068.0,12,21,4552.14,8.7550076729892,0.0,116,0.1891891891891892,-0.8055827564643724,2.1815611736221605,0.3179824416121415,-0.04960166298680808,0.0,0.6370085567452135,0.20392962524414052
17069.0,28,9,2709.7000000000003,9.982373882427607,0.0,111,0.0,-0.6454839235034263,0.6170446100373889,0.0931551450510786,-0.045992841743565376,0.0,0.5784532642984079,-0.47247971450894716
17070.0,114,1,304.24,4.950552009987975,0.0,62,0.0,0.21504730366165883,-0.42596643235245885,-0.2003757535321993,-0.060787892744506834,0.0,0.00461139831971382,-0.47247971450894716
17071.0,28,9,2429.03,11.01845433465939,0.0,102,0.15,-0.6454839235034263,0.6170446100373889,0.05890584666101241,-0.04294645744768893,0.0,0.473053737894158,0.06381626200957231
17073.0,18,4,1446.09,6.503015383584061,0.0,142,0.3103448275862069,-0.7455456941040176,-0.03483729145626595,-0.061039303727456834,-0.056223189268962,0.0,0.9414960774686022,0.6370981679431622
17075.0,18,4,834.12,9.364262782734947,0.0,62,0.0,-0.7455456941040176,-0.03483729145626595,-0.1357161239639224,-0.047810271985738687,0.0,0.00461139831971382,-0.47247971450894716
17076.0,36,3,841.0799999999999,24.242211587779416,0.0,17,0.0,-0.5654345070229533,-0.1652136717549969,-0.13486681653243757,-0.004064683024079807,0.0,-0.5223862337015359,-0.47247971450894716
17078.0,36,2,378.2,17.697888523805833,0.0,28,0.0,-0.5654345070229533,-0.29559005205372785,-0.19135064180337436,-0.023306936814590593,0.0,-0.3935645903185637,-0.47247971450894716
17079.0,78,1,118.80000000000001,0.0,0.0,2,0.0,-0.14517507050046982,-0.42596643235245885,-0.22300442739635962,-0.07534398620873628,0.0,-0.6980521110419524,-0.47247971450894716
17080.0,22,2,287.62,23.181194194555946,0.0,8,0.0,-0.7055209858637811,-0.29559005205372785,-0.20240384110565887,-0.00718438933395684,0.0,-0.6277857601057858,-0.47247971450894716
17081.0,25,2,288.91,3.5666604217755458,0.0,55,0.0,-0.6755024546836037,-0.29559005205372785,-0.20224642636620263,-0.06485694509699994,0.0,-0.07736601110581391,-0.47247971450894716
17082.0,33,2,2003.85,28.960048428826916,0.0,75,0.7037037037037037,-0.5954530382031307,-0.29559005205372785,0.007022436643951984,0.009807158715734423,0.0,0.15685515868140817,2.043476718540897
17083.0,109,3,1405.78,22.510559208230923,0.0,24,0.0,0.1650164183613632,-0.1652136717549969,-0.06595820926814008,-0.009156255404979692,0.0,-0.44040882427600814,-0.47247971450894716
17084.0,35,2,2747.9900000000002,11.348344818905815,0.0,146,0.0,-0.5754406840830124,-0.29559005205372785,0.09782755619354354,-0.041976481430476546,0.0,0.9883403114260466,-0.47247971450894716
17085.0,123,5,1562.4,6.4811866614487,0.0,115,0.5967741935483871,0.305102897202191,0.09553908884246501,-0.046846351521134096,-0.05628737219623272,0.0,0.6252974982558523,1.661170944758281
17086.0,7,6,2050.08,27.4117883208551,0.0,76,0.0,-0.855613641764668,0.22591546914119598,0.012663741609116626,0.005254814089699378,0.0,0.16856621717076928,-0.47247971450894716
17088.0,28,4,1991.01,5.921995628137497,0.0,96,0.0,-0.6454839235034263,-0.03483729145626595,0.0054556108651781674,-0.0579315599411175,0.0,0.4027873869579914,-0.47247971450894716
17090.0,4,7,1974.65,36.45459858853703,0.0,45,0.0,-0.8856321729448454,0.3562918494399269,0.0034592502934694728,0.0318433624314007,0.0,-0.19447659599942496,-0.47247971450894716
17091.0,3,9,3827.76,7.442866251203691,0.0,119,0.0,-0.8956383500049045,0.6170446100373889,0.2295885741956163,-0.05345974853671491,0.0,0.6721417322132968,-0.47247971450894716
17092.0,50,4,1774.03,9.877469782474554,0.0,99,0.0,-0.42534802818212547,-0.03483729145626595,-0.02102179236522252,-0.04630129095905018,0.0,0.4379205624260747,-0.47247971450894716
17094.0,322,1,302.0,19.028093747098044,0.0,14,0.0,2.296332132153958,-0.42596643235245885,-0.20064909385497604,-0.019395738322425946,0.0,-0.5575194091696192,-0.47247971450894716
17095.0,23,3,1324.16,14.130745738294415,0.0,69,0.4594594594594595,-0.695514808803722,-0.1652136717549969,-0.07591804727931761,-0.0337953962189959,0.0,0.08658880774524155,1.1702286820342658
17096.0,15,4,1022.13,10.196185750386416,0.0,46,0.0,-0.775564225284195,-0.03483729145626595,-0.11277384089014773,-0.04536417133923657,0.0,-0.18276553751006386,-0.47247971450894716
17097.0,2,8,954.42,4.626575138585427,0.0,153,0.009478672985781991,-0.9056445270649637,0.48666822973865786,-0.12103628430765365,-0.06174048098332741,0.0,1.0703177208515744,-0.4385905532755494
17100.0,18,2,971.74,4.540519825797652,0.0,65,0.0,-0.7455456941040176,-0.29559005205372785,-0.11892277788332632,-0.06199350916553924,0.0,0.03974457378779713,-0.47247971450894716
17101.0,10,4,1621.73,36.516195208228936,0.0,28,0.0,-0.8255951105844906,-0.03483729145626595,-0.039606493775444764,0.03202447479048854,0.0,-0.3935645903185637,-0.47247971450894716
17102.0,262,1,25.5,0.0,0.0,1,0.0,1.69596150855041,-0.42596643235245885,-0.23438953994773015,-0.07534398620873628,0.0,-0.7097631695313136,-0.47247971450894716
17105.0,159,2,665.78,4.124410291143195,0.0,80,1.0,0.6653252713643196,-0.29559005205372785,-0.15625813732831387,-0.06321699480220504,0.0,0.2154104511282137,3.102826795614516
17107.0,33,6,10797.48,36.4826160848535,0.0,269,0.8461538461538461,-0.5954530382031307,0.22591546914119598,1.0800821074382574,0.03192574219313098,0.0,2.4288005056174624,2.552779640210906
17109.0,29,6,881.29,8.579818621550848,0.0,107,0.0,-0.6354777464433672,0.22591546914119598,-0.12996011368473542,-0.050116770837710656,0.0,0.5316090303409635,-0.47247971450894716
17110.0,165,1,163.29999999999998,7.60994664099479,0.0,12,0.0,0.7253623337246744,-0.42596643235245885,-0.21757422901976808,-0.05296848255972236,0.0,-0.5809415261483414,-0.47247971450894716
17111.0,47,1,231.61,5.223598428465947,0.0,29,1.0,-0.45536655936230286,-0.42596643235245885,-0.20923856944437555,-0.05998505516610754,0.0,-0.3818535318292026,3.102826795614516
17114.0,6,8,801.12,4.45573830004418,0.0,85,0.7154471544715447,-0.8656198188247272,0.48666822973865786,-0.13974301264768693,-0.06224279203549347,0.0,0.27396574357501924,2.0854631545224738
17115.0,8,3,837.5,14.03424867110752,0.0,33,0.0,-0.8456074647046089,-0.1652136717549969,-0.1353036729411611,-0.03407912626085034,0.0,-0.3350092978717582,-0.47247971450894716
17117.0,288,1,116.19999999999999,4.861376976856568,0.0,9,0.0,1.9561221121119474,-0.42596643235245885,-0.22332169741386831,-0.06105009383123769,0.0,-0.6160747016164247,-0.47247971450894716
17118.0,318,1,157.02,6.476668896894451,0.0,10,0.0,2.256307423913721,-0.42596643235245885,-0.21834055813898146,-0.056300655766018136,0.0,-0.6043636431270636,-0.47247971450894716
17119.0,3,2,606.91,5.990624285308762,0.0,35,0.0,-0.8956383500049045,-0.29559005205372785,-0.1634418626862901,-0.05772977130298299,0.0,-0.311587180893036,-0.47247971450894716
17120.0,233,1,307.46,3.730700752482724,0.0,18,0.0,1.4057823738086952,-0.42596643235245885,-0.19998282681820773,-0.06437461779675961,0.0,-0.5106751752121748,-0.47247971450894716
17122.0,119,1,138.32,5.037975783983086,0.0,7,0.0,0.2650781889619545,-0.42596643235245885,-0.220622461726448,-0.060530840879845865,0.0,-0.639496818595147,-0.47247971450894716
17123.0,162,1,345.29999999999995,18.387359788724424,0.0,9,0.0,0.695343802544497,-0.42596643235245885,-0.19536532779415777,-0.021279686489211243,0.0,-0.6160747016164247,-0.47247971450894716
17124.0,185,1,294.24,7.66939549846192,0.0,31,0.0,0.9254858749258571,-0.42596643235245885,-0.20159602283030975,-0.052793685259565265,0.0,-0.3584314148504804,-0.47247971450894716
17125.0,50,1,230.5,6.933973602197113,0.0,34,0.0,-0.42534802818212547,-0.42596643235245885,-0.2093740193364658,-0.05495604409067618,0.0,-0.3232982393823971,-0.47247971450894716
17126.0,152,5,989.45,3.925403241485764,0.0,187,1.0,0.5952820319439057,0.09553908884246501,-0.11676168095637271,-0.06380213464297628,0.0,1.4684937094898518,3.102826795614516
17128.0,335,1,157.09,7.111962256849873,0.0,14,1.0,2.4264124339347264,-0.42596643235245885,-0.21833201625389467,-0.054432704574704845,0.0,-0.5575194091696192,3.102826795614516
17131.0,5,5,2463.17,15.07564725317361,0.0,78,1.0,-0.8756259958847863,0.09553908884246501,0.06307184604476149,-0.031017105083517668,0.0,0.19198833414949149,3.102826795614516
17133.0,16,7,4892.240000000001,161.46231911595345,0.0,13,0.037037037037037035,-0.7655580482241359,0.3562918494399269,0.3594838004408782,0.3994031941584827,0.0,-0.5692304676589803,-0.3400609548747448
17134.0,107,2,413.2,7.180726013917849,0.0,21,0.8260869565217391,0.14500406424124493,-0.29559005205372785,-0.18707969925998777,-0.054230518702742765,0.0,-0.47554199974409145,2.481034359071305
17135.0,16,7,1139.73,17.302986066282163,0.0,34,0.0,-0.7655580482241359,0.3562918494399269,-0.09842347394436878,-0.024468067344957937,0.0,-0.3232982393823971,-0.47247971450894716
17138.0,276,1,380.5,3.709327744867064,0.0,24,0.0,1.8360479873912379,-0.42596643235245885,-0.19106997986480895,-0.06443746078797304,0.0,-0.44040882427600814,-0.47247971450894716
17139.0,16,12,10650.77,17.142359859638702,0.0,309,0.0,-0.7655580482241359,1.0081737509335817,1.062179536565679,-0.024940356106289932,0.0,2.8972428451919066,-0.47247971450894716
17140.0,247,1,454.12,45.18775066826757,0.0,16,0.0,1.545868852649523,-0.42596643235245885,-0.18208635729211978,0.057521423716973635,0.0,-0.534097292190897,-0.47247971450894716
17142.0,239,1,579.0,46.343018429347666,0.0,15,0.0,1.46581943616905,-0.42596643235245885,-0.1668476342973164,0.06091825410529509,0.0,-0.5458083506802581,-0.47247971450894716
17144.0,1,2,984.57,17.38363165742601,0.0,42,0.0,-0.9156507041250228,-0.29559005205372785,-0.11735717237385061,-0.024230945351329844,0.0,-0.22960977146750827,-0.47247971450894716
17146.0,106,3,749.78,26.171901758960356,0.0,33,0.0,0.1349978871811858,-0.1652136717549969,-0.146007875224186,0.0016091792910810673,0.0,-0.3350092978717582,-0.47247971450894716
17147.0,23,4,1714.59,16.544429349481955,0.0,68,0.0,-0.695514808803722,-0.03483729145626595,-0.02827507307319108,-0.026698449420610476,0.0,0.07487774925588045,-0.47247971450894716
17148.0,52,1,124.88,4.187944337951231,0.0,9,0.0,-0.4053356740620072,-0.42596643235245885,-0.22226250366310846,-0.06303018583188563,0.0,-0.6160747016164247,-0.47247971450894716
17152.0,195,3,1689.5,189.48459214231815,0.0,9,0.42857142857142855,1.0255476455264483,-0.1652136717549969,-0.031336728742150204,0.4817970008347833,0.0,-0.6160747016164247,1.0597945041153942
17153.0,24,1,213.78,4.696928620017389,0.0,14,0.0,-0.6855086317436628,-0.42596643235245885,-0.2114143096029065,-0.06153362084950972,0.0,-0.5575194091696192,-0.47247971450894716
17154.0,75,1,329.34,6.3227280598312205,0.0,23,1.0,-0.1751936016806472,-0.42596643235245885,-0.19731287759394206,-0.05675328755490415,0.0,-0.45211988276536924,3.102826795614516
17155.0,18,2,251.70000000000002,19.882093371727866,0.0,19,0.0,-0.7455456941040176,-0.29559005205372785,-0.20678704842447163,-0.016884725746566,0.0,-0.49896411672281366,-0.47247971450894716
17157.0,8,2,319.0,19.630181628533926,0.0,11,0.0,-0.8456074647046089,-0.29559005205372785,-0.19857463604818826,-0.017625421101603155,0.0,-0.5926525846377025,-0.47247971450894716
17158.0,32,3,1266.97,8.54484817319947,0.0,53,0.0,-0.6054592152631898,-0.1652136717549969,-0.08289676739521132,-0.050219594343788705,0.0,-0.10078812808453612,-0.47247971450894716
17159.0,22,3,1538.88,6.6878400973944405,0.0,96,0.24752475247524752,-0.7055209858637811,-0.1652136717549969,-0.04971642491028989,-0.05567974970842501,0.0,0.4027873869579914,0.4124971444325041
17160.0,31,6,3518.03,5.794832687559664,0.0,111,0.0,-0.6154653923232489,0.22591546914119598,0.19179317322524111,-0.05830545675999804,0.0,0.5784532642984079,-0.47247971450894716
17162.0,29,10,1715.46,5.637004640931389,0.0,81,0.16346153846153846,-0.6354777464433672,0.7474209903361198,-0.028168909644255457,-0.058769518099695696,0.0,0.2271215096175748,0.1119453881073882
17163.0,22,2,293.1,29.210135227348744,0.0,3,0.0,-0.7055209858637811,-0.29559005205372785,-0.20173513353029432,0.010542488191338193,0.0,-0.6863410525525914,-0.47247971450894716
17164.0,33,7,2467.35,6.506924522346215,0.0,92,0.0,-0.5954530382031307,0.3562918494399269,0.06358191861137164,-0.05621169523979681,0.0,0.35594315300054696,-0.47247971450894716
17165.0,284,1,158.68,2.6211142668720115,0.0,10,0.0,1.916097403871711,-0.42596643235245885,-0.2181379934354951,-0.06763713166563919,0.0,-0.6043636431270636,-0.47247971450894716
17166.0,39,2,206.34,12.872979100002102,0.0,11,0.0,-0.5354159758427759,-0.29559005205372785,-0.21232218996070068,-0.03749360375347589,0.0,-0.5926525846377025,-0.47247971450894716
17169.0,58,2,835.78,4.808587909141735,0.0,51,0.0,-0.34529861170165244,-0.29559005205372785,-0.1355135592604361,-0.061205309371241384,0.0,-0.12421024506325833,-0.47247971450894716
17171.0,289,1,224.91,9.06409452639001,0.0,16,0.0,1.9661282891720064,-0.42596643235245885,-0.21005614987410953,-0.04869285582397258,0.0,-0.534097292190897,-0.47247971450894716
17172.0,79,1,317.76,12.67876334663598,0.0,15,0.0,-0.1351688934404107,-0.42596643235245885,-0.19872594944115396,-0.03806465575990252,0.0,-0.5458083506802581,-0.47247971450894716
17173.0,5,8,3766.6,21.86215971648776,0.0,36,0.313953488372093,-0.8756259958847863,0.48666822973865786,0.2221254071683727,-0.011062742516907899,0.0,-0.2998761224036749,0.650000236343768
17174.0,218,1,59.9,5.225179422756696,0.0,4,0.0,1.2556897179078084,-0.42596643235245885,-0.23019181356223017,-0.059980406573260495,0.0,-0.6746299940632302,-0.47247971450894716
17175.0,44,4,1443.69,15.52180066398659,0.0,42,0.20634920634920634,-0.48538509054248025,-0.03483729145626595,-0.061332168359003326,-0.029705281526452507,0.0,-0.22960977146750827,0.26528194631018015
17176.0,202,1,306.13,17.401567608640754,0.0,15,1.0,1.0955908849468623,-0.42596643235245885,-0.20014512263485643,-0.024178208326908143,0.0,-0.5458083506802581,3.102826795614516
17179.0,178,3,711.79,9.804552771415347,0.0,56,0.0,0.8554426355054432,-0.1652136717549969,-0.15064367828770764,-0.046515688631465026,0.0,-0.06565495261645281,-0.47247971450894716
17180.0,56,4,783.97,7.295117685048656,0.0,91,0.0,-0.3653109658217707,-0.03483729145626595,-0.14183577449394638,-0.05389417320972502,0.0,0.34423209451118586,-0.47247971450894716
17181.0,57,2,239.92000000000002,21.672137391831818,0.0,23,0.0,-0.35530478876171157,-0.29559005205372785,-0.20822452565764574,-0.011621464597274199,0.0,-0.45211988276536924,-0.47247971450894716
17183.0,8,6,3347.31,41.30307290726627,0.0,42,0.4931506849315068,-0.8456074647046089,0.22591546914119598,0.17096073576789939,0.04609931716128757,0.0,-0.22960977146750827,1.290685139798514
17186.0,47,2,144.0,0.0,0.0,1,0.0,-0.45536655936230286,-0.29559005205372785,-0.21992934876512127,-0.07534398620873628,0.0,-0.7097631695313136,-0.47247971450894716
17187.0,227,1,203.95,12.152193446269505,0.0,10,0.0,1.3457453114483404,-0.42596643235245885,-0.21261383432294906,-0.0396129276838658,0.0,-0.6043636431270636,-0.47247971450894716
17188.0,11,7,2474.23,33.71844329232811,0.0,71,0.07142857142857142,-0.8155889335244315,0.3562918494399269,0.06442146388847166,0.023798253089268934,0.0,0.11001092472396376,-0.21710067807155692
17189.0,106,2,383.75,6.914702658329376,0.0,52,0.0,0.1349978871811858,-0.29559005205372785,-0.19067339234292305,-0.055012706390055476,0.0,-0.11249918657389722,-0.47247971450894716
17190.0,59,2,444.74,44.166006641874,0.0,19,0.0,-0.3352924346415933,-0.29559005205372785,-0.18323096989374738,0.05451719277167769,0.0,-0.49896411672281366,-0.47247971450894716
17191.0,28,7,2093.68,8.513990501458489,0.0,163,0.0,-0.6454839235034263,0.3562918494399269,0.017984115748878204,-0.050310325064937385,0.0,1.1874283057451853,-0.47247971450894716
17193.0,36,7,1699.3000000000002,33.860350820115414,0.0,17,0.0,-0.5654345070229533,0.3562918494399269,-0.030140864830001935,0.024215503374405267,0.0,-0.5223862337015359,-0.47247971450894716
17194.0,274,2,262.62,17.327652037225143,0.0,26,0.0,1.8160356332711196,-0.29559005205372785,-0.205454514350935,-0.02439554206339184,0.0,-0.41698670729728593,-0.47247971450894716
17197.0,30,1,1013.01,26.552396007589262,0.0,29,0.0,-0.6254715693833081,-0.42596643235245885,-0.11388672649002447,0.002727945407358588,0.0,-0.3818535318292026,-0.47247971450894716
17198.0,24,3,692.22,9.321285749633244,0.0,89,0.0,-0.6855086317436628,-0.1652136717549969,-0.15303174530410982,-0.04793663722932799,0.0,0.32080997753246365,-0.47247971450894716
17201.0,54,1,289.78,12.616685998157456,0.0,38,0.0,-0.38532331994188895,-0.42596643235245885,-0.20214026293726703,-0.038247181604422864,0.0,-0.2764540054249527,-0.47247971450894716
17203.0,36,6,3560.08,38.46301643355421,0.0,116,0.0,-0.5654345070229533,0.22591546914119598,0.19692440562379557,0.037748707493590515,0.0,0.6370085567452135,-0.47247971450894716
17204.0,175,4,1564.56,20.15400171088625,0.0,44,0.0,0.8254241043252657,-0.03483729145626595,-0.04658277335274225,-0.016085234459431247,0.0,-0.20618765448878607,-0.47247971450894716
17205.0,54,1,384.08,18.51897433057269,0.0,13,0.0,-0.38532331994188895,-0.42596643235245885,-0.19063312345608543,-0.020892700640253416,0.0,-0.5692304676589803,-0.47247971450894716
17206.0,53,1,204.24,9.70626896097863,0.0,7,0.0,-0.3953294970019481,-0.42596643235245885,-0.21257844651330388,-0.04680467222922364,0.0,-0.639496818595147,-0.47247971450894716
17211.0,27,8,2317.2200000000003,7.661236031838796,0.0,150,0.8151658767772512,-0.6554901005634854,0.48666822973865786,0.0452620156388394,-0.05281767651519591,0.0,1.035184545383491,2.4419881515632595
17212.0,253,1,226.85,46.865132294702846,0.0,4,0.0,1.6059059150098778,-0.42596643235245885,-0.20981941763027614,0.06245342396266592,0.0,-0.6746299940632302,-0.47247971450894716
17213.0,40,7,2781.23,5.943606628144437,0.0,85,0.36942675159235666,-0.5254097987827168,0.3562918494399269,0.10188373134046266,-0.05786801718157839,0.0,0.27396574357501924,0.8483341554729691
17214.0,60,6,1059.1200000000001,9.679825692931901,0.0,79,0.18811881188118812,-0.3252862575815342,0.22591546914119598,-0.10826006475643715,-0.04688242329221849,0.0,0.2036993926388526,0.20010269828655583
17217.0,234,1,113.5,20.432905106986407,0.0,9,0.0,1.4157885508687544,-0.42596643235245885,-0.22365117012435815,-0.015265175627015348,0.0,-0.6160747016164247,-0.47247971450894716
17218.0,4,10,1951.97,6.399172548412785,0.0,146,0.5055350553505535,-0.8856321729448454,0.7474209903361198,0.0006916795253549498,-0.056528518050741085,0.0,0.9883403114260466,1.334963059981512
17219.0,32,1,114.23,3.1973516645290463,0.0,24,0.0,-0.6054592152631898,-0.42596643235245885,-0.22356209046559608,-0.0659428225459779,0.0,-0.44040882427600814,-0.47247971450894716
17220.0,24,14,3187.55,5.388838312123543,0.0,303,0.0,-0.6855086317436628,1.2689265115310437,0.15146571346128676,-0.05949920082386739,0.0,2.8269764942557396,-0.47247971450894716
17221.0,7,2,334.48,10.62937959757279,0.0,59,0.0,-0.855613641764668,-0.29559005205372785,-0.19668565917471328,-0.04409045274885471,0.0,-0.030521777148369494,-0.47247971450894716
17222.0,65,1,328.65,11.539250853344434,0.0,27,0.0,-0.27525537228123853,-0.42596643235245885,-0.1973970761755117,-0.04141516098084437,0.0,-0.4052756488079248,-0.47247971450894716
17223.0,310,2,416.89,12.35970752762539,0.0,43,0.0,2.176258007433248,-0.29559005205372785,-0.186629419888985,-0.0390027746428987,0.0,-0.21789871297814717,-0.47247971450894716
17226.0,309,1,393.49,25.481036655670408,0.0,21,0.0,2.1662518303731892,-0.42596643235245885,-0.18948485004656349,-0.0004221693331478979,0.0,-0.47554199974409145,-0.47247971450894716
17227.0,19,6,939.32,34.94462867280866,0.0,28,0.0,-0.7355395170439585,0.22591546914119598,-0.12287889094780043,0.027403602344611876,0.0,-0.3935645903185637,-0.47247971450894716
17228.0,16,8,1906.09,6.550087784075646,0.0,140,0.0,-0.7655580482241359,0.48666822973865786,-0.004906916014375838,-0.056084782428723015,0.0,0.91807396048988,-0.47247971450894716
17229.0,96,2,318.76,7.086697561712003,0.0,39,0.3191489361702128,0.034936116580594506,-0.29559005205372785,-0.19860392251134293,-0.054506990283254134,0.0,-0.2647429469355916,0.6685755546793922
17230.0,264,8,3638.41,43.6590399265267,0.0,51,0.17391304347826086,1.7159738626705283,0.48666822973865786,0.20648277503589474,0.05302656003477072,0.0,-0.12421024506325833,0.14931272203426382
17231.0,12,10,3124.72,5.049936556288805,0.0,292,0.2184557438794727,-0.8055827564643724,0.7474209903361198,0.1437987614612587,-0.060495672656335604,0.0,2.6981548508727675,0.3085665287571955
17232.0,3,2,417.77,8.714119065771191,0.0,30,0.0,-0.8956383500049045,-0.29559005205372785,-0.18652203619075128,-0.049721887637935204,0.0,-0.3701424733398415,-0.47247971450894716
17233.0,35,1,190.88,7.087515502628547,0.0,25,0.0,-0.5754406840830124,-0.42596643235245885,-0.21420872629557944,-0.054504585293991235,0.0,-0.42869776578664703,-0.47247971450894716
17234.0,183,1,149.89000000000001,8.78977781039111,0.0,14,0.0,0.9054735208057388,-0.42596643235245885,-0.21921061014853419,-0.04949942845442358,0.0,-0.5575194091696192,-0.47247971450894716
17235.0,25,2,550.06,20.25760750490196,0.0,24,0.0,-0.6755024546836037,-0.29559005205372785,-0.17037909364604806,-0.015780602649062277,0.0,-0.44040882427600814,-0.47247971450894716
17236.0,13,6,916.13,9.824220572314118,0.0,88,0.4380952380952381,-0.7955765794043133,0.22591546914119598,-0.1257086954501186,-0.04645785945452864,0.0,0.30909891904310255,1.0938450423070463
17237.0,11,2,314.69,20.465086758266914,0.0,18,0.0,-0.8155889335244315,-0.29559005205372785,-0.19910057211567386,-0.015170552012734114,0.0,-0.5106751752121748,-0.47247971450894716
17238.0,3,17,3719.1,5.519305460306769,0.0,297,0.0,-0.8956383500049045,1.6600556524272365,0.21632912800234802,-0.05911558865311654,0.0,2.756710143319573,-0.47247971450894716
17239.0,313,1,382.5,16.239535091867626,0.0,15,0.0,2.2062765386134258,-0.42596643235245885,-0.19082592600518686,-0.02759492910642875,0.0,-0.5458083506802581,-0.47247971450894716
17242.0,108,2,1135.04,17.18384763337884,0.0,30,0.725,0.15501024130130406,-0.29559005205372785,-0.09899578024518257,-0.02481836972760613,0.0,-0.3701424733398415,2.1196175053305635
17243.0,1,26,8540.05,27.222194360787626,0.0,180,0.4134366925064599,-0.9156507041250228,2.8334430751158153,0.8046148552749085,0.004697351528468307,0.0,1.3865163000643241,1.0056831837333116
17244.0,53,1,954.9,32.691776579347575,0.0,31,0.0,-0.3953294970019481,-0.42596643235245885,-0.12097771138134435,0.02077954798312983,0.0,-0.3584314148504804,-0.47247971450894716
17245.0,205,1,171.45,7.198437330421097,0.0,9,0.0,1.1256094161270396,-0.42596643235245885,-0.21657970954180805,-0.054178442171100294,0.0,-0.6160747016164247,-0.47247971450894716
17247.0,15,1,280.09000000000003,5.399477900712209,0.0,53,0.0,-0.775564225284195,-0.42596643235245885,-0.20332270388713605,-0.05946791727294112,0.0,-0.10078812808453612,-0.47247971450894716
17248.0,120,1,318.65,7.162895051288378,0.0,68,0.0,0.27508436602201364,-0.42596643235245885,-0.19861734547362214,-0.05428294702953705,0.0,0.07487774925588045,-0.47247971450894716
17250.0,4,2,381.97,8.373355421006176,0.0,55,0.0,-0.8856321729448454,-0.29559005205372785,-0.1908906002779867,-0.05072383397693006,0.0,-0.07736601110581391,-0.47247971450894716
17251.0,363,1,269.83,4.429612880407302,0.0,37,1.0,2.7065853916163825,-0.42596643235245885,-0.2045747001869974,-0.06231960852974692,0.0,-0.2881650639143138,3.102826795614516
17252.0,117,2,348.91,3.0964035556561695,0.0,86,0.0,0.24506583484183622,-0.29559005205372785,-0.19492481057753988,-0.06623963997256511,0.0,0.28567680206438034,-0.47247971450894716
17253.0,18,1,178.26,4.937136583796201,0.0,18,0.0,-0.7455456941040176,-0.42596643235245885,-0.21574870614979483,-0.06082733808254508,0.0,-0.5106751752121748,-0.47247971450894716
17254.0,5,2,271.19,2.8524028091105555,0.0,100,0.0,-0.8756259958847863,-0.29559005205372785,-0.20440874356245436,-0.06695707464750521,0.0,0.4496316209154358,-0.47247971450894716
17255.0,41,2,291.48,3.8089248357370753,0.0,69,1.0,-0.5154036217226576,-0.29559005205372785,-0.20193281715658823,-0.06414461575563234,0.0,0.08658880774524155,3.102826795614516
17256.0,107,2,240.0,23.111555551282134,0.0,12,0.0,0.14500406424124493,-0.29559005205372785,-0.20821476350326087,-0.007389147631247854,0.0,-0.5809415261483414,-0.47247971450894716
17259.0,148,2,581.23,5.036206351540051,0.0,104,0.0,0.5552573237036692,-0.29559005205372785,-0.16657551424383776,-0.06053604353683593,0.0,0.4964758548728802,-0.47247971450894716
17262.0,52,5,1253.3600000000001,121.72664437794694,0.0,9,0.0,-0.4053356740620072,0.09553908884246501,-0.08455755390993965,0.282568506999616,0.0,-0.6160747016164247,-0.47247971450894716
17263.0,208,1,63.440000000000005,1.8700356150568438,0.0,23,1.0,1.155627947307217,-0.42596643235245885,-0.2297598382306991,-0.0698455260088865,0.0,-0.45211988276536924,3.102826795614516
17265.0,139,2,550.01,3.7400492091655817,0.0,106,1.0,0.4652017301631371,-0.29559005205372785,-0.17038519499253862,-0.06434713055716543,0.0,0.5198979718516024,3.102826795614516
17266.0,2,3,296.58,3.402986947877953,0.0,60,0.0,-0.9056445270649637,-0.1652136717549969,-0.2013104798145519,-0.06533819372924575,0.0,-0.01881071865900839,-0.47247971450894716
17267.0,127,2,317.2,11.090863823903003,0.0,37,0.0,0.34512760544242754,-0.29559005205372785,-0.19879428452184814,-0.042733552040170604,0.0,-0.2881650639143138,-0.47247971450894716
17268.0,108,4,763.64,104.56173959277201,0.0,3,0.16666666666666666,0.15501024130130406,-0.03483729145626595,-0.14431658197700492,0.2320985881191531,0.0,-0.6863410525525914,0.12340470384496335
17272.0,42,4,2148.63,17.67160540821837,0.0,70,0.0,-0.5053974446625985,-0.03483729145626595,0.024689495541995198,-0.02338421698178213,0.0,0.09829986623460266,-0.47247971450894716
17274.0,35,1,107.82,5.516675871090006,0.0,24,0.0,-0.5754406840830124,-0.42596643235245885,-0.22434428308568488,-0.059123320426529784,0.0,-0.44040882427600814,-0.47247971450894716
17277.0,228,2,1065.3500000000001,11.93004579311186,0.0,67,0.0,1.3557514885083997,-0.29559005205372785,-0.10749983698371433,-0.04026610777281305,0.0,0.06316669076651935,-0.47247971450894716
17278.0,241,1,246.04,8.768160310925847,0.0,15,0.0,1.4858317902891682,-0.42596643235245885,-0.20747772084720217,-0.0495629903243008,0.0,-0.5458083506802581,-0.47247971450894716
17279.0,58,1,187.82999999999998,26.1326562943762,0.0,8,0.0,-0.34529861170165244,-0.42596643235245885,-0.21458090843150313,0.0014937859673907947,0.0,-0.6277857601057858,-0.47247971450894716
17282.0,130,3,1685.46,46.00235504724457,0.0,79,0.9438202247191011,0.37514613662260493,-0.1652136717549969,-0.03182971753858683,0.05991660256830917,0.0,0.2036993926388526,2.9019668793154447
17284.0,60,6,1647.48,5.465545874183876,0.0,229,0.03436426116838488,-0.3252862575815342,0.22591546914119598,-0.03646430033281034,-0.05927365780553112,0.0,1.960358166043018,-0.34961694783803776
17286.0,22,1,151.37,3.2764242339934198,0.0,44,0.0,-0.7055209858637811,-0.42596643235245885,-0.21903001029241384,-0.06571032570335146,0.0,-0.20618765448878607,-0.47247971450894716
17287.0,26,7,1049.06,9.230503169107916,0.0,88,0.1721311475409836,-0.6654962776235446,0.3562918494399269,-0.10948765567033629,-0.048203564982916794,0.0,0.30909891904310255,0.14294189788935388
17288.0,9,7,1417.63,12.095340377342923,0.0,118,0.7642857142857142,-0.8356012876445498,0.3562918494399269,-0.06451219014987918,-0.039780092594638175,0.0,0.6604306737239357,2.260075975371128
17289.0,32,3,931.02,12.72802463132765,0.0,86,0.8076923076923077,-0.6054592152631898,-0.1652136717549969,-0.12389171446523212,-0.03791981294991017,0.0,0.28567680206438034,2.415267851360004
17290.0,4,2,513.01,5.384070925041495,0.0,92,0.0,-0.8856321729448454,-0.29559005205372785,-0.1749001913955473,-0.05951321835803458,0.0,0.35594315300054696,-0.47247971450894716
17291.0,308,1,550.8000000000001,0.0,0.0,1,0.0,2.15624565331313,-0.42596643235245885,-0.17028879371798789,-0.07534398620873628,0.0,-0.7097631695313136,-0.47247971450894716
17293.0,8,9,1854.06,14.051221671618269,0.0,93,0.0,-0.8456074647046089,0.6170446100373889,-0.01125597717244454,-0.034029220597541605,0.0,0.36765421148990807,-0.47247971450894716
17295.0,29,3,547.0,6.467575668728487,0.0,53,0.0,-0.6354777464433672,-0.1652136717549969,-0.17075249605126985,-0.056327392557957365,0.0,-0.10078812808453612,-0.47247971450894716
17297.0,17,1,128.18,2.579748791361402,0.0,49,0.0,-0.7555518711640767,-0.42596643235245885,-0.221859814794732,-0.06775875845119965,0.0,-0.14763236204198055,-0.47247971450894716
17298.0,101,2,498.42,17.440858212038012,0.0,30,0.13333333333333333,0.08496700188089015,-0.29559005205372785,-0.17668056430149046,-0.02406268228169892,0.0,-0.3701424733398415,0.004227820174181279
17299.0,12,4,656.61,11.45251577790215,0.0,50,0.8,-0.8055827564643724,-0.03483729145626595,-0.15737712427468115,-0.04167018786718304,0.0,-0.13592130355261944,2.3877654935898236
17301.0,21,1,163.24,2.462048096590321,0.0,59,0.0,-0.7155271629238402,-0.42596643235245885,-0.21758155063555673,-0.06810483345666085,0.0,-0.030521777148369494,-0.47247971450894716
17302.0,15,5,1135.63,14.714734188544917,0.0,68,0.3037974683544304,-0.775564225284195,0.09553908884246501,-0.09892378435659405,-0.03207829670227,0.0,0.07487774925588045,0.6136893518576746
17303.0,361,1,250.04,4.045409383823667,0.0,53,0.0,2.686573037496264,-0.42596643235245885,-0.20698961312795797,-0.06344928093683849,0.0,-0.10078812808453612,-0.47247971450894716
17306.0,11,18,8307.31,68.00931436914753,0.0,13,0.0,-0.8155889335244315,1.7904320327259675,0.7762143076306857,0.1246236001125877,0.0,-0.5692304676589803,-0.47247971450894716
17309.0,95,1,82.75,3.8760018255304205,0.0,11,0.0,0.024929939520535373,-0.42596643235245885,-0.2274034982160478,-0.06394738948050964,0.0,-0.5926525846377025,-0.47247971450894716
17311.0,78,2,1384.85,21.06399915185529,0.0,55,0.0,-0.14517507050046982,-0.29559005205372785,-0.06851223290908527,-0.01340957166945742,0.0,-0.07736601110581391,-0.47247971450894716
17312.0,139,3,644.3,85.21574365710227,0.0,11,0.7857142857142857,0.4652017301631371,-0.1652136717549969,-0.1588792757806551,0.17521561336602132,0.0,-0.5926525846377025,2.3366896863023454
17313.0,31,1,2328.84,63.95569097973732,0.0,24,0.0,-0.6154653923232489,-0.42596643235245885,0.04667996856324374,0.11270474322430608,0.0,-0.44040882427600814,-0.47247971450894716
17314.0,25,8,2527.92,11.842505808676554,0.0,120,0.0,-0.6755024546836037,0.48666822973865786,0.0709730897500267,-0.04052350133068835,0.0,0.6838527907026579,-0.47247971450894716
17315.0,2,38,6281.23,20.316350775656026,0.0,256,0.07855626326963906,-0.9056445270649637,4.397959638700587,0.5289779856791224,-0.015607879983435172,0.0,2.276556745255768,-0.1916169950300339
17317.0,46,3,2600.34,204.6930560619974,0.0,8,0.7777777777777778,-0.465372736422362,-0.1652136717549969,0.07981028000694264,0.5265144024125419,0.0,-0.6277857601057858,2.308314237809302
17320.0,100,3,1200.6200000000001,11.628478079065724,0.0,57,0.3561643835616438,0.07496082482083102,-0.1652136717549969,-0.0909932541881742,-0.04115280643239551,0.0,-0.053943894127091704,0.8009171247131082
17321.0,8,2,657.16,7.950790357298458,0.0,94,0.0,-0.8456074647046089,-0.29559005205372785,-0.15731000946328505,-0.05196630078661873,0.0,0.37936526997926917,-0.47247971450894716
17323.0,15,7,906.52,3.2332440610538424,0.0,125,0.9948717948717949,-0.775564225284195,0.3562918494399269,-0.12688137424560272,-0.06583728823840654,0.0,0.7424080831494634,3.084491890434396
17324.0,18,4,986.48,31.272526631834147,0.0,43,0.0,-0.7455456941040176,-0.03483729145626595,-0.11712410093791152,0.016606531551138365,0.0,-0.21789871297814717,-0.47247971450894716
17325.0,280,1,96.8,3.464486493936245,0.0,6,0.0,1.8760726956314744,-0.42596643235245885,-0.2256890198522026,-0.06515736679547633,0.0,-0.651207877084508,-0.47247971450894716
17329.0,14,2,523.11,16.10725350085821,0.0,29,0.0,-0.7855704023442541,-0.29559005205372785,-0.17366771940445574,-0.027983876278066425,0.0,-0.3818535318292026,-0.47247971450894716
17330.0,23,2,363.9,21.53859326882793,0.0,5,0.0,-0.695514808803722,-0.29559005205372785,-0.19309562689967233,-0.012014123988009062,0.0,-0.6629189355738692,-0.47247971450894716
17331.0,124,1,175.2,0.0,0.0,1,0.0,0.31510907426225016,-0.42596643235245885,-0.21612210855501662,-0.07534398620873628,0.0,-0.7097631695313136,-0.47247971450894716
17333.0,86,1,494.25,9.9163647212935,0.0,28,0.0,-0.06512565401999679,-0.42596643235245885,-0.17718941659880252,-0.04618692828523283,0.0,-0.3935645903185637,-0.47247971450894716
17334.0,302,2,307.02,18.252919467605974,0.0,11,0.0,2.096208590952775,-0.29559005205372785,-0.2000365186673246,-0.021674980968617377,0.0,-0.5926525846377025,-0.47247971450894716
17337.0,151,4,1981.06,4.578025429404606,0.0,421,0.29174664107485604,0.5852758548838466,-0.03483729145626595,0.0042414429135582575,-0.06188323154994532,0.0,4.20888139600035,0.570603950632639
17338.0,17,8,6493.54,7.022565633220709,0.0,389,0.0,-0.7555518711640767,0.48666822973865786,0.5548855231473055,-0.054695557203322274,0.0,3.834127524340795,-0.47247971450894716
17339.0,94,2,243.36,22.97435962110805,0.0,9,0.0,0.014923762460476244,-0.29559005205372785,-0.20780475301909576,-0.00779254441982754,0.0,-0.6160747016164247,-0.47247971450894716
17340.0,30,11,12353.29,25.578436166331997,0.0,229,0.0,-0.6254715693833081,0.8777973706348507,1.2699328251075805,-0.00013578583940822845,0.0,1.960358166043018,-0.47247971450894716
17341.0,157,3,682.29,6.705432463480115,0.0,147,0.0,0.6453129172442014,-0.1652136717549969,-0.15424347271713348,-0.05562802292634427,0.0,1.0000513699154077,-0.47247971450894716
17343.0,355,1,193.64,9.636694499793636,0.0,17,1.0,2.6265359751359094,-0.42596643235245885,-0.21387193196930093,-0.047009241812108325,0.0,-0.5223862337015359,3.102826795614516
17344.0,46,1,157.62,5.70558605737084,0.0,31,0.0,-0.465372736422362,-0.42596643235245885,-0.2182673419810948,-0.058567868363345515,0.0,-0.3584314148504804,-0.47247971450894716
17345.0,15,4,519.6899999999999,7.077295847627105,0.0,70,0.0,-0.775564225284195,-0.03483729145626595,-0.17408505150440953,-0.05453463411543035,0.0,0.09829986623460266,-0.47247971450894716
17346.0,4,15,2622.88,6.043351757703819,0.0,299,0.15320910973084886,-0.8856321729448454,1.3993028918297747,0.0825607670048836,-0.057574736871516256,0.0,2.7801322602982954,0.07528981292197684
17347.0,86,1,228.96,0.0,0.0,1,0.0,-0.06512565401999679,-0.42596643235245885,-0.2095619408083748,-0.07534398620873628,0.0,-0.7097631695313136,-0.47247971450894716
17348.0,15,5,1156.6,5.7694847467575885,0.0,180,0.0,-0.775564225284195,0.09553908884246501,-0.09636487963845644,-0.05837998723552811,0.0,1.3865163000643241,-0.47247971450894716
17349.0,179,1,98.25,12.843256638073871,0.0,8,0.0,0.8654488125655023,-0.42596643235245885,-0.22551208080397658,-0.03758099662056252,0.0,-0.6277857601057858,-0.47247971450894716
17350.0,8,4,1281.32,17.613033685619467,0.0,66,0.0,-0.8456074647046089,-0.03483729145626595,-0.08114568095242282,-0.0235564352448749,0.0,0.051455632277158235,-0.47247971450894716
17351.0,36,3,587.15,27.646901084952358,0.0,22,0.0,-0.5654345070229533,-0.1652136717549969,-0.16585311481935638,0.005946115456077983,0.0,-0.46383094125473034,-0.47247971450894716
17353.0,129,2,1740.0,0.0,0.0,5,0.0,0.3651399595625458,-0.29559005205372785,-0.0251743687866924,-0.07534398620873628,0.0,-0.6629189355738692,-0.47247971450894716
17354.0,51,1,1393.06,69.00435724165057,0.0,15,0.0,-0.41534185112206634,-0.42596643235245885,-0.06751039181533658,0.12754932173390338,0.0,-0.5458083506802581,-0.47247971450894716
17356.0,312,1,178.22,8.282790055960074,0.0,19,0.0,2.1962703615533665,-0.42596643235245885,-0.21575358722698726,-0.05099012305248636,0.0,-0.49896411672281366,-0.47247971450894716
17357.0,24,2,384.39,15.099605295304768,0.0,41,0.0,-0.6855086317436628,-0.29559005205372785,-0.19059529510784398,-0.030946661322947634,0.0,-0.24132082995686938,-0.47247971450894716
17358.0,303,2,360.81,4.9167130956414145,0.0,55,0.7068965517241379,2.1062147680128342,-0.29559005205372785,-0.19347269011278845,-0.06088738920449005,0.0,-0.07736601110581391,2.0548921288541906
17359.0,11,1,127.86,9.331778884160142,0.0,13,0.0,-0.8155889335244315,-0.42596643235245885,-0.22189886341227155,-0.047905784296847304,0.0,-0.5692304676589803,-0.47247971450894716
17360.0,17,3,568.24,4.013539403311681,0.0,113,0.0,-0.7555518711640767,-0.1652136717549969,-0.16816064406208325,-0.06354298814647888,0.0,0.6018753812771301,-0.47247971450894716
17361.0,49,3,488.2,11.847656364448172,0.0,26,0.0,-0.4353542052421846,-0.1652136717549969,-0.17792767952415933,-0.04050835716675408,0.0,-0.41698670729728593,-0.47247971450894716
17362.0,239,2,312.23,7.438521109906257,0.0,30,0.0,1.46581943616905,-0.29559005205372785,-0.19940075836300905,-0.053472524542847774,0.0,-0.3701424733398415,-0.47247971450894716
17364.0,1,11,4462.68,10.185364766916281,0.0,288,0.0,-0.9156507041250228,0.8777973706348507,0.3070659124712454,-0.04539598824499746,0.0,2.6513106169153233,-0.47247971450894716
17365.0,13,8,4767.36,8.790192302327757,0.0,278,0.08387096774193549,-0.7955765794043133,0.48666822973865786,0.3442450774460747,-0.04949820972500556,0.0,2.534200032021712,-0.1726152975308502
17367.0,238,1,167.55,4.474615397388412,0.0,33,0.0,1.455813259108991,-0.42596643235245885,-0.21705561456807113,-0.06218728776188487,0.0,-0.3350092978717582,-0.47247971450894716
17368.0,23,8,1878.87,39.7906071068352,0.0,93,0.018691588785046728,-0.695514808803722,0.48666822973865786,-0.008228489043832504,0.0416522184320736,0.0,0.36765421148990807,-0.40565155544121884
17370.0,73,4,446.18,5.09686542113995,0.0,31,0.0,-0.19520595580076547,-0.03483729145626595,-0.18305525111481946,-0.0603576878535166,0.0,-0.3584314148504804,-0.47247971450894716
17371.0,17,3,418.4,7.5427281293560435,0.0,83,0.0,-0.7555518711640767,-0.1652136717549969,-0.18644515922497035,-0.053166124951109416,0.0,0.25054362659629703,-0.47247971450894716
17372.0,41,8,1337.18,4.642477190782123,0.0,215,0.6095617529880478,-0.5154036217226576,0.48666822973865786,-0.0743292566531778,-0.06169372422618575,0.0,1.7964033471919627,1.7068903892714906
17373.0,40,4,646.92,8.080599655314803,0.0,47,0.3157894736842105,-0.5254097987827168,-0.03483729145626595,-0.1585595652245502,-0.051584622890772015,0.0,-0.17105447902070275,0.6565644465826728
17374.0,219,2,495.77,5.553556977813418,0.0,24,0.0,1.2656958949678674,-0.29559005205372785,-0.17700393566548972,-0.05901487901727944,0.0,-0.44040882427600814,-0.47247971450894716
17375.0,199,3,400.1,4.109335596563427,0.0,63,0.0,1.0655723537666848,-0.1652136717549969,-0.18867825204051245,-0.06326131888218746,0.0,0.016322456809074924,-0.47247971450894716
17376.0,71,2,203.2,4.636543565187764,0.0,23,0.0,-0.21521830992088373,-0.29559005205372785,-0.21270535452030734,-0.06171117084800872,0.0,-0.45211988276536924,-0.47247971450894716
17377.0,24,20,4058.32,13.472931953109345,0.0,190,0.13366336633663367,-0.6855086317436628,2.0511847933234293,0.257723103132851,-0.035729564150146616,0.0,1.503626884957935,0.005407789319436582
17379.0,11,1,389.71999999999997,5.074714495035874,0.0,71,0.0,-0.8155889335244315,-0.42596643235245885,-0.1899448915719511,-0.0604228181561656,0.0,0.11001092472396376,-0.47247971450894716
17381.0,9,29,18991.61,173.38613909872768,0.0,39,0.09433962264150944,-0.8356012876445498,3.224572216012008,2.0799866338108406,0.4344627668626447,0.0,-0.2647429469355916,-0.13518664751616757
17382.0,65,1,65.4,25.031580054003786,0.0,2,0.0,-0.27525537228123853,-0.42596643235245885,-0.22952066544826943,-0.0017437052525311964,0.0,-0.6980521110419524,-0.47247971450894716
17383.0,4,1,193.39000000000001,4.029165746857066,0.0,49,0.0,-0.8856321729448454,-0.42596643235245885,-0.2139024387017537,-0.06349704205467097,0.0,-0.14763236204198055,-0.47247971450894716
17384.0,19,2,336.4,53.12512166932846,0.0,12,0.8,-0.7355395170439585,-0.29559005205372785,-0.19645136746947608,0.08085965224555088,0.0,-0.5809415261483414,2.3877654935898236
17385.0,15,1,256.11,4.5794385324761455,0.0,42,0.0,-0.775564225284195,-0.42596643235245885,-0.20624890966400494,-0.0618790766071546,0.0,-0.22960977146750827,-0.47247971450894716
17386.0,8,6,2686.42,156.34576639056772,0.0,23,0.0,-0.8456074647046089,0.22591546914119598,0.09031435812507743,0.384359009280693,0.0,-0.45211988276536924,-0.47247971450894716
17387.0,20,2,746.81,8.777804540080602,0.0,71,1.0,-0.7255333399838994,-0.29559005205372785,-0.14637029520572484,-0.049534633425780426,0.0,0.11001092472396376,3.102826795614516
17388.0,78,4,1259.56,142.26548569822683,0.0,13,0.7333333333333333,-0.14517507050046982,-0.03483729145626595,-0.08380098694511118,0.3429588015166305,0.0,-0.5692304676589803,2.149411726248259
17389.0,1,34,31833.68,173.908566169417,0.0,45,0.028169014084507043,-0.9156507041250228,3.876454117505663,3.647065008329376,0.4359988576367351,0.0,-0.19447659599942496,-0.37176685506884954
17391.0,164,2,508.8,58.75116339273632,0.0,2,0.0,0.7153561566646153,-0.29559005205372785,-0.1754139247700518,0.0974018861205523,0.0,-0.6980521110419524,-0.47247971450894716
17392.0,307,2,417.27,7.598342657209113,0.0,53,0.23214285714285715,2.1462394762530708,-0.29559005205372785,-0.1865830496556568,-0.05300260171900015,0.0,-0.10078812808453612,0.3575021539125711
17394.0,219,1,203.86999999999998,70.36217893868836,0.0,4,0.0,1.2656958949678674,-0.42596643235245885,-0.21262359647733398,0.13154172086231666,0.0,-0.6746299940632302,-0.47247971450894716
17396.0,39,8,7330.8,243.73034924076575,0.0,24,0.0,-0.5354159758427759,0.48666822973865786,0.6570537904009016,0.6412956403339387,0.0,-0.44040882427600814,-0.47247971450894716
17397.0,22,2,681.41,8.046372189607402,0.0,88,0.0,-0.7055209858637811,-0.29559005205372785,-0.1543508564153672,-0.05168526180717476,0.0,0.30909891904310255,-0.47247971450894716
17398.0,115,3,653.38,8.113940833304905,0.0,30,0.0,0.22505348072171796,-0.1652136717549969,-0.15777127125797083,-0.05148658992352871,0.0,-0.3701424733398415,-0.47247971450894716
17400.0,126,5,2097.84,8.266790097591779,0.0,175,0.0,0.3351214283823684,0.09553908884246501,0.018491747776892192,-0.05103716768285542,0.0,1.3279610076175186,-0.47247971450894716
17402.0,5,13,2633.85,64.55136884719607,0.0,33,0.4745762711864407,-0.8756259958847863,1.1385501312323127,0.08389940242491074,0.11445621309995002,0.0,-0.3350092978717582,1.2242759174140525
17403.0,36,1,263.92,7.675029473517014,0.0,32,0.0,-0.5654345070229533,-0.42596643235245885,-0.20529587934218066,-0.052777119699338515,0.0,-0.3467203563611193,-0.47247971450894716
17404.0,4,15,31906.82,142.8036242570854,0.0,111,0.12121212121212122,-0.8856321729448454,1.3993028918297747,3.6559900579757554,0.34454108873301514,0.0,0.5784532642984079,-0.03910922843337583
17405.0,1,3,1031.41,8.139991374407536,0.0,77,0.0,-0.9156507041250228,-0.1652136717549969,-0.11164143098150123,-0.05140999359440852,0.0,0.18027727566013038,-0.47247971450894716
17406.0,333,3,2184.42,39.96265174197796,0.0,99,0.0,2.4064000798146084,-0.1652136717549969,0.029056839359932515,0.042158080765022456,0.0,0.4379205624260747,-0.47247971450894716
17408.0,163,1,32.65,5.055813485483814,0.0,2,0.0,0.7053499796045561,-0.42596643235245885,-0.23351704739958118,-0.06047839273876831,0.0,-0.6980521110419524,-0.47247971450894716
17409.0,185,2,771.85,39.13133130553559,0.0,13,0.0,0.9254858749258571,-0.29559005205372785,-0.14331474088325621,0.03971375173925619,0.0,-0.5692304676589803,-0.47247971450894716
17410.0,16,5,1214.72,10.461742396381874,0.0,57,0.34375,-0.7655580482241359,0.09553908884246501,-0.08927267447783846,-0.044583355916762796,0.0,-0.053943894127091704,0.7565318983459933
17411.0,12,3,778.94,9.545889576402928,0.0,39,0.6097560975609756,-0.8055827564643724,-0.1652136717549969,-0.14244956995089592,-0.04727623526035826,0.0,-0.2647429469355916,1.7075852306882864
17412.0,3,7,1258.06,7.501900526876607,0.0,48,0.0,-0.8956383500049045,0.3562918494399269,-0.08398402733982775,-0.05328617023018376,0.0,-0.15934342053134165,-0.47247971450894716
17414.0,44,2,778.0,152.52507553404675,0.0,5,0.0,-0.48538509054248025,-0.29559005205372785,-0.14256427526491833,0.37312504323140366,0.0,-0.6629189355738692,-0.47247971450894716
17415.0,80,1,507.84,42.50745757453096,0.0,14,0.0,-0.12516271638035156,-0.42596643235245885,-0.17553107062267043,0.049640565843903126,0.0,-0.5575194091696192,-0.47247971450894716
17416.0,30,7,6893.42,26.796062837432615,0.0,186,0.0,-0.6254715693833081,0.3562918494399269,0.6036816518401464,0.0034443982680045157,0.0,1.4567826510004906,-0.47247971450894716
17418.0,42,2,463.46000000000004,8.125170229870129,0.0,29,0.0,-0.5053974446625985,-0.29559005205372785,-0.1809466257676846,-0.05145357216194969,0.0,-0.3818535318292026,-0.47247971450894716
17419.0,11,12,4226.57,10.934805390788023,0.0,155,0.0,-0.8155889335244315,1.0081737509335817,0.2782541340735593,-0.04319241019047784,0.0,1.0937398378302965,-0.47247971450894716
17420.0,50,3,598.83,5.365604603268925,0.0,28,0.0,-0.42534802818212547,-0.1652136717549969,-0.16442784027916335,-0.05956751482944216,0.0,-0.3935645903185637,-0.47247971450894716
17422.0,16,6,1979.37,10.800051834535202,0.0,93,0.27350427350427353,-0.7655580482241359,0.22591546914119598,0.004035217402177584,-0.043588625674225105,0.0,0.36765421148990807,0.5053818950974702
17423.0,46,2,698.41,25.352882916028427,0.0,26,0.0,-0.465372736422362,-0.29559005205372785,-0.15227639860857942,-0.0007989793955925765,0.0,-0.41698670729728593,-0.47247971450894716
17425.0,19,2,759.17,9.428552979947723,0.0,42,0.023255813953488372,-0.7355395170439585,-0.29559005205372785,-0.14486204235326033,-0.04762123970861588,0.0,-0.22960977146750827,-0.3893330514828201
17426.0,8,6,5037.26,16.093826563764583,0.0,179,0.0,-0.8456074647046089,0.22591546914119598,0.377180145802076,-0.028023355461575424,0.0,1.374805241574963,-0.47247971450894716
17427.0,72,1,100.8,28.84995667241114,0.0,2,0.0,-0.2052121328608246,-0.42596643235245885,-0.22520091213295843,0.009483456249262785,0.0,-0.6980521110419524,-0.47247971450894716
17428.0,1,28,17256.85,55.11506386191242,0.0,252,0.057926829268292686,-0.9156507041250228,3.0941958357132773,1.8682991970518312,0.08671067340141915,0.0,2.2297125112983234,-0.26537354471520996
17429.0,128,3,524.9200000000001,7.029301435951007,0.0,36,0.0,0.3551337825024867,-0.1652136717549969,-0.17344685066149773,-0.054675751942433994,0.0,-0.2998761224036749,-0.47247971450894716
17430.0,33,2,265.76,8.27028734369325,0.0,14,0.0,-0.5954530382031307,-0.29559005205372785,-0.20507134979132835,-0.051026884740464816,0.0,-0.5575194091696192,-0.47247971450894716
17431.0,313,1,403.3,8.21637876843839,0.0,41,1.0,2.2062765386134258,-0.42596643235245885,-0.1882877658651171,-0.05118539196518441,0.0,-0.24132082995686938,3.102826795614516
17432.0,18,2,365.76,7.420088030675831,0.0,44,0.0,-0.7455456941040176,-0.29559005205372785,-0.19286865681022378,-0.0535267232713068,0.0,-0.20618765448878607,-0.47247971450894716
17433.0,88,1,303.15999999999997,2.9655560543329202,0.0,53,0.0,-0.045113299899878535,-0.42596643235245885,-0.20050754261639522,-0.06662437049453103,0.0,-0.10078812808453612,-0.47247971450894716
17434.0,2,7,2373.82,12.168506605245675,0.0,100,0.0,-0.9056445270649637,0.3562918494399269,0.05216873986614457,-0.039564962150673774,0.0,0.4496316209154358,-0.47247971450894716
17436.0,2,2,216.29999999999998,10.93503543661382,0.0,7,0.0,-0.9056445270649637,-0.29559005205372785,-0.21110680173978266,-0.04319173378741519,0.0,-0.639496818595147,-0.47247971450894716
17438.0,254,1,388.45000000000005,8.582048852109851,0.0,17,0.0,1.615912092069937,-0.42596643235245885,-0.19009986577281113,-0.050110213297380184,0.0,-0.5223862337015359,-0.47247971450894716
17440.0,157,3,186.42000000000002,37.60304881256306,0.0,3,0.0,0.6453129172442014,-0.1652136717549969,-0.2147529664025367,0.035220147235642915,0.0,-0.6863410525525914,-0.47247971450894716
17442.0,37,6,2248.56,6.0020875970272245,0.0,96,0.0,-0.5554283299628942,0.22591546914119598,0.03688364663801297,-0.05769606576136927,0.0,0.4027873869579914,-0.47247971450894716
17443.0,220,1,534.24,0.0,0.0,1,0.0,1.2757020720279266,-0.42596643235245885,-0.1723095596756588,-0.07534398620873628,0.0,-0.7097631695313136,-0.47247971450894716
17444.0,148,3,2940.04,47.08854353326321,0.0,132,0.0,0.5552573237036692,-0.1652136717549969,0.12126282806375481,0.06311031936804352,0.0,0.8243854925749912,-0.47247971450894716
17446.0,177,2,120.9,0.6999999999999991,0.0,6,0.0,0.8454364584453841,-0.29559005205372785,-0.2227481708437564,-0.07328577827467089,0.0,-0.651207877084508,-0.47247971450894716
17447.0,40,2,541.53,7.787466624555861,0.0,33,0.2222222222222222,-0.5254097987827168,-0.29559005205372785,-0.17141998335733627,-0.05244652107597871,0.0,-0.3350092978717582,0.32203284329626686
17449.0,2,7,2519.21,6.0639748361047605,0.0,178,0.0,-0.9056445270649637,0.3562918494399269,0.06991023519137249,-0.05751409889495957,0.0,1.3630941830856018,-0.47247971450894716
17450.0,8,46,168580.07,670.2141570589739,0.0,124,0.0,-0.8456074647046089,5.440970681090435,20.333807142773253,1.89528472176516,0.0,0.7306970246601023,-0.47247971450894716
17451.0,1,7,1721.4,7.543136287414211,0.0,83,0.0,-0.9156507041250228,0.3562918494399269,-0.027444069681177838,-0.0531649248451756,0.0,0.25054362659629703,-0.47247971450894716
17453.0,18,2,486.71999999999997,18.632280844643905,0.0,19,0.0,-0.7455456941040176,-0.29559005205372785,-0.17810827938027968,-0.02055954583133532,0.0,-0.49896411672281366,-0.47247971450894716
17454.0,192,4,517.53,7.946580475703407,0.0,57,0.47540983606557374,0.995529114346271,-0.03483729145626595,-0.17434862967280138,-0.05197867908904789,0.0,-0.053943894127091704,1.227256167353027
17455.0,204,1,131.7,2.2990292982660563,0.0,8,0.0,1.1156032390669806,-0.42596643235245885,-0.22143028000179713,-0.06858415714825059,0.0,-0.6277857601057858,-0.47247971450894716
17456.0,365,1,249.86,7.008098466606122,0.0,17,0.0,2.7265977457365005,-0.42596643235245885,-0.20701157797532396,-0.05473809497062169,0.0,-0.5223862337015359,-0.47247971450894716
17457.0,127,5,1737.7,98.41166324165192,0.0,14,0.0,0.34512760544242754,0.09553908884246501,-0.0254550307252578,0.2140155367748913,0.0,-0.5575194091696192,-0.47247971450894716
17458.0,15,1,316.5,4.214459237751231,0.0,52,0.0,-0.775564225284195,-0.42596643235245885,-0.19887970337271588,-0.06295222415025804,0.0,-0.11249918657389722,-0.47247971450894716
17459.0,43,2,657.3,6.205466291254178,0.0,88,0.0,-0.4953912676025394,-0.29559005205372785,-0.15729292569311154,-0.057098071986972455,0.0,0.30909891904310255,-0.47247971450894716
17460.0,94,6,622.4300000000001,8.538635765678045,0.0,18,0.0,0.014923762460476244,0.22591546914119598,-0.16154800473562267,-0.05023786066728905,0.0,-0.5106751752121748,-0.47247971450894716
17461.0,23,3,735.82,5.0417165390745,0.0,104,0.0,-0.695514808803722,-0.1652136717549969,-0.14771137116434824,-0.0605198419486908,0.0,0.4964758548728802,-0.47247971450894716
17462.0,60,2,675.69,22.00111436571642,0.0,25,0.0,-0.3252862575815342,-0.29559005205372785,-0.1550488504538864,-0.010654174571882617,0.0,-0.42869776578664703,-0.47247971450894716
17463.0,16,5,1875.86,6.322108117534501,0.0,162,0.42788461538461536,-0.7655580482241359,0.09553908884246501,-0.00859579010256375,-0.056755110369409535,0.0,1.1757172472558242,1.0573389364573424
17464.0,158,1,289.96000000000004,25.30143463213983,0.0,9,0.0,0.6553190943042605,-0.42596643235245885,-0.20211829808990103,-0.0009502526328690887,0.0,-0.6160747016164247,-0.47247971450894716
17466.0,10,2,763.28,7.6398892694057094,0.0,41,0.0,-0.8255951105844906,-0.29559005205372785,-0.1443605116717369,-0.052880442337776466,0.0,-0.24132082995686938,-0.47247971450894716
17468.0,10,2,137.0,5.813776741499453,0.0,5,0.0,-0.8255951105844906,-0.29559005205372785,-0.22078353727379857,-0.05824975561410913,0.0,-0.6629189355738692,-0.47247971450894716
17469.0,16,5,1870.97,7.520719279579326,0.0,61,0.0,-0.7655580482241359,0.09553908884246501,-0.009192501789339749,-0.053230837507152406,0.0,-0.007099660169647285,-0.47247971450894716
17470.0,45,5,1125.07,7.436190258309397,0.0,67,0.0,-0.4753789134824211,0.09553908884246501,-0.10021238873539871,-0.05347937793891891,0.0,0.06316669076651935,-0.47247971450894716
17472.0,191,3,697.54,3.785916532242056,0.0,142,0.3620689655172414,0.9855229372862119,-0.1652136717549969,-0.15238256203751505,-0.06421226700249352,0.0,0.9414960774686022,0.8220278150185136
17475.0,79,1,194.37,5.753291508937573,0.0,14,0.0,-0.1351688934404107,-0.42596643235245885,-0.21378285231053887,-0.05842760016489863,0.0,-0.5575194091696192,-0.47247971450894716
17480.0,78,1,511.82,8.028295649419169,0.0,29,0.0,-0.14517507050046982,-0.42596643235245885,-0.17504540344202246,-0.05173841220494029,0.0,-0.3818535318292026,-0.47247971450894716
17481.0,4,4,1255.59,6.56916322871065,0.0,69,0.0,-0.8856321729448454,-0.03483729145626595,-0.08428543385646103,-0.056028694955160746,0.0,0.08658880774524155,-0.47247971450894716
17483.0,65,3,414.04,8.955987090315883,0.0,18,0.0,-0.27525537228123853,-0.1652136717549969,-0.1869771966389465,-0.04901072379920005,0.0,-0.5106751752121748,-0.47247971450894716
17486.0,261,1,396.87,4.668632434059018,0.0,24,0.0,1.6859553314903508,-0.42596643235245885,-0.18907239902380213,-0.06161682004157159,0.0,-0.44040882427600814,-0.47247971450894716
17489.0,59,2,376.64,5.257246465031733,0.0,28,0.0,-0.3352924346415933,-0.29559005205372785,-0.1915410038138796,-0.059886119943499794,0.0,-0.3935645903185637,-0.47247971450894716
17490.0,1,7,2092.32,27.485666562518812,0.0,63,0.0,-0.9156507041250228,0.3562918494399269,0.017818159124335223,0.005472038065623743,0.0,0.016322456809074924,-0.47247971450894716
17491.0,1,10,3558.87,25.92973700362448,0.0,72,0.0,-0.9156507041250228,0.7474209903361198,0.1967767530387242,0.0008971429756763516,0.0,0.12172198321332486,-0.47247971450894716
17492.0,248,1,374.57,17.300076961643494,0.0,12,0.0,1.5558750297095822,-0.42596643235245885,-0.19179359955858846,-0.02447662097674127,0.0,-0.5809415261483414,-0.47247971450894716
17495.0,8,2,497.56,6.573525009774517,0.0,21,0.0,-0.8456074647046089,-0.29559005205372785,-0.17678550746112795,-0.05601587002317173,0.0,-0.47554199974409145,-0.47247971450894716
17496.0,359,1,271.05,9.22281139349602,0.0,10,0.0,2.666560683376146,-0.42596643235245885,-0.2044258273326279,-0.048226181088047444,0.0,-0.6043636431270636,-0.47247971450894716
17498.0,76,1,272.22,6.715187790287293,0.0,17,1.0,-0.16518742462058808,-0.42596643235245885,-0.20428305582474898,-0.05559933936772436,0.0,-0.5223862337015359,3.102826795614516
17499.0,290,1,622.88,9.36152359942355,0.0,40,0.0,1.9761344662320657,-0.42596643235245885,-0.16149309261720773,-0.047818325998344936,0.0,-0.2530318884462305,-0.47247971450894716
17500.0,17,3,1138.0,213.46000796402123,0.0,3,0.0,-0.7555518711640767,-0.1652136717549969,-0.09863458053294188,0.5522918452158492,0.0,-0.6863410525525914,-0.47247971450894716
17501.0,221,2,288.6,4.6310016703288115,0.0,18,0.0,1.2857082490879856,-0.29559005205372785,-0.20228425471444403,-0.06172746566510652,0.0,-0.5106751752121748,-0.47247971450894716
17502.0,9,4,689.1,9.33146407018329,0.0,25,0.0,-0.8356012876445498,-0.03483729145626595,-0.15341246932512026,-0.04790670994345433,0.0,-0.42869776578664703,-0.47247971450894716
17503.0,3,2,558.96,10.293772440988597,0.0,36,0.0,-0.8956383500049045,-0.29559005205372785,-0.16929305397072975,-0.04507723748087001,0.0,-0.2998761224036749,-0.47247971450894716
17504.0,206,9,2997.0299999999997,20.40508485345051,0.0,112,0.16535433070866143,1.1356155931870988,0.6170446100373889,0.1282171427936863,-0.015346975436380052,0.0,0.590164322787769,0.11871270055083816
17505.0,162,2,1145.84,10.767887891926254,0.0,48,0.0,0.695343802544497,-0.29559005205372785,-0.09767788940322329,-0.04368319721975162,0.0,-0.15934342053134165,-0.47247971450894716
17506.0,76,1,302.2,7.825667545166517,0.0,14,1.0,-0.16518742462058808,-0.42596643235245885,-0.20062468846901382,-0.05233419902185092,0.0,-0.5575194091696192,3.102826795614516
17507.0,262,2,605.58,4.212801750538672,0.0,79,0.0,1.69596150855041,-0.29559005205372785,-0.16360415850293877,-0.06295709765501734,0.0,0.2036993926388526,-0.47247971450894716
17508.0,281,1,387.31,9.685149530522047,0.0,22,0.0,1.8860788726915334,-0.42596643235245885,-0.19023897647279575,-0.046866769628264617,0.0,-0.46383094125473034,-0.47247971450894716
17509.0,58,8,6083.64,3.848043130444772,0.0,75,0.0,-0.34529861170165244,0.48666822973865786,0.504866684617758,-0.06402959634915449,0.0,0.15685515868140817,-0.47247971450894716
17510.0,25,1,308.48,5.4115572231056905,0.0,20,0.0,-0.6755024546836037,-0.42596643235245885,-0.19985835934980045,-0.059432400476957706,0.0,-0.48725305823345255,-0.47247971450894716
17511.0,3,31,91062.38,82.04277007616697,0.0,453,0.0,-0.8956383500049045,3.48532497660947,10.874561426028855,0.16588612851050577,0.0,4.583635267659905,-0.47247971450894716
17512.0,29,10,2924.9900000000002,25.192441667317052,0.0,61,0.0,-0.6354777464433672,0.7474209903361198,0.11942632277009861,-0.0012707243256627361,0.0,-0.007099660169647285,-0.47247971450894716
17513.0,72,1,513.2,61.52380569069722,0.0,6,0.0,-0.2052121328608246,-0.42596643235245885,-0.1748770062788832,0.10555427808625004,0.0,-0.651207877084508,-0.47247971450894716
17514.0,128,1,208.65,3.266044959807991,0.0,40,0.0,0.3551337825024867,-0.42596643235245885,-0.21204030775283714,-0.06574084385260616,0.0,-0.2530318884462305,-0.47247971450894716
17515.0,31,4,639.02,4.8582985521929425,0.0,49,0.0,-0.6154653923232489,-0.03483729145626595,-0.15952357797005745,-0.06105914531419069,0.0,-0.14763236204198055,-0.47247971450894716
17516.0,15,5,764.88,4.562596548423013,0.0,113,0.4666666666666667,-0.775564225284195,0.09553908884246501,-0.14416526858403925,-0.06192859704315969,0.0,0.6018753812771301,1.1959966568820022
17517.0,309,1,153.94,5.913469985780538,0.0,11,0.0,2.1662518303731892,-0.42596643235245885,-0.21871640108279947,-0.05795662786217763,0.0,-0.5926525846377025,-0.47247971450894716
17519.0,17,6,1844.02,15.990563454817014,0.0,60,0.0975609756097561,-0.7555518711640767,0.22591546914119598,-0.012481127547747434,-0.028326979676049916,0.0,-0.01881071865900839,-0.12366932327738975
17520.0,54,1,546.81,7.678954288541976,0.0,30,0.0,-0.38532331994188895,-0.42596643235245885,-0.17077568116793396,-0.052765579577304066,0.0,-0.3701424733398415,-0.47247971450894716
17521.0,30,3,723.2099999999999,6.437890535373721,0.0,38,0.0,-0.6254715693833081,-0.1652136717549969,-0.14925013074926552,-0.056414675667949596,0.0,-0.2764540054249527,-0.47247971450894716
17522.0,2,5,1070.71,14.945725537226165,0.0,59,0.1095890410958904,-0.9056445270649637,0.09553908884246501,-0.10684577263992713,-0.03139911352147541,0.0,-0.030521777148369494,-0.08066530244062242
17523.0,11,4,652.74,38.17857211512762,0.0,25,0.696969696969697,-0.8155889335244315,-0.03483729145626595,-0.1578493684930499,0.036912356703611336,0.0,-0.42869776578664703,2.0194005804255877
17524.0,361,1,145.0,11.150231686681074,0.0,6,0.0,2.686573037496264,-0.42596643235245885,-0.2198073218353102,-0.0425589928884587,0.0,-0.651207877084508,-0.47247971450894716
17525.0,360,1,422.70000000000005,24.642544511474462,0.0,9,0.0,2.676566860436205,-0.42596643235245885,-0.18592044342678282,-0.002887585310055895,0.0,-0.6160747016164247,-0.47247971450894716
17526.0,5,4,1195.8999999999999,70.38369694269858,0.0,17,0.0,-0.8756259958847863,-0.03483729145626595,-0.09156922129688236,0.13160499018600108,0.0,-0.5223862337015359,-0.47247971450894716
17527.0,54,4,939.37,12.89487246874504,0.0,45,0.0,-0.38532331994188895,-0.03483729145626595,-0.12287278960130987,-0.0374292307459757,0.0,-0.19447659599942496,-0.47247971450894716
17528.0,1,8,3628.5,12.28773883801661,0.0,183,0.0,-0.9156507041250228,0.48666822973865786,0.20527348816146732,-0.039214383968551675,0.0,1.4216494755324074,-0.47247971450894716
17530.0,1,10,2367.12,5.570234869011019,0.0,306,0.0,-0.9156507041250228,0.7474209903361198,0.05135115943641053,-0.05896584106301319,0.0,2.8621096697238233,-0.47247971450894716
17531.0,190,1,296.7,8.703267669781745,0.0,14,0.0,0.9755167602261527,-0.42596643235245885,-0.2012958365829746,-0.04975379396553687,0.0,-0.5575194091696192,-0.47247971450894716
17534.0,54,1,223.36,8.757016869028199,0.0,9,0.0,-0.38532331994188895,-0.42596643235245885,-0.2102452916153167,-0.04959575535362442,0.0,-0.6160747016164247,-0.47247971450894716
17535.0,280,1,164.4,2.6490927329356198,0.0,13,0.0,1.8760726956314744,-0.42596643235245885,-0.21743999939697592,-0.06755486666444618,0.0,-0.5692304676589803,-0.47247971450894716
17536.0,177,1,76.5,0.0,0.0,3,0.0,0.8454364584453841,-0.42596643235245885,-0.22816616652736685,-0.07534398620873628,0.0,-0.6863410525525914,-0.47247971450894716
17537.0,30,2,887.67,10.614187086726547,0.0,74,0.0,-0.6254715693833081,-0.29559005205372785,-0.12918158187254095,-0.044135123243657724,0.0,0.14514410019204707,-0.47247971450894716
17538.0,26,1,98.42,3.7581880977111535,0.0,9,0.0,-0.6654962776235446,-0.42596643235245885,-0.2254913362259087,-0.06429379683670883,0.0,-0.6160747016164247,-0.47247971450894716
17540.0,25,2,578.9,12.759721130703968,0.0,20,0.0,-0.6755024546836037,-0.29559005205372785,-0.16685983699029752,-0.03782661582634097,0.0,-0.48725305823345255,-0.47247971450894716
17542.0,270,1,170.75,7.9313481409741,0.0,24,0.0,1.776010925030883,-0.42596643235245885,-0.2166651283926758,-0.052023466677896736,0.0,-0.44040882427600814,-0.47247971450894716
17545.0,43,3,642.32,8.89082910123663,0.0,122,0.0,-0.4953912676025394,-0.1652136717549969,-0.15912088910168098,-0.049202307642186714,0.0,0.7072749076813801,-0.47247971450894716
17548.0,234,1,103.3,6.103523572494826,0.0,5,0.0,1.4157885508687544,-0.42596643235245885,-0.2248958448084308,-0.057397813862073446,0.0,-0.6629189355738692,-0.47247971450894716
17549.0,24,2,148.86,16.10736850016166,0.0,5,0.0,-0.6855086317436628,-0.29559005205372785,-0.2193362978862396,-0.027983538145953894,0.0,-0.6629189355738692,-0.47247971450894716
17550.0,197,3,267.16,9.330848341826423,0.0,42,0.6666666666666666,1.0455599996465665,-0.1652136717549969,-0.20490051208959287,-0.0479085203677248,0.0,-0.22960977146750827,1.9110579589066947
17551.0,359,1,290.34,5.569321439416705,0.0,39,0.0,2.666560683376146,-0.42596643235245885,-0.20207192785657285,-0.058968526817353505,0.0,-0.2647429469355916,-0.47247971450894716
17552.0,60,4,930.41,7.803955455299531,0.0,43,0.0,-0.3252862575815342,-0.03483729145626595,-0.12396615089241685,-0.05239803901560717,0.0,-0.21789871297814717,-0.47247971450894716
17553.0,130,1,237.60000000000002,0.0,0.0,1,0.0,0.37514613662260493,-0.42596643235245885,-0.20850762813480736,-0.07534398620873628,0.0,-0.7097631695313136,-0.47247971450894716
17554.0,1,5,1952.45,18.016070881806783,0.0,58,0.0,-0.9156507041250228,0.09553908884246501,0.0007502524516642539,-0.02237138616642318,0.0,-0.0422328356377306,-0.47247971450894716
17555.0,20,2,480.31,2.3196484829062105,0.0,101,1.0,-0.7255333399838994,-0.29559005205372785,-0.1788904720003685,-0.06852353062050727,0.0,0.4613426794047969,3.102826795614516
17556.0,206,1,157.9,24.319429817877445,0.0,6,0.0,1.1356155931870988,-0.42596643235245885,-0.21823317444074772,-0.0038376384900194477,0.0,-0.651207877084508,-0.47247971450894716
17557.0,14,3,541.46,11.280888433552892,0.0,27,0.0,-0.7855704023442541,-0.1652136717549969,-0.17142852524242305,-0.042174823241243345,0.0,-0.4052756488079248,-0.47247971450894716
17560.0,95,4,854.95,20.884099512824065,0.0,22,0.0,0.024929939520535373,-0.03483729145626595,-0.13317430301595834,-0.013938530047156797,0.0,-0.46383094125473034,-0.47247971450894716
17561.0,19,1,165.12,3.003261409020049,0.0,44,1.0,-0.7355395170439585,-0.42596643235245885,-0.21735214000751196,-0.06651350555142561,0.0,-0.20618765448878607,3.102826795614516
17562.0,14,7,1122.38,7.760598949652514,0.0,48,0.3333333333333333,-0.7855704023442541,0.3562918494399269,-0.1005406411765904,-0.05252552002120151,0.0,-0.15934342053134165,0.7192891221988739
17564.0,24,3,454.01,4.6491007469296735,0.0,38,0.0,-0.6855086317436628,-0.1652136717549969,-0.182099780254399,-0.061674249003593445,0.0,-0.2764540054249527,-0.47247971450894716
17566.0,8,2,869.77,5.441921299213218,0.0,113,0.0,-0.8456074647046089,-0.29559005205372785,-0.13136586391615865,-0.0593431210735933,0.0,0.6018753812771301,-0.47247971450894716
17567.0,7,8,4331.48,29.32292894765929,0.0,110,0.0,-0.855613641764668,0.48666822973865786,0.29105597928003607,0.010874135234275217,0.0,0.5667422058090468,-0.47247971450894716
17569.0,332,1,344.14,9.532123172068628,0.0,29,0.0,2.396393902754549,-0.42596643235245885,-0.19550687903273856,-0.04731671257839312,0.0,-0.3818535318292026,-0.47247971450894716
17571.0,50,4,1425.67,6.071679167727201,0.0,247,0.11070110701107011,-0.42534802818212547,-0.03483729145626595,-0.06353109363419837,-0.05749144587142818,0.0,2.171157218851518,-0.07668932593439402
17572.0,71,4,226.75000000000003,3.697939127119155,0.0,7,0.0,-0.21521830992088373,-0.03483729145626595,-0.20983162032325722,-0.06447094670712558,0.0,-0.639496818595147,-0.47247971450894716
17573.0,29,3,380.6,5.029856691132793,0.0,24,0.0,-0.6354777464433672,-0.1652136717549969,-0.19105777717182784,-0.060554713424591414,0.0,-0.44040882427600814,-0.47247971450894716
17574.0,243,1,185.65,7.1713934439947895,0.0,8,0.0,1.5058441444092865,-0.42596643235245885,-0.21484692713849118,-0.054257959230544,0.0,-0.6277857601057858,-0.47247971450894716
17576.0,8,19,3564.83,7.709687600213909,0.0,245,0.0,-0.8456074647046089,1.9208084130246985,0.19750403354039803,-0.05267521451169938,0.0,2.147735101872796,-0.47247971450894716
17578.0,218,1,143.45999999999998,12.192289366644806,0.0,5,0.0,1.2556897179078084,-0.42596643235245885,-0.21999524330721923,-0.03949503376752281,0.0,-0.6629189355738692,-0.47247971450894716
17579.0,5,3,448.90000000000003,7.944212628430477,0.0,46,0.0,-0.8756259958847863,-0.1652136717549969,-0.18272333786573342,-0.05198564126339617,0.0,-0.18276553751006386,-0.47247971450894716
17580.0,253,3,215.72,7.691224423413553,0.0,43,0.0,1.6059059150098778,-0.1652136717549969,-0.21117757735907305,-0.052729501735954455,0.0,-0.21789871297814717,-0.47247971450894716
17581.0,1,25,11025.24,21.524510486548703,0.0,229,0.15034168564920272,-0.9156507041250228,2.7030666948170845,1.107874960972021,-0.012055531551181666,0.0,1.960358166043018,0.0650378929355826
17582.0,236,1,175.27,10.876793584046299,0.0,28,1.0,1.4358009049888727,-0.42596643235245885,-0.21611356666992987,-0.04336298213462825,0.0,-0.3935645903185637,3.102826795614516
17584.0,7,2,1242.3,25.073394533755856,0.0,30,0.0,-0.855613641764668,-0.29559005205372785,-0.08590717175364983,-0.00162075826112473,0.0,-0.3701424733398415,-0.47247971450894716
17585.0,109,4,1116.68,6.7799483499795885,0.0,176,0.0,0.1650164183613632,-0.03483729145626595,-0.10123619467651336,-0.05540892408519123,0.0,1.3396720661068797,-0.47247971450894716
17588.0,100,3,1240.2,61.09175808510387,0.0,19,0.0,0.07496082482083102,-0.1652136717549969,-0.08616342830625301,0.10428392978664118,0.0,-0.49896411672281366,-0.47247971450894716
17589.0,60,4,2404.17,9.66776983148904,0.0,172,0.21739130434782608,-0.3252862575815342,-0.03483729145626595,0.055872257185909796,-0.04691787110603805,0.0,1.2928278321494353,0.3047608311700666
17590.0,2,3,1468.02,7.667907613490232,0.0,162,0.29081632653061223,-0.9056445270649637,-0.1652136717549969,-0.0583632531567006,-0.05279806008335627,0.0,1.1757172472558242,0.5672777909861416
17591.0,73,7,2203.67,15.497745148216849,0.0,81,0.0,-0.19520595580076547,0.3562918494399269,0.03140585775879515,-0.02977601188847439,0.0,0.2271215096175748,-0.47247971450894716
17593.0,4,5,3923.86,14.802312948690071,0.0,190,0.330188679245283,-0.8856321729448454,0.09553908884246501,0.24131536215045776,-0.03182078913228947,0.0,1.503626884957935,0.7080460199657812
17594.0,85,2,993.18,8.483858084621644,0.0,42,0.0,-0.07513183108005593,-0.29559005205372785,-0.11630652050817751,-0.05039892332123189,0.0,-0.22960977146750827,-0.47247971450894716
17595.0,12,2,386.69,4.869558002222268,0.0,68,0.5975609756097561,-0.8055827564643724,-0.29559005205372785,-0.19031463316927857,-0.06102603918649987,0.0,0.07487774925588045,1.6639839317843417
17596.0,23,7,2806.69,15.94880252982982,0.0,168,0.0,-0.695514808803722,0.3562918494399269,0.10499053697345188,-0.02844976920053928,0.0,1.245983598191991,-0.47247971450894716
17597.0,214,1,2044.3700000000001,37.50401267240596,0.0,55,0.0,1.2156650096675718,-0.42596643235245885,0.011966967839895579,0.034928951565027844,0.0,-0.07736601110581391,-0.47247971450894716
17600.0,18,1,161.67000000000002,5.956925295348178,0.0,13,0.0,-0.7455456941040176,-0.42596643235245885,-0.21777313291536007,-0.05782885634370708,0.0,-0.5692304676589803,-0.47247971450894716
17601.0,239,1,116.00999999999999,9.227792260340498,0.0,9,0.0,1.46581943616905,-0.42596643235245885,-0.22334488253053242,-0.04821153585996483,0.0,-0.6160747016164247,-0.47247971450894716
17602.0,2,6,5054.42,13.932760970390731,0.0,335,0.014519056261343012,-0.9056445270649637,0.22591546914119598,0.3792741279176335,-0.0343775302477437,0.0,3.201730365915295,-0.42056963813691867
17603.0,78,1,394.72,71.09981199310266,0.0,11,0.0,-0.14517507050046982,-0.42596643235245885,-0.1893347569228959,0.13371058115520867,0.0,-0.5926525846377025,-0.47247971450894716
17604.0,217,2,309.36,4.376239521579048,0.0,57,0.0,1.2456835408477491,-0.29559005205372785,-0.19975097565156677,-0.06247654205918696,0.0,-0.053943894127091704,-0.47247971450894716
17608.0,33,2,191.99,2.611152150286929,0.0,54,1.0,-0.5954530382031307,-0.29559005205372785,-0.21407327640348917,-0.06766642324763276,0.0,-0.08907706959517502,3.102826795614516
17609.0,41,5,1105.78,3.818382184612969,0.0,199,0.7811158798283262,-0.5154036217226576,0.09553908884246501,-0.10256628821145378,-0.06411680834064436,0.0,1.609026411362185,2.3202489758020843
17611.0,7,15,3961.12,6.198360019917704,0.0,440,0.47266313932980597,-0.855613641764668,1.3993028918297747,0.2458620855552173,-0.0571189665356101,0.0,4.431391507298211,1.2174358846323017
17612.0,53,6,2048.45,15.291857736909588,0.0,116,0.0,-0.3953294970019481,0.22591546914119598,0.012464837713524609,-0.030381382036298372,0.0,0.6370085567452135,-0.47247971450894716
17613.0,23,14,4544.55,12.878316665052221,0.0,211,0.23529411764705882,-0.695514808803722,1.2689265115310437,0.3170562572148757,-0.03747790972671197,0.0,1.7495591132345183,0.3687688761083383
17614.0,57,1,386.32,3.178864790950001,0.0,97,0.0,-0.35530478876171157,-0.42596643235245885,-0.19035978313330867,-0.06599717944580141,0.0,0.4144984454473525,-0.47247971450894716
17615.0,130,3,329.6,21.29127536324226,0.0,13,0.35714285714285715,0.37514613662260493,-0.1652136717549969,-0.19728115059219117,-0.01274131209588458,0.0,-0.5692304676589803,0.804415467678004
17616.0,174,3,571.1999999999999,124.64605890279886,0.0,1,0.3333333333333333,0.8154179272652066,-0.1652136717549969,-0.16779944434984254,0.29115245291086733,0.0,-0.7097631695313136,0.7192891221988739
17618.0,6,3,930.28,13.472920355426417,0.0,56,0.8059701492537313,-0.8656198188247272,-0.1652136717549969,-0.12398201439329229,-0.035729598250779496,0.0,-0.06565495261645281,2.4091106070830977
17619.0,312,1,214.37,2.7832763415859354,0.0,71,0.0,2.1962703615533665,-0.42596643235245885,-0.21134231371431797,-0.06716032699595247,0.0,0.11001092472396376,-0.47247971450894716
17620.0,60,1,81.44,11.169768723359196,0.0,4,0.0,-0.3252862575815342,-0.42596643235245885,-0.22756335349410026,-0.04250154819717437,0.0,-0.6746299940632302,-0.47247971450894716
17621.0,21,3,1379.9,38.10525630610357,0.0,24,0.0,-0.7155271629238402,-0.1652136717549969,-0.06911626621164993,0.03669678644671744,0.0,-0.44040882427600814,-0.47247971450894716
17623.0,33,1,527.0500000000001,6.889263729517726,0.0,33,0.0,-0.5954530382031307,-0.42596643235245885,-0.1731869333010002,-0.05508750439736156,0.0,-0.3350092978717582,-0.47247971450894716
17624.0,15,2,843.48,6.0975498458355375,0.0,49,0.0,-0.775564225284195,-0.29559005205372785,-0.13457395190089105,-0.05741537839293928,0.0,-0.14763236204198055,-0.47247971450894716
17625.0,18,4,2020.4,5.514157191815888,0.0,223,0.30392156862745096,-0.7455456941040176,-0.03483729145626595,0.00904198233232481,-0.059130726091766006,0.0,1.8900918151068515,0.6141330483717131
17628.0,81,1,75.75,2.9355578686171397,0.0,5,0.0,-0.11515653932029245,-0.42596643235245885,-0.22825768672472513,-0.06671257407145645,0.0,-0.6629189355738692,-0.47247971450894716
17629.0,6,8,1814.12,13.217223600040057,0.0,106,0.43089430894308944,-0.8656198188247272,0.48666822973865786,-0.01612973274909771,-0.03648142266599519,0.0,0.5198979718516024,1.0680995134304312
17630.0,170,2,503.59999999999997,7.797397988086499,0.0,24,0.0,0.77539321902497,-0.29559005205372785,-0.17604846480506925,-0.052417319917100365,0.0,-0.44040882427600814,-0.47247971450894716
17631.0,2,3,528.33,4.352621807507549,0.0,39,0.0,-0.9056445270649637,-0.1652136717549969,-0.17303073883084205,-0.0625459851541676,0.0,-0.2647429469355916,-0.47247971450894716
17633.0,31,4,1324.84,9.965915124312989,0.0,59,0.18571428571428572,-0.6154653923232489,-0.03483729145626595,-0.07583506896704612,-0.04604123538147448,0.0,-0.030521777148369494,0.19150578022826747
17634.0,36,9,2358.59,9.855077732929342,0.0,209,0.10472972972972973,-0.5654345070229533,0.6170446100373889,0.05031026972512235,-0.046367130236241526,0.0,1.726136996255796,-0.09803883000277364
17636.0,19,1,285.56,3.8729569826521035,0.0,20,1.0,-0.7355395170439585,-0.42596643235245885,-0.20265521658106964,-0.0639563422230384,0.0,-0.48725305823345255,3.102826795614516
17637.0,31,2,547.0600000000001,6.108236717606754,0.0,35,0.0,-0.6154653923232489,-0.29559005205372785,-0.17074517443548118,-0.05738395581541091,0.0,-0.311587180893036,-0.47247971450894716
17639.0,276,1,108.5,10.28943633052851,0.0,7,0.0,1.8360479873912379,-0.42596643235245885,-0.22426130477341338,-0.04508998693365849,0.0,-0.639496818595147,-0.47247971450894716
17640.0,87,1,621.66,76.69451036417144,0.0,5,0.0,-0.055119476959937665,-0.42596643235245885,-0.1616419654715772,0.1501606562638322,0.0,-0.6629189355738692,-0.47247971450894716
17642.0,120,2,712.29,10.146126705072463,0.0,34,0.0,0.27508436602201364,-0.29559005205372785,-0.15058266482280214,-0.04551135980243217,0.0,-0.3232982393823971,-0.47247971450894716
17643.0,373,1,101.55,2.6915791302292633,0.0,8,0.0,2.8066471622169735,-0.42596643235245885,-0.22510939193560014,-0.06742994403587528,0.0,-0.6277857601057858,-0.47247971450894716
17644.0,1,11,2895.64,11.41905346636112,0.0,102,0.0,-0.9156507041250228,0.8777973706348507,0.11584483238014438,-0.04176857700304863,0.0,0.473053737894158,-0.47247971450894716
17646.0,219,3,1008.39,10.127347251523531,0.0,46,0.0,1.2656958949678674,-0.1652136717549969,-0.1144504909057515,-0.04556657697427763,0.0,-0.18276553751006386,-0.47247971450894716
17647.0,65,1,133.06,3.6017608127665772,0.0,7,0.0,-0.27525537228123853,-0.42596643235245885,-0.2212643233772541,-0.06475373952096203,0.0,-0.639496818595147,-0.47247971450894716
17648.0,61,4,1797.5,8.188620839777066,0.0,81,0.0,-0.31528008052147505,-0.03483729145626595,-0.018157820322557274,-0.05126700852090434,0.0,0.2271215096175748,-0.47247971450894716
17649.0,138,1,868.49,3.4692824150122346,0.0,52,1.0,0.45519555310307797,-0.42596643235245885,-0.13152205838631678,-0.06514326536289097,0.0,-0.11249918657389722,3.102826795614516
17650.0,21,1,166.08,9.423834524377915,0.0,8,0.0,-0.7155271629238402,-0.42596643235245885,-0.21723499415489336,-0.047635113369602036,0.0,-0.6277857601057858,-0.47247971450894716
17651.0,12,10,3945.0,7.127525538469684,0.0,149,0.0603448275862069,-0.8055827564643724,0.7474209903361198,0.24389501144666326,-0.054386943903690574,0.0,1.02347348689413,-0.25672845958770363
17652.0,25,12,4867.72,8.785993068351509,0.0,118,0.0,-0.6755024546836037,1.0081737509335817,0.3564917001219113,-0.04951055672027257,0.0,0.6604306737239357,-0.47247971450894716
17653.0,37,4,1207.56,33.248005602333045,0.0,44,0.0,-0.5554283299628942,-0.03483729145626595,-0.09014638729528555,0.022415026537795736,0.0,-0.20618765448878607,-0.47247971450894716
17654.0,277,1,117.55,4.309521447704502,0.0,22,0.0,1.8460541644512969,-0.42596643235245885,-0.22315696105862343,-0.0626727130148929,0.0,-0.46383094125473034,-0.47247971450894716
17655.0,11,7,2638.94,28.021256487102697,0.0,66,0.15384615384615385,-0.8155889335244315,0.3562918494399269,0.08452051949764898,0.007046831540172366,0.0,0.051455632277158235,0.07756744089466261
17656.0,73,5,1674.69,13.916274040948469,0.0,67,0.0,-0.19520595580076547,0.09553908884246501,-0.03314394757265179,-0.034426006717724326,0.0,0.06316669076651935,-0.47247971450894716
17658.0,26,2,595.42,16.77886487318938,0.0,17,0.0,-0.6654962776235446,-0.29559005205372785,-0.16484395210981906,-0.02600913934215134,0.0,-0.5223862337015359,-0.47247971450894716
17659.0,17,12,2999.46,8.15502008928337,0.0,127,0.0,-0.7555518711640767,1.0081737509335817,0.12851366823312715,-0.051365804708413884,0.0,0.7658302001281856,-0.47247971450894716
17660.0,141,1,178.75,8.085709629548372,0.0,37,0.0,0.48521408428325535,-0.42596643235245885,-0.2156889129541874,-0.0515695980486143,0.0,-0.2881650639143138,-0.47247971450894716
17663.0,26,7,1802.91,10.194013742550602,0.0,63,0.0,-0.6654962776235446,0.3562918494399269,-0.017497654632279508,-0.045370557687465896,0.0,0.016322456809074924,-0.47247971450894716
17664.0,19,2,604.64,5.805649375678071,0.0,41,0.0,-0.7355395170439585,-0.29559005205372785,-0.16371886381696119,-0.05827365248384715,0.0,-0.24132082995686938,-0.47247971450894716
17666.0,4,2,728.16,33.63322656855516,0.0,14,0.0,-0.8856321729448454,-0.29559005205372785,-0.14864609744670082,0.023547690607862437,0.0,-0.5575194091696192,-0.47247971450894716
17667.0,66,5,2055.51,6.786684596958275,0.0,85,0.0,-0.2652491952211794,0.09553908884246501,0.01332634783799064,-0.05538911751808072,0.0,0.27396574357501924,-0.47247971450894716
17668.0,1,2,347.75,9.649309128982583,0.0,14,0.0,-0.9156507041250228,-0.29559005205372785,-0.1950663618161207,-0.04697215105513406,0.0,-0.5575194091696192,-0.47247971450894716
17669.0,43,7,3406.7200000000003,55.52925313579447,0.0,45,0.0,-0.4953912676025394,0.3562918494399269,0.17821035566797364,0.08792851290100318,0.0,-0.19447659599942496,-0.47247971450894716
17670.0,228,1,205.7,5.739512174392524,0.0,11,0.0,1.3557514885083997,-0.42596643235245885,-0.21240028719577975,-0.05846811550159401,0.0,-0.5926525846377025,-0.47247971450894716
17671.0,16,4,1572.71,34.426971773396104,0.0,40,0.0,-0.7655580482241359,-0.03483729145626595,-0.04558825387478222,0.02588153729104814,0.0,-0.2530318884462305,-0.47247971450894716
17672.0,50,2,3178.17,30.506014241934455,0.0,105,0.0,-0.42534802818212547,-0.29559005205372785,0.15032110085965913,0.014352757433351265,0.0,0.5081869133622413,-0.47247971450894716
17673.0,2,6,1594.97,8.129118123237488,0.0,118,0.2018348623853211,-0.9056445270649637,0.22591546914119598,-0.04287193441718835,-0.0514419641827332,0.0,0.6604306737239357,0.24914178294716474
17674.0,74,2,551.04,30.900415398419355,0.0,19,0.0,-0.18519977874070634,-0.29559005205372785,-0.17025950725483324,0.015512413989753818,0.0,-0.49896411672281366,-0.47247971450894716
17675.0,1,31,20374.28,20.651981336935183,0.0,239,0.07234042553191489,-0.9156507041250228,3.48532497660947,2.2487096088526792,-0.014621026434664343,0.0,2.077468750936629,-0.21384052015959026
17676.0,4,6,1371.18,8.915326861180983,0.0,49,0.0,-0.8856321729448454,0.22591546914119598,-0.07018034103960225,-0.04913027695092344,0.0,-0.14763236204198055,-0.47247971450894716
17677.0,2,30,16345.38,63.82149922094433,0.0,178,0.013201320132013201,-0.9056445270649637,3.3549485963107393,1.7570753113369575,0.11231017959197191,0.0,1.3630941830856018,-0.42528094869873645
17678.0,264,1,298.11,6.678851416972831,0.0,16,0.0,1.7159738626705283,-0.42596643235245885,-0.20112377861194103,-0.05570617909894005,0.0,-0.534097292190897,-0.47247971450894716
17679.0,53,2,1992.1100000000001,35.52321809778766,0.0,29,0.0,-0.3953294970019481,-0.29559005205372785,0.005589840487970335,0.02910482712326632,0.0,-0.3818535318292026,-0.47247971450894716
17680.0,24,1,184.4,8.7460016838865,0.0,11,0.0,-0.6855086317436628,-0.42596643235245885,-0.214999460800755,-0.04962814326998706,0.0,-0.5926525846377025,-0.47247971450894716
17682.0,10,6,2474.33,7.96539124903815,0.0,48,0.0,-0.8255951105844906,0.22591546914119598,0.06443366658145275,-0.05192336982772864,0.0,-0.15934342053134165,-0.47247971450894716
17684.0,44,1,239.41,5.4479543561475126,0.0,15,0.0,-0.48538509054248025,-0.42596643235245885,-0.20828675939184937,-0.05932538209409497,0.0,-0.5458083506802581,-0.47247971450894716
17685.0,17,7,3155.83,30.19775457943512,0.0,88,0.0,-0.7555518711640767,0.3562918494399269,0.14759501924768034,0.01344638245748205,0.0,0.30909891904310255,-0.47247971450894716
17686.0,7,7,5739.46,10.032774240440018,0.0,205,0.0,-0.855613641764668,0.3562918494399269,0.4628674559153922,-0.045844649719649834,0.0,1.6792927622983516,-0.47247971450894716
17690.0,30,15,4726.8,20.38923328708775,0.0,186,0.23809523809523808,-0.6254715693833081,1.3993028918297747,0.33929566517293874,-0.015393583750173188,0.0,1.4567826510004906,0.37878374028235356
17691.0,358,2,290.40000000000003,2.1007969804853537,0.0,18,0.0,2.6565545063160867,-0.29559005205372785,-0.20206460624078415,-0.06916701904717118,0.0,-0.5106751752121748,-0.47247971450894716
17692.0,127,4,740.9399999999999,9.56414913094907,0.0,34,0.0,0.34512760544242754,-0.03483729145626595,-0.14708659328371568,-0.04722254674601631,0.0,-0.3232982393823971,-0.47247971450894716
17693.0,137,1,200.47,4.770877583492021,0.0,16,0.0,0.44518937604301884,-0.42596643235245885,-0.2130384880386915,-0.06131618893045342,0.0,-0.534097292190897,-0.47247971450894716
17694.0,142,1,283.12,9.731860684419624,0.0,15,0.0,0.4952202613433145,-0.42596643235245885,-0.20295296228980858,-0.046729424960319836,0.0,-0.5458083506802581,-0.47247971450894716
17695.0,132,2,765.34,19.574073454358928,0.0,30,0.4857142857142857,0.3951584907427232,-0.29559005205372785,-0.14410913619632615,-0.017790395800535878,0.0,-0.3701424733398415,1.2640977332653065
17696.0,38,8,2285.71,16.984639864738345,0.0,78,0.11304347826086956,-0.545422152902835,0.48666822973865786,0.04141694708049332,-0.025404099741810886,0.0,0.19198833414949149,-0.06831463075586
17697.0,236,1,338.95,6.3940636302434735,0.0,19,1.0,1.4358009049888727,-0.42596643235245885,-0.1961401987984579,-0.056543539787756184,0.0,-0.49896411672281366,3.102826795614516
17698.0,261,1,154.95,5.525585780194324,0.0,8,0.0,1.6859553314903508,-0.42596643235245885,-0.2185931538836903,-0.059097122647086484,0.0,-0.6277857601057858,-0.47247971450894716
17700.0,17,4,2534.64,10.964102798442184,0.0,116,0.0,-0.7555518711640767,-0.03483729145626595,0.0717931107183569,-0.04310626710921878,0.0,0.6370085567452135,-0.47247971450894716
17701.0,253,1,417.95,3.679717592149025,0.0,24,0.0,1.6059059150098778,-0.42596643235245885,-0.18650007134338528,-0.0645245234326204,0.0,-0.44040882427600814,-0.47247971450894716
17702.0,30,4,1824.37,37.85743952779808,0.0,58,0.0,-0.6254715693833081,-0.03483729145626595,-0.014878956718534491,0.03596813150485618,0.0,-0.0422328356377306,-0.47247971450894716
17703.0,35,3,798.74,6.090084296133078,0.0,47,0.3090909090909091,-0.5754406840830124,-0.1652136717549969,-0.14003343674063723,-0.05743732932669608,0.0,-0.17105447902070275,0.6326150249837597
17704.0,169,2,885.19,20.546334926811916,0.0,27,0.0,0.7653870419649109,-0.29559005205372785,-0.12948420865847232,-0.014931658262551821,0.0,-0.4052756488079248,-0.47247971450894716
17705.0,3,9,1823.52,7.993820828920839,0.0,63,0.06796116504854369,-0.8956383500049045,0.6170446100373889,-0.01498267960887387,-0.05183977841790479,0.0,0.016322456809074924,-0.22949771867531374
17706.0,4,17,10504.49,19.600741416899307,0.0,270,0.06544502617801047,-0.8856321729448454,1.6600556524272365,1.044329437272919,-0.017711984068984495,0.0,2.4405115641068234,-0.23849368635950582
17707.0,185,2,152.4,18.76451438220558,0.0,3,0.0,0.9254858749258571,-0.29559005205372785,-0.21890432255470846,-0.020170739951108217,0.0,-0.6863410525525914,-0.47247971450894716
17708.0,188,2,263.33,8.515461961881012,0.0,28,0.2647058823529412,0.9555044061060345,-0.29559005205372785,-0.2053678752307692,-0.05030599853419981,0.0,-0.3935645903185637,0.473924949935499
17709.0,170,1,137.45,13.755959747375991,0.0,7,0.0,0.77539321902497,-0.42596643235245885,-0.2207286251553836,-0.03489737836197428,0.0,-0.639496818595147,-0.47247971450894716
17711.0,11,2,385.1,7.200521198746439,0.0,22,0.0,-0.8155889335244315,-0.29559005205372785,-0.19050865598767813,-0.05417231497921349,0.0,-0.46383094125473034,-0.47247971450894716
17712.0,45,1,522.91,12.815959560568537,0.0,29,0.0,-0.4753789134824211,-0.42596643235245885,-0.17369212479041793,-0.03766125813698863,0.0,-0.3818535318292026,-0.47247971450894716
17714.0,321,1,153.0,0.848528137423858,0.0,10,1.0,2.286325955093899,-0.42596643235245885,-0.21883110639682185,-0.07284906143055983,0.0,-0.6043636431270636,3.102826795614516
17715.0,201,1,326.4,0.0,0.0,1,0.0,1.085584707886803,-0.42596643235245885,-0.19767163676758653,-0.07534398620873628,0.0,-0.7097631695313136,-0.47247971450894716
17716.0,23,11,5655.99,17.541695084863314,0.0,171,0.0653061224489796,-0.695514808803722,0.8777973706348507,0.4526818680840642,-0.023766191922134097,0.0,1.2811167736600741,-0.23899030976619035
17718.0,232,1,139.35,6.685637591135193,0.0,6,0.0,1.3957761967486362,-0.42596643235245885,-0.22049677398874262,-0.05568622573107874,0.0,-0.651207877084508,-0.47247971450894716
17719.0,38,15,5396.04,11.553176988001285,0.0,111,0.05474452554744526,-0.545422152902835,1.3993028918297747,0.4209609676796829,-0.04137421400821352,0.0,0.5784532642984079,-0.27675125592554584
17720.0,26,4,1195.94,21.67795425245262,0.0,39,0.26,-0.6654962776235446,-0.03483729145626595,-0.09156434021968989,-0.011604361299158364,0.0,-0.2647429469355916,0.45709997812315334
17722.0,96,4,2424.04,28.886355058636386,0.0,111,0.1826086956521739,0.034936116580594506,-0.03483729145626595,0.058296932281255265,0.009590478316857044,0.0,0.5784532642984079,0.1804023438614244
17723.0,127,6,3276.4000000000005,295.3639908843174,0.0,4,0.0,0.34512760544242754,0.22591546914119598,0.1623078061749982,0.7931138844702917,0.0,-0.6746299940632302,-0.47247971450894716
17724.0,71,3,1033.0,14.356232453412359,0.0,38,0.275,-0.21521830992088373,-0.1652136717549969,-0.11144740816310167,-0.033132398296021486,0.0,-0.2764540054249527,0.5107295757750053
17725.0,16,11,3439.08,10.846018094575232,0.0,115,0.17708333333333334,-0.7655580482241359,0.8777973706348507,0.18215914711665904,-0.04345347121549124,0.0,0.6252974982558523,0.16064747999208284
17727.0,15,1,1060.25,4.091509831830139,0.0,66,0.0,-0.775564225284195,-0.42596643235245885,-0.10812217432575068,-0.06331373192562294,0.0,0.051455632277158235,-0.47247971450894716
17728.0,4,3,2876.01,4.475032755147748,0.0,153,0.0,-0.8856321729448454,-0.1652136717549969,0.1134494437479536,-0.062186060606096855,0.0,1.0703177208515744,-0.47247971450894716
17730.0,3,13,5298.4800000000005,25.6017361387047,0.0,127,0.0,-0.8956383500049045,1.1385501312323127,0.40905602040731737,-6.727699940679225e-05,0.0,0.7658302001281856,-0.47247971450894716
17731.0,79,4,1240.11,6.887570872174173,0.0,54,0.0,-0.1351688934404107,-0.03483729145626595,-0.08617441072993602,-0.05509248190081262,0.0,-0.08907706959517502,-0.47247971450894716
17732.0,373,1,303.97,2.574638308248492,0.0,18,0.0,2.8066471622169735,-0.42596643235245885,-0.20040870080324827,-0.0677737847896138,0.0,-0.5106751752121748,-0.47247971450894716
17733.0,39,2,692.19,16.16155346556042,0.0,33,0.0,-0.5354159758427759,-0.29559005205372785,-0.15303540611200414,-0.02782421825210991,0.0,-0.3350092978717582,-0.47247971450894716
17734.0,54,3,700.63,7.9511128371340085,0.0,40,0.0,-0.38532331994188895,-0.1652136717549969,-0.15200549882439893,-0.05196535260011001,0.0,-0.2530318884462305,-0.47247971450894716
17735.0,2,19,13110.02,8.730463556041435,0.0,319,0.09130434782608696,-0.9056445270649637,1.9208084130246985,1.362274263703493,-0.049673829981431675,0.0,3.0143534300855173,-0.14603868532376138
17736.0,9,3,377.44,8.855617463885094,0.0,24,0.0,-0.8356012876445498,-0.1652136717549969,-0.19144338227003074,-0.04930584031557009,0.0,-0.44040882427600814,-0.47247971450894716
17737.0,9,2,168.24,5.304409486455584,0.0,8,0.0,-0.8356012876445498,-0.29559005205372785,-0.21697141598650152,-0.05974744665080113,0.0,-0.6277857601057858,-0.47247971450894716
17738.0,19,4,1879.05,13.116905732712237,0.0,89,0.20618556701030927,-0.7355395170439585,-0.03483729145626595,-0.008206524196466508,-0.03677638699522753,0.0,0.32080997753246365,0.26469688551650916
17739.0,12,7,2791.35,43.25527240833578,0.0,29,0.0,-0.8055827564643724,0.3562918494399269,0.10311864387015043,0.05183936359268722,0.0,-0.3818535318292026,-0.47247971450894716
17742.0,113,2,355.11,14.105812783590826,0.0,13,0.0,0.2050411266015997,-0.29559005205372785,-0.19416824361271143,-0.03386870651212536,0.0,-0.5692304676589803,-0.47247971450894716
17744.0,4,6,2322.4,11.197382467239699,0.0,110,0.08823529411764706,-0.8856321729448454,0.22591546914119598,0.0458941151352606,-0.04242035558753993,0.0,0.5667422058090468,-0.15701149302746506
17746.0,240,1,110.25,8.355701646181487,0.0,6,0.0,1.4758256132291092,-0.42596643235245885,-0.22404775764624404,-0.050775741318944884,0.0,-0.651207877084508,-0.47247971450894716
17747.0,113,1,71.4,0.0,0.0,1,0.0,0.2050411266015997,-0.42596643235245885,-0.22878850386940316,-0.07534398620873628,0.0,-0.7097631695313136,-0.47247971450894716
17749.0,178,2,674.52,12.211412405662848,0.0,33,0.0,0.8554426355054432,-0.29559005205372785,-0.1551916219617653,-0.039438806352336556,0.0,-0.3350092978717582,-0.47247971450894716
17750.0,5,9,1710.45,6.976243858746108,0.0,101,0.14130434782608695,-0.8756259958847863,0.6170446100373889,-0.028780264562608793,-0.05483175698009886,0.0,0.4613426794047969,0.032726640182411754
17752.0,359,1,80.64,0.0,0.0,1,0.0,2.666560683376146,-0.42596643235245885,-0.2276609750379491,-0.07534398620873628,0.0,-0.7097631695313136,-0.47247971450894716
17754.0,1,5,1664.65,34.533931654177515,0.0,82,0.0,-0.9156507041250228,0.09553908884246501,-0.03436909794795468,0.026196031112835264,0.0,0.2388325681069359,-0.47247971450894716
17757.0,1,30,5593.39,12.445761620022193,0.0,275,0.0891891891891892,-0.9156507041250228,3.3549485963107393,0.4450429822778928,-0.03874975004899885,0.0,2.499066856553629,-0.1536010257682058
17758.0,19,8,3408.2000000000003,6.236924183128919,0.0,310,0.6707920792079208,-0.7355395170439585,0.48666822973865786,0.17839095552409398,-0.05700557644033593,0.0,2.9089539036812675,1.9258075732223858
17759.0,17,3,819.96,8.63700137831347,0.0,82,0.0,-0.7555518711640767,-0.1652136717549969,-0.13744402529004685,-0.049948636546767,0.0,0.2388325681069359,-0.47247971450894716
17760.0,22,2,287.59,9.749326421177344,0.0,25,0.0,-0.7055209858637811,-0.29559005205372785,-0.20240750191355322,-0.04667807050607836,0.0,-0.42869776578664703,-0.47247971450894716
17761.0,33,1,712.78,42.75931586195523,0.0,19,0.0,-0.5954530382031307,-0.42596643235245885,-0.15052287162719472,0.050381104023098484,0.0,-0.49896411672281366,-0.47247971450894716
17763.0,263,1,15.0,0.0,0.0,1,0.0,1.705967685610469,-0.42596643235245885,-0.23567082271074613,-0.07534398620873628,0.0,-0.7097631695313136,-0.47247971450894716
17764.0,51,2,772.55,10.631796939226298,0.0,71,0.0,-0.41534185112206634,-0.29559005205372785,-0.14322932203238853,-0.04408334504632529,0.0,0.11001092472396376,-0.47247971450894716
17765.0,159,3,367.63,4.560790996415755,0.0,51,0.0,0.6653252713643196,-0.1652136717549969,-0.19264046645147714,-0.06193390590239785,0.0,-0.12421024506325833,-0.47247971450894716
17767.0,15,1,271.2,6.66259827051622,0.0,21,0.0,-0.775564225284195,-0.42596643235245885,-0.20440752329315626,-0.05575396817749795,0.0,-0.47554199974409145,-0.47247971450894716
17768.0,8,3,2081.9,19.801280685055627,0.0,77,0.7653061224489796,-0.8456074647046089,-0.1652136717549969,0.016546638515704117,-0.01712233905068306,0.0,0.18027727566013038,2.2637242473202335
17769.0,13,10,3957.43,11.268903078885339,0.0,200,0.9210526315789473,-0.7955765794043133,0.7474209903361198,0.24541180618421454,-0.042210063744199555,0.0,1.620737469851546,2.820565755341611
17770.0,199,5,1143.27,26.8693632972044,0.0,33,0.0,1.0655723537666848,0.09553908884246501,-0.09799149861283767,0.0036599233935372755,0.0,-0.3350092978717582,-0.47247971450894716
17771.0,57,2,245.81,3.2050022103601887,0.0,51,0.0,-0.35530478876171157,-0.29559005205372785,-0.2075057870410587,-0.06592032766864991,0.0,-0.12421024506325833,-0.47247971450894716
17772.0,11,2,173.45,3.0262115131710434,0.0,50,0.0,-0.8155889335244315,-0.29559005205372785,-0.21633565568218596,-0.0664460254279239,0.0,-0.13592130355261944,-0.47247971450894716
17774.0,97,4,1213.73,5.255784867172879,0.0,123,0.5686274509803921,0.044942293640653636,-0.03483729145626595,-0.0893934811383514,-0.05989041747537052,0.0,0.7189859661707412,1.5605377128161593
17775.0,255,1,56.4,2.771281292110202,0.0,3,0.0,1.625918269129996,-0.42596643235245885,-0.23061890781656885,-0.06719559600452456,0.0,-0.6863410525525914,-0.47247971450894716
17777.0,25,3,647.56,2.639171338179763,0.0,141,0.0,-0.6755024546836037,-0.1652136717549969,-0.1584814679894711,-0.06758403851216548,0.0,0.929785018979241,-0.47247971450894716
17779.0,21,3,650.32,8.812578049737548,0.0,73,0.0,-0.7155271629238402,-0.1652136717549969,-0.15814467366319263,-0.0494323889779644,0.0,0.13343304170268597,-0.47247971450894716
17781.0,159,2,188.02,25.36669392345129,0.0,12,0.8333333333333334,0.6653252713643196,-0.29559005205372785,-0.21455772331483902,-0.0007583709312280448,0.0,-0.5809415261483414,2.5069423772606054
17783.0,72,2,283.47,3.060132563648324,0.0,67,0.0,-0.2052121328608246,-0.29559005205372785,-0.20291025286437472,-0.06634628746331793,0.0,0.06316669076651935,-0.47247971450894716
17785.0,53,1,131.94,5.755990302195997,0.0,13,0.0,-0.3953294970019481,-0.42596643235245885,-0.22140099353864245,-0.05841966491104593,0.0,-0.5692304676589803,-0.47247971450894716
17786.0,85,2,266.85,3.039510131473943,0.0,57,0.0,-0.07513183108005593,-0.29559005205372785,-0.2049383404378343,-0.06640692353977655,0.0,-0.053943894127091704,-0.47247971450894716
17787.0,153,4,1817.54,10.026414629852711,0.0,94,0.1171875,0.6052882090039648,-0.03483729145626595,-0.015712400649143924,-0.045863348863890346,0.0,0.37936526997926917,-0.0534984828538538
17788.0,74,2,1117.9,356.5104041258824,0.0,3,0.0,-0.18519977874070634,-0.29559005205372785,-0.10108732182214389,0.9729025028609063,0.0,-0.6863410525525914,-0.47247971450894716
17789.0,281,1,225.9,9.79064366100122,0.0,14,0.0,1.8860788726915334,-0.42596643235245885,-0.2099353432135966,-0.04655658554776524,0.0,-0.5575194091696192,-0.47247971450894716
17790.0,27,14,1964.3,7.676198519699413,0.0,121,0.3386243386243386,-0.6554901005634854,1.2689265115310437,0.0021962715699251336,-0.05277368235629866,0.0,0.695563849192019,0.7382060878609028
17791.0,30,1,106.1,5.5800637192698,0.0,10,0.0,-0.6254715693833081,-0.42596643235245885,-0.2245541694049599,-0.05893694132360551,0.0,-0.6043636431270636,-0.47247971450894716
17793.0,25,1,300.34,6.533865728454028,0.0,49,0.0,-0.6755024546836037,-0.42596643235245885,-0.20085165855846238,-0.05613248009099053,0.0,-0.14763236204198055,-0.47247971450894716
17795.0,180,2,342.83,6.17477638739602,0.0,43,0.35555555555555557,0.8754549896255615,-0.29559005205372785,-0.19566673431079107,-0.057188309420710404,0.0,-0.21789871297814717,0.7987403779793953
17796.0,40,4,690.0,7.521300770330741,0.0,63,1.0,-0.5254097987827168,-0.03483729145626595,-0.15330264508829033,-0.0532291277516122,0.0,0.016322456809074924,3.102826795614516
17797.0,22,3,780.43,5.94461812360934,0.0,102,0.0,-0.7055209858637811,-0.1652136717549969,-0.14226774982547746,-0.0578650430844482,0.0,0.473053737894158,-0.47247971450894716
17799.0,22,10,3039.17,6.250633825758644,0.0,280,0.0,-0.7055209858637811,0.7474209903361198,0.1333593576159238,-0.0569652660185735,0.0,2.5576221490004345,-0.47247971450894716
17800.0,37,9,1187.21,11.419203295437553,0.0,51,0.30097087378640774,-0.5554283299628942,0.6170446100373889,-0.09262963531694032,-0.04176813646105739,0.0,-0.12421024506325833,0.6035834098971437
17802.0,82,3,1285.04,10.265300430532236,0.0,102,0.9142857142857143,-0.10515036226023332,-0.1652136717549969,-0.08069174077352573,-0.045160953649184404,0.0,0.473053737894158,2.7963719518896477
17805.0,74,1,512.31,56.833873790196634,0.0,10,0.0,-0.18519977874070634,-0.42596643235245885,-0.17498561024641504,0.09176448516076906,0.0,-0.6043636431270636,-0.47247971450894716
17806.0,11,1,546.04,10.213704281478961,0.0,43,0.0,-0.8155889335244315,-0.42596643235245885,-0.17086964190388848,-0.04531266165396822,0.0,-0.21789871297814717,-0.47247971450894716
17809.0,16,12,5411.91,100.80640238417074,0.0,46,0.0,-0.7655580482241359,1.0081737509335817,0.4228975350557842,0.22105678120796152,0.0,-0.18276553751006386,-0.47247971450894716
17811.0,4,39,7761.82,15.024331154910477,0.0,359,0.23309178743961353,-0.8856321729448454,4.528336018999318,0.7096498376880584,-0.03116798965578975,0.0,3.4827957696599614,0.36089487058021763
17812.0,13,4,699.81,5.509384625934382,0.0,113,0.37593984962406013,-0.7955765794043133,-0.03483729145626595,-0.152105560906844,-0.05914475885314196,0.0,0.6018753812771301,0.8716204772667908
17813.0,14,5,1698.07,5.062407309986205,0.0,297,0.0,-0.7855704023442541,0.09553908884246501,-0.03029095795366955,-0.06045900493604451,0.0,2.756710143319573,-0.47247971450894716
17816.0,37,4,36.56,1.3107558439133282,0.0,16,0.0,-0.5554283299628942,-0.03483729145626595,-0.23303992210402,-0.07148997466935773,0.0,-0.534097292190897,-0.47247971450894716
17817.0,4,3,387.68,33.803198236037495,0.0,32,0.0,-0.8856321729448454,-0.1652136717549969,-0.19019382650876565,0.024047457800117394,0.0,-0.3467203563611193,-0.47247971450894716
17819.0,72,7,3704.87,90.1098367830175,0.0,36,0.25,-0.2052121328608246,0.3562918494399269,0.21459268479113686,0.1896057009400408,0.0,-0.2998761224036749,0.4213469130219187
17824.0,51,1,298.4,10.316366881854561,0.0,13,0.0,-0.41534185112206634,-0.42596643235245885,-0.20108839080229582,-0.045010803113075586,0.0,-0.5692304676589803,-0.47247971450894716
17827.0,5,5,1987.33,8.55665435464341,0.0,190,0.2837209302325581,-0.8756259958847863,0.09553908884246501,0.0050065517634735116,-0.050184880663333084,0.0,1.503626884957935,0.5419095744098028
17828.0,23,4,1820.09,56.50573736714524,0.0,54,0.0,-0.695514808803722,-0.03483729145626595,-0.015401231978125764,0.0907996666045116,0.0,-0.08907706959517502,-0.47247971450894716
17829.0,299,1,889.24,13.052573727795611,0.0,30,0.0,2.0661900597725977,-0.42596643235245885,-0.1289899995927376,-0.036965542199418576,0.0,-0.3701424733398415,-0.47247971450894716
17830.0,2,3,398.7,4.25834567703684,0.0,18,0.0,-0.9056445270649637,-0.1652136717549969,-0.18884908974224793,-0.06282318498235016,0.0,-0.5106751752121748,-0.47247971450894716
17831.0,33,1,35.400000000000006,0.0,0.0,2,1.0,-0.5954530382031307,-0.42596643235245885,-0.2331814733426008,-0.07534398620873628,0.0,-0.6980521110419524,3.102826795614516
17832.0,50,1,155.37,3.1099331955645475,0.0,61,0.0,-0.42534802818212547,-0.42596643235245885,-0.21854190257316966,-0.06619985881227301,0.0,-0.007099660169647285,-0.47247971450894716
17835.0,3,3,342.24,5.75530425943269,0.0,45,0.0,-0.8956383500049045,-0.1652136717549969,-0.19573873019937957,-0.05842168208055814,0.0,-0.19447659599942496,-0.47247971450894716
17836.0,47,1,110.21000000000001,6.718882528184001,0.0,23,1.0,-0.45536655936230286,-0.42596643235245885,-0.22405263872343648,-0.055588475740791086,0.0,-0.45211988276536924,3.102826795614516
17837.0,42,8,1541.23,8.569769416107835,0.0,110,0.16049382716049382,-0.5053974446625985,0.48666822973865786,-0.04942966162523394,-0.05014631848681617,0.0,0.5667422058090468,0.1013349105725963
17838.0,27,5,2720.8,16.39994835844737,0.0,96,0.6495726495726496,-0.6554901005634854,0.09553908884246501,0.0945096439719812,-0.027123266452137636,0.0,0.4027873869579914,1.8499416083062938
17839.0,42,1,318.15,4.915698630320286,0.0,50,0.0,-0.5053974446625985,-0.42596643235245885,-0.19867835893852767,-0.06089037203387973,0.0,-0.13592130355261944,-0.47247971450894716
17841.0,2,124,40519.84,10.036610581900588,0.0,1323,0.14356435643564355,-0.9056445270649637,15.610328344391448,4.707010444976888,-0.04583336973617565,0.0,14.772256153404067,0.04080686367709457
17843.0,303,1,205.48,3.7100443365246965,0.0,36,0.0,2.1062147680128342,-0.42596643235245885,-0.21242713312033817,-0.064435353795637,0.0,-0.2998761224036749,-0.47247971450894716
17844.0,107,1,51.559999999999995,3.8029882986935424,0.0,5,0.0,0.14500406424124493,-0.42596643235245885,-0.2312095181568543,-0.06416207093798072,0.0,-0.6629189355738692,-0.47247971450894716
17848.0,81,9,901.1999999999999,27.503186899831423,0.0,41,0.0,-0.11515653932029245,0.6170446100373889,-0.1275305575121975,0.005523553061715625,0.0,-0.24132082995686938,-0.47247971450894716
17849.0,218,4,605.8000000000001,26.42219143068947,0.0,14,0.0,1.2556897179078084,-0.03483729145626595,-0.16357731257838037,0.0023451052741774725,0.0,-0.5575194091696192,-0.47247971450894716
17850.0,372,34,5391.21,12.725234630308254,0.0,21,0.0,2.7966409851569147,3.876454117505663,0.42037157760869553,-0.037928016381673264,0.0,-0.47554199974409145,-0.47247971450894716
17852.0,12,2,114.34,2.282854652035219,0.0,21,0.0,-0.8055827564643724,-0.29559005205372785,-0.22354866750331687,-0.06863171541282631,0.0,-0.47554199974409145,-0.47247971450894716
17854.0,185,2,311.26,30.825544941693746,0.0,15,0.0,0.9254858749258571,-0.29559005205372785,-0.19951912448492576,0.01529227260681132,0.0,-0.5458083506802581,-0.47247971450894716
17855.0,373,1,208.97,6.298406077544307,0.0,17,0.0,2.8066471622169735,-0.42596643235245885,-0.2120012591352976,-0.05682480140764004,0.0,-0.5223862337015359,-0.47247971450894716
17856.0,2,4,1418.03,120.1773804998658,0.0,12,0.13333333333333333,-0.9056445270649637,-0.03483729145626595,-0.06446337937795477,0.27801321099129095,0.0,-0.5809415261483414,0.004227820174181279
17857.0,4,23,25412.34,450.1909340608584,0.0,19,0.0,-0.8856321729448454,2.4423139342196225,2.8634886028565156,1.2483510885460747,0.0,-0.49896411672281366,-0.47247971450894716
17858.0,6,12,5140.66,35.48271291580639,0.0,101,0.4467005076142132,-0.8656198188247272,1.0081737509335817,0.3897977303445381,0.028985729856231147,0.0,0.4613426794047969,1.1246115184396048
17859.0,305,1,141.92000000000002,9.395829093157564,0.0,23,0.0,2.1262271221329527,-0.42596643235245885,-0.22018316477912822,-0.04771745765636582,0.0,-0.45211988276536924,-0.47247971450894716
17860.0,369,1,226.45000000000002,5.328529757264881,0.0,49,0.0,2.766622453976737,-0.42596643235245885,-0.20986822840220054,-0.05967652588972756,0.0,-0.14763236204198055,-0.47247971450894716
17861.0,3,8,2097.88,9.224187468381444,0.0,172,0.0,-0.8956383500049045,0.48666822973865786,0.01849662885408463,-0.04822213501912309,0.0,1.2928278321494353,-0.47247971450894716
17862.0,324,1,330.9,30.89274407306085,0.0,11,0.0,2.316344486274076,-0.42596643235245885,-0.19712251558343685,0.015489858014442857,0.0,-0.5926525846377025,-0.47247971450894716
17863.0,59,6,3160.0,14.967638044715581,0.0,110,0.2905405405405405,-0.3352924346415933,0.22591546914119598,0.1481038715449924,-0.031334684240375436,0.0,0.5667422058090468,0.5662917715404373
17864.0,13,3,554.85,4.605092503554314,0.0,70,0.6555555555555556,-0.7955765794043133,-0.1652136717549969,-0.16979458465225314,-0.061803646311706935,0.0,0.09829986623460266,1.8713323310164343
17865.0,31,20,10526.32,33.09953955878967,0.0,191,0.0,-0.6154653923232489,2.0511847933234293,1.0469932851506942,0.021978492268138212,0.0,1.515337943447296,-0.47247971450894716
17866.0,143,1,329.65,20.12993900746956,0.0,9,0.0,0.5052264384033736,-0.42596643235245885,-0.19727504924570063,-0.016155985955270236,0.0,-0.6160747016164247,-0.47247971450894716
17867.0,30,6,1157.8700000000001,73.47271881504474,0.0,62,0.0,-0.6254715693833081,0.22591546914119598,-0.09620990543759639,0.14068763208052165,0.0,0.00461139831971382,-0.47247971450894716
17869.0,107,5,428.18,9.790084190727804,0.0,37,0.05,0.14500406424124493,0.09553908884246501,-0.1852517358514183,-0.04655823055655898,0.0,-0.2881650639143138,-0.29371438900277397
17870.0,2,12,1865.89,20.762146296416834,0.0,214,0.0,-0.9056445270649637,1.0081737509335817,-0.009812398592779851,-0.014297108729434163,0.0,1.7846922887026015,-0.47247971450894716
17871.0,205,1,155.9,8.06011441881841,0.0,10,0.0,1.1256094161270396,-0.42596643235245885,-0.2184772283003698,-0.05164485557118357,0.0,-0.6043636431270636,-0.47247971450894716
17873.0,80,5,1848.96,30.31537947061521,0.0,24,0.0,-0.12516271638035156,0.09553908884246501,-0.011878314514480862,0.013792234577868389,0.0,-0.44040882427600814,-0.47247971450894716
17874.0,185,6,683.46,15.39002070795567,0.0,37,0.0,0.9254858749258571,0.22591546914119598,-0.15410070120925456,-0.030092753742243402,0.0,-0.2881650639143138,-0.47247971450894716
17877.0,170,1,237.61,24.908401451694726,0.0,12,0.0,0.77539321902497,-0.42596643235245885,-0.20850640786550928,-0.0021058869333591876,0.0,-0.5809415261483414,-0.47247971450894716
17878.0,44,1,379.45,10.484698249573775,0.0,26,0.0,-0.48538509054248025,-0.42596643235245885,-0.19119810814111055,-0.04451585888937307,0.0,-0.41698670729728593,-0.47247971450894716
17879.0,174,1,178.51999999999998,49.64152522502372,0.0,6,1.0,0.8154179272652066,-0.42596643235245885,-0.21571697914804397,0.07061684390162232,0.0,-0.651207877084508,3.102826795614516
17880.0,365,1,458.92,5.7915890206933165,0.0,26,0.0,2.7265977457365005,-0.42596643235245885,-0.18150062802902675,-0.05831499410411201,0.0,-0.41698670729728593,-0.47247971450894716
17881.0,304,1,133.35000000000002,18.385862921199617,0.0,8,0.0,2.1162209450728935,-0.42596643235245885,-0.22122893556760886,-0.021284087724376677,0.0,-0.6277857601057858,-0.47247971450894716
17883.0,3,4,664.34,6.353059830811036,0.0,133,0.0,-0.8956383500049045,-0.03483729145626595,-0.15643385610724178,-0.05666410313821143,0.0,0.8360965510643522,-0.47247971450894716
17884.0,4,4,695.0699999999999,7.0567193615669614,0.0,107,0.0,-0.8856321729448454,-0.03483729145626595,-0.15268396855414834,-0.05459513509666489,0.0,0.5316090303409635,-0.47247971450894716
17885.0,12,1,156.34,2.4776985991703904,0.0,50,1.0,-0.8055827564643724,-0.42596643235245885,-0.21842353645125295,-0.06805881633011455,0.0,-0.13592130355261944,3.102826795614516
17886.0,32,3,869.28,17.073000117809233,0.0,93,0.0,-0.6054592152631898,-0.1652136717549969,-0.13142565711176607,-0.025144294350487276,0.0,0.36765421148990807,-0.47247971450894716
17887.0,129,1,111.35,11.557129834002904,0.0,10,0.0,0.3651399595625458,-0.42596643235245885,-0.2239135280234519,-0.04136259146678113,0.0,-0.6043636431270636,-0.47247971450894716
17888.0,21,8,716.0,10.769479455404731,0.0,60,0.0,-0.7155271629238402,0.48666822973865786,-0.15012994491320314,-0.04367851755035309,0.0,-0.01881071865900839,-0.47247971450894716
17889.0,212,2,201.37,11.745682420630818,0.0,20,0.0,1.1956526555474536,-0.29559005205372785,-0.21292866380186154,-0.040808190852800956,0.0,-0.48725305823345255,-0.47247971450894716
17890.0,323,2,586.89,4.936809766595293,0.0,88,0.0,2.306338309214017,-0.29559005205372785,-0.16588484182110724,-0.060828299022196365,0.0,0.30909891904310255,-0.47247971450894716
17891.0,162,1,203.85999999999999,4.221797059308059,0.0,34,0.0,0.695343802544497,-0.42596643235245885,-0.21262481674663208,-0.06293064877519088,0.0,-0.3232982393823971,-0.47247971450894716
17892.0,56,3,244.1,16.79808264128024,0.0,27,0.0,-0.3653109658217707,-0.1652136717549969,-0.2077144530910356,-0.02595263339535186,0.0,-0.4052756488079248,-0.47247971450894716
17893.0,225,1,107.21,5.850609817625445,0.0,15,0.0,1.3257329573282222,-0.42596643235245885,-0.22441871951286962,-0.058141455429082625,0.0,-0.5458083506802581,-0.47247971450894716
17894.0,72,8,1118.96,11.340307475878662,0.0,127,0.234375,-0.2052121328608246,0.48666822973865786,-0.10095797327654418,-0.042000113606458396,0.0,0.7658302001281856,0.36548274880123954
17895.0,44,1,95.45,4.074244306207799,0.0,15,0.0,-0.48538509054248025,-0.42596643235245885,-0.22585375620744752,-0.06336449769965395,0.0,-0.5458083506802581,-0.47247971450894716
17896.0,23,1,256.32,34.61994800689339,0.0,2,0.0,-0.695514808803722,-0.42596643235245885,-0.20622328400874462,0.02644894474086266,0.0,-0.6980521110419524,-0.47247971450894716
17897.0,173,3,541.8100000000001,8.483734390734442,0.0,100,0.0,0.8054117502051474,-0.1652136717549969,-0.17138581581698917,-0.05039928701800337,0.0,0.4496316209154358,-0.47247971450894716
17898.0,85,2,152.06,4.342370003658975,0.0,27,0.0,-0.07513183108005593,-0.29559005205372785,-0.21894581171084423,-0.06257612850276706,0.0,-0.4052756488079248,-0.47247971450894716
17899.0,159,1,154.55,4.896378143559909,0.0,29,1.0,0.6653252713643196,-0.42596643235245885,-0.21864196465561472,-0.06094718000408004,0.0,-0.3818535318292026,3.102826795614516
17900.0,190,2,112.19999999999999,7.945564800566413,0.0,4,0.0,0.9755167602261527,-0.29559005205372785,-0.2238098051331125,-0.051981665475655595,0.0,-0.6746299940632302,-0.47247971450894716
17901.0,29,1,110.38,4.635993808935817,0.0,19,0.0,-0.6354777464433672,-0.42596643235245885,-0.22403189414536862,-0.061712787294693816,0.0,-0.49896411672281366,-0.47247971450894716
17904.0,21,1,181.07,6.23089282535573,0.0,33,0.0,-0.7155271629238402,-0.42596643235245885,-0.2154058104770258,-0.057023310423795874,0.0,-0.3350092978717582,-0.47247971450894716
17905.0,71,4,798.99,42.581268068728406,0.0,33,0.0,-0.21521830992088373,-0.03483729145626595,-0.14000293000818448,0.04985759062215237,0.0,-0.3350092978717582,-0.47247971450894716
17906.0,247,1,72.9,4.138263799315756,0.0,12,0.0,1.545868852649523,-0.42596643235245885,-0.22860546347468658,-0.0631762613730116,0.0,-0.5809415261483414,-0.47247971450894716
17908.0,374,1,232.03,3.5858605051707837,0.0,51,0.0,2.8166533392770328,-0.42596643235245885,-0.2091873181338549,-0.06480049114845879,0.0,-0.12421024506325833,-0.47247971450894716
17911.0,9,1,366.23,8.266781002974925,0.0,39,0.0,-0.8356012876445498,-0.42596643235245885,-0.19281130415321257,-0.051037194423730524,0.0,-0.2647429469355916,-0.47247971450894716
17912.0,310,5,310.06,5.774813609305691,0.0,35,0.0,2.176258007433248,0.09553908884246501,-0.19966555680069903,-0.05836431879670518,0.0,-0.311587180893036,-0.47247971450894716
17913.0,59,2,408.65,6.733685446430509,0.0,55,0.5344827586206896,-0.3352924346415933,-0.29559005205372785,-0.18763492179062805,-0.055544950763959246,0.0,-0.07736601110581391,1.438459971936352
17914.0,4,1,329.36,5.162255869061282,0.0,72,0.0,-0.8856321729448454,-0.42596643235245885,-0.19731043705534584,-0.06016542051248262,0.0,0.12172198321332486,-0.47247971450894716
17917.0,45,3,335.03,2.6527212969897733,0.0,77,0.30434782608695654,-0.4753789134824211,-0.1652136717549969,-0.19661854436331722,-0.06754419760826687,0.0,0.18027727566013038,0.6156570494416722
17919.0,88,1,1304.04,48.64117608638995,0.0,23,0.0,-0.045113299899878535,-0.42596643235245885,-0.07837322910711586,0.06767552028166302,0.0,-0.45211988276536924,-0.47247971450894716
17920.0,4,17,4119.5,8.511523158302413,0.0,407,0.22255639097744362,-0.8856321729448454,1.6600556524272365,0.2651887106986907,-0.05031757978673723,0.0,4.044926577149295,0.3232275990222898
17921.0,64,4,820.23,4.506332441101445,0.0,114,0.0,-0.28526154934129766,-0.03483729145626595,-0.13741107801899785,-0.06209403023186306,0.0,0.6135864397664912,-0.47247971450894716
17923.0,282,1,207.50000000000003,0.0,0.0,1,0.0,1.8960850497515926,-0.42596643235245885,-0.21218063872211987,-0.07534398620873628,0.0,-0.7097631695313136,-0.47247971450894716
17924.0,12,7,2962.5,79.48596248557392,0.0,26,0.0,-0.8055827564643724,0.3562918494399269,0.12400355290731091,0.15836835469788113,0.0,-0.41698670729728593,-0.47247971450894716
17925.0,373,1,244.08,0.0,0.0,1,0.0,2.8066471622169735,-0.42596643235245885,-0.2077168936296318,-0.07534398620873628,0.0,-0.7097631695313136,-0.47247971450894716
17926.0,133,2,397.29,8.725924756559781,0.0,17,0.0,0.4051646678027823,-0.29559005205372785,-0.18902114771328152,-0.049687175400152064,0.0,-0.5223862337015359,-0.47247971450894716
17928.0,45,2,212.54,15.09567876550453,0.0,23,0.0,-0.4753789134824211,-0.29559005205372785,-0.2115656229958722,-0.03095820648693077,0.0,-0.45211988276536924,-0.47247971450894716
17929.0,11,4,843.0,81.58256553945824,0.0,4,0.0,-0.8155889335244315,-0.03483729145626595,-0.13463252482720034,0.16453299046943892,0.0,-0.6746299940632302,-0.47247971450894716
17930.0,36,5,1740.48,51.22499628632893,0.0,26,0.0,-0.5654345070229533,0.09553908884246501,-0.025115795860383094,0.07527271918982421,0.0,-0.41698670729728593,-0.47247971450894716
17931.0,134,2,408.36,9.161514276916991,0.0,63,0.0,0.41517084486284145,-0.29559005205372785,-0.18767030960027323,-0.048406412819016434,0.0,0.016322456809074924,-0.47247971450894716
17932.0,29,3,1331.57,4.314614628013106,0.0,84,0.24444444444444444,-0.6354777464433672,-0.1652136717549969,-0.07501382772941778,-0.06265773755186319,0.0,0.26225468508565813,0.4014840990767883
17934.0,52,2,704.25,26.04195164948829,0.0,21,0.0,-0.4053356740620072,-0.29559005205372785,-0.15156376133848293,0.0012270873677266783,0.0,-0.47554199974409145,-0.47247971450894716
17935.0,138,2,145.79,5.646360962445335,0.0,28,0.06896551724137931,0.45519555310307797,-0.29559005205372785,-0.2197109205607595,-0.058742007735161875,0.0,-0.3935645903185637,-0.22590685174181174
17936.0,5,1,380.13,7.576958109303552,0.0,68,1.0,-0.8756259958847863,-0.42596643235245885,-0.19111512982883905,-0.05306547864209389,0.0,0.07487774925588045,3.102826795614516
17937.0,9,7,4301.22,59.61362967078013,0.0,19,0.46511627906976744,-0.8356012876445498,0.3562918494399269,0.28736344438395395,0.09993779317245745,0.0,-0.49896411672281366,1.1904535460135939
17939.0,160,1,99.14,7.328686888873853,0.0,12,1.0,0.6753314484243788,-0.42596643235245885,-0.22540347683644474,-0.05379546977879176,0.0,-0.5809415261483414,3.102826795614516
17940.0,49,9,1296.82,34.476495226123596,0.0,5,0.0,-0.4353542052421846,0.6170446100373889,-0.07925426354035162,0.026027150952942477,0.0,-0.6629189355738692,-0.47247971450894716
17941.0,131,1,304.56,18.4979133958401,0.0,2,0.0,0.38515231368266406,-0.42596643235245885,-0.20033670491465977,-0.020954626044489767,0.0,-0.6980521110419524,-0.47247971450894716
17942.0,8,1,77.50000000000001,52.11376977344856,0.0,2,0.0,-0.8456074647046089,-0.42596643235245885,-0.2280441395975558,0.07788597725093362,0.0,-0.6980521110419524,-0.47247971450894716
17946.0,233,2,149.57999999999998,10.721612653642028,0.0,18,0.0,1.4057823738086952,-0.29559005205372785,-0.21924843849677564,-0.04381926016630499,0.0,-0.5106751752121748,-0.47247971450894716
17947.0,37,1,176.68,14.760173139604802,0.0,9,0.0,-0.5554283299628942,-0.42596643235245885,-0.21594150869889628,-0.03194469268857419,0.0,-0.6160747016164247,-0.47247971450894716
17948.0,147,1,358.56000000000006,0.0,0.0,1,0.0,0.5452511466436101,-0.42596643235245885,-0.1937472507048633,-0.07534398620873628,0.0,-0.7097631695313136,-0.47247971450894716
17949.0,8,37,51360.24,841.9305578227752,0.0,29,0.0,-0.8456074647046089,4.267583258401856,6.029831174900547,2.4001819481383144,0.0,-0.3818535318292026,-0.47247971450894716
17950.0,72,3,482.2,7.249767808673465,0.0,63,0.0,-0.2052121328608246,-0.1652136717549969,-0.1786598411030256,-0.05402751531738831,0.0,0.016322456809074924,-0.47247971450894716
17951.0,40,3,1008.5400000000001,49.33678728899968,0.0,18,0.0,-0.5254097987827168,-0.1652136717549969,-0.11443218686627984,0.06972082384771462,0.0,-0.5106751752121748,-0.47247971450894716
17954.0,5,12,2314.13,5.621313363427508,0.0,326,0.2348008385744235,-0.8756259958847863,1.0081737509335817,0.044884952425723254,-0.05881565511663014,0.0,3.096330839511045,0.36700525222863756
17955.0,199,4,557.3,35.50395209036717,0.0,14,0.0,1.0655723537666848,-0.03483729145626595,-0.1694956186742161,0.029048179338508295,0.0,-0.5575194091696192,-0.47247971450894716
17956.0,249,1,12.75,0.0,0.0,1,0.0,1.5658812067696413,-0.42596643235245885,-0.235945383302821,-0.07534398620873628,0.0,-0.7097631695313136,-0.47247971450894716
17957.0,66,1,111.68,2.984703187635174,0.0,31,0.0,-0.2652491952211794,-0.42596643235245885,-0.22387325913661424,-0.06656807223499203,0.0,-0.3584314148504804,-0.47247971450894716
17958.0,117,1,508.4599999999999,132.9429789689657,0.0,7,0.0,0.24506583484183622,-0.42596643235245885,-0.17545541392618758,0.31554786249442585,0.0,-0.639496818595147,-0.47247971450894716
17960.0,171,1,73.78,4.0778477732179335,0.0,26,0.0,0.7853993960850292,-0.42596643235245885,-0.2284980797764529,-0.06335390243623909,0.0,-0.41698670729728593,-0.47247971450894716
17961.0,21,39,1296.44,9.175426464201768,0.0,211,0.008032128514056224,-0.7155271629238402,4.528336018999318,-0.0793006337736798,-0.048365506855802515,0.0,1.7495591132345183,-0.4437623931424936
17962.0,142,1,102.41,2.950341304767426,0.0,33,0.0,0.4952202613433145,-0.42596643235245885,-0.22500444877596262,-0.06666910637777464,0.0,-0.3350092978717582,-0.47247971450894716
17964.0,32,2,463.21,5.1684985444393075,0.0,84,0.0,-0.6054592152631898,-0.29559005205372785,-0.18097713250013736,-0.06014706519249284,0.0,0.26225468508565813,-0.47247971450894716
17965.0,38,14,2599.19,5.320684619352426,0.0,274,0.021538461538461538,-0.545422152902835,1.2689265115310437,0.07966994903765992,-0.059699592925577916,0.0,2.4873557980642675,-0.3954731127524418
17966.0,38,5,1098.43,21.002102141430672,0.0,53,0.0,-0.545422152902835,0.09553908884246501,-0.10346318614556495,-0.013591567266530095,0.0,-0.10078812808453612,-0.47247971450894716
17967.0,372,1,112.27,3.1876549129990552,0.0,41,0.0,2.7966409851569147,-0.42596643235245885,-0.22380126324802574,-0.06597133387588318,0.0,-0.24132082995686938,-0.47247971450894716
17968.0,374,1,265.1,2.9094149904095423,0.0,74,0.0,2.8166533392770328,-0.42596643235245885,-0.2051518875650036,-0.06678944189909385,0.0,0.14514410019204707,-0.47247971450894716
17969.0,166,2,228.2,19.697891335798435,0.0,14,0.5,0.7353685107847335,-0.29559005205372785,-0.2096546812750312,-0.01742633444916736,0.0,-0.5575194091696192,1.3151735405527845
17970.0,211,1,562.79,19.642737530312036,0.0,27,0.0,1.1856464784873944,-0.42596643235245885,-0.16882569082955345,-0.01758850302066165,0.0,-0.4052756488079248,-0.47247971450894716
17972.0,242,1,135.19,3.498210856338179,0.0,30,0.0,1.4958379673492275,-0.42596643235245885,-0.22100440601675655,-0.06505820715223781,0.0,-0.3701424733398415,-0.47247971450894716
17973.0,52,1,337.04,13.898556691082643,0.0,15,0.0,-0.4053356740620072,-0.42596643235245885,-0.19637327023439702,-0.034478100989244975,0.0,-0.5458083506802581,-0.47247971450894716
17974.0,25,3,703.99,4.107792193334709,0.0,143,0.0,-0.6755024546836037,-0.1652136717549969,-0.1515954883402338,-0.06326585694614575,0.0,0.9532071359579632,-0.47247971450894716
17975.0,15,13,4483.26,22.527226218244063,0.0,189,0.06143344709897611,-0.775564225284195,1.1385501312323127,0.3095772266867567,-0.009107249444627988,0.0,1.4919158264685741,-0.2528363111566525
17976.0,372,1,321.79,6.362053259695175,0.0,56,0.0,2.7966409851569147,-0.42596643235245885,-0.19823418091401546,-0.05663765978580602,0.0,-0.06565495261645281,-0.47247971450894716
17977.0,29,1,288.14,16.963752799649583,0.0,19,0.0,-0.6354777464433672,-0.42596643235245885,-0.20234038710215713,-0.02546551391764664,0.0,-0.49896411672281366,-0.47247971450894716
17978.0,365,1,300.91999999999996,42.770763024488694,0.0,12,0.0,2.7265977457365005,-0.42596643235245885,-0.20078088293917198,0.05041476208131122,0.0,-0.5809415261483414,-0.47247971450894716
17979.0,36,4,732.41,7.497130890616042,0.0,116,0.0,-0.5654345070229533,-0.03483729145626595,-0.14812748299500386,-0.05330019437760391,0.0,0.6370085567452135,-0.47247971450894716
17980.0,166,3,811.45,30.054747411249743,0.0,23,0.0,0.7353685107847335,-0.1652136717549969,-0.13848247446273884,0.013025898902928667,0.0,-0.45211988276536924,-0.47247971450894716
17984.0,145,1,152.68,3.4486771027258047,0.0,48,1.0,0.5252387925234918,-0.42596643235245885,-0.21887015501436138,-0.06520385110179358,0.0,-0.15934342053134165,3.102826795614516
17985.0,22,1,631.35,19.025930613620076,0.0,20,0.0,-0.7055209858637811,-0.42596643235245885,-0.16045952452170814,-0.019402098577407084,0.0,-0.48725305823345255,-0.47247971450894716
17986.0,56,1,20.8,0.0,0.0,1,0.0,-0.3653109658217707,-0.42596643235245885,-0.23496306651784207,-0.07534398620873628,0.0,-0.7097631695313136,-0.47247971450894716
17987.0,185,1,198.57,10.508481190118623,0.0,13,0.0,0.9254858749258571,-0.42596643235245885,-0.2132703392053325,-0.04444592997948048,0.0,-0.5692304676589803,-0.47247971450894716
17988.0,12,7,201.12,6.62668180966488,0.0,37,0.2894736842105263,-0.8055827564643724,0.3562918494399269,-0.21295917053431432,-0.055859573241337626,0.0,-0.2881650639143138,0.5624774331583712
17990.0,237,3,630.84,10.804924837263618,0.0,27,0.5862068965517241,1.4458070820489317,-0.1652136717549969,-0.1605217582559118,-0.04357429759868461,0.0,-0.4052756488079248,1.6233896190117034
17991.0,225,2,93.35,24.56884714430044,0.0,4,0.0,1.3257329573282222,-0.29559005205372785,-0.22611001276005072,-0.0031042774612520356,0.0,-0.6746299940632302,-0.47247971450894716
17994.0,122,4,674.89,9.521858947988116,0.0,63,0.0,0.2950967201421319,-0.03483729145626595,-0.1551464719977352,-0.0473468924461639,0.0,0.016322456809074924,-0.47247971450894716
17995.0,282,1,76.1,20.435385976291226,0.0,2,0.0,1.8960850497515926,-0.42596643235245885,-0.22821497729929127,-0.015257881134320268,0.0,-0.6980521110419524,-0.47247971450894716
17997.0,74,8,1962.46,17.78139760979586,0.0,133,0.16463414634146342,-0.18519977874070634,0.48666822973865786,0.0019717420190728196,-0.023061395295517418,0.0,0.8360965510643522,0.11613782069430598
17999.0,37,2,380.39,3.7582958592383022,0.0,87,0.0,-0.5554283299628942,-0.29559005205372785,-0.19108340282708816,-0.0642934799858086,0.0,0.29738786055374145,-0.47247971450894716
18001.0,12,2,415.13,8.044054140639773,0.0,56,0.2807017543859649,-0.8055827564643724,-0.29559005205372785,-0.18684418728545246,-0.051692077559712946,0.0,-0.06565495261645281,0.5311150953502706
18004.0,362,1,157.92,3.57059039456583,0.0,32,1.0,2.696579214556323,-0.42596643235245885,-0.2182307339021515,-0.06484538980960333,0.0,-0.3467203563611193,3.102826795614516
18005.0,4,2,226.47,5.056412373985235,0.0,52,0.39622641509433965,-0.8856321729448454,-0.29559005205372785,-0.20986578786360433,-0.0604766318286751,0.0,-0.11249918657389722,0.944151166860727
18006.0,23,1,444.68,22.904088672594636,0.0,21,0.0,-0.695514808803722,-0.42596643235245885,-0.18323829150953605,-0.00799916188234841,0.0,-0.47554199974409145,-0.47247971450894716
18008.0,70,9,2116.19,160.85357817042768,0.0,24,0.0,-0.22522448698094286,0.6170446100373889,0.02073094193892487,0.3976133149529519,0.0,-0.44040882427600814,-0.47247971450894716
18009.0,235,1,247.39,5.679948640537147,0.0,31,0.0,1.4257947279288135,-0.42596643235245885,-0.20731298449195723,-0.05864324998439702,0.0,-0.3584314148504804,-0.47247971450894716
18010.0,257,1,174.8,16.060779133455085,0.0,14,0.0,1.6459306232501143,-0.42596643235245885,-0.21617091932694105,-0.028120524723380398,0.0,-0.5575194091696192,-0.47247971450894716
18011.0,373,1,102.78999999999999,2.6307023978055946,0.0,28,0.0,2.8066471622169735,-0.42596643235245885,-0.22495807854263444,-0.06760893971255295,0.0,-0.3935645903185637,-0.47247971450894716
18013.0,155,2,187.29,5.39327426632727,0.0,31,0.0,0.6253005631240831,-0.29559005205372785,-0.2146468029736011,-0.059486157800814156,0.0,-0.3584314148504804,-0.47247971450894716
18014.0,28,1,162.22,5.548283943044342,0.0,29,0.0,-0.6454839235034263,-0.42596643235245885,-0.217706018103964,-0.059030383305848456,0.0,-0.3818535318292026,-0.47247971450894716
18015.0,4,1,120.03,1.8259042230862101,0.0,46,0.0,-0.8856321729448454,-0.42596643235245885,-0.22285433427269202,-0.06997528541045123,0.0,-0.18276553751006386,-0.47247971450894716
18016.0,32,5,1477.66,8.473052533684985,0.0,90,0.0,-0.6054592152631898,0.09553908884246501,-0.0571869135533221,-0.05043069485076015,0.0,0.33252103602182476,-0.47247971450894716
18017.0,81,3,523.0,8.08290376865476,0.0,1,0.0,-0.11515653932029245,-0.1652136717549969,-0.17368114236673496,-0.05157784811311875,0.0,-0.7097631695313136,-0.47247971450894716
18018.0,108,2,122.14,5.874686659708217,0.0,29,0.0,0.15501024130130406,-0.29559005205372785,-0.2225968574507907,-0.05807066236136548,0.0,-0.3818535318292026,-0.47247971450894716
18019.0,52,1,38.45,3.0784330429619544,0.0,5,0.0,-0.4053356740620072,-0.42596643235245885,-0.23280929120667712,-0.06629247861800291,0.0,-0.6629189355738692,-0.47247971450894716
18022.0,36,1,612.72,3.8153359430752123,0.0,141,0.0,-0.5654345070229533,-0.42596643235245885,-0.16273288622408794,-0.06412576519564733,0.0,0.929785018979241,-0.47247971450894716
18024.0,153,2,389.78,37.37916784851716,0.0,21,1.0,0.6052882090039648,-0.29559005205372785,-0.18993756995616246,0.03456187069780652,0.0,-0.47554199974409145,3.102826795614516
18027.0,99,1,115.31,4.377776724276725,0.0,21,0.0,0.0649546477607719,-0.42596643235245885,-0.22343030138140016,-0.06247202222663178,0.0,-0.47554199974409145,-0.47247971450894716
18030.0,4,2,230.64999999999998,32.31839753831313,0.0,8,0.0,-0.8856321729448454,-0.29559005205372785,-0.20935571529699418,0.019681702690742937,0.0,-0.6277857601057858,-0.47247971450894716
18032.0,334,1,73.5,3.0149626863362657,0.0,5,1.0,2.4164062568746676,-0.42596643235245885,-0.22853224731679997,-0.06647910032026713,0.0,-0.6629189355738692,3.102826795614516
18033.0,65,1,93.82000000000001,1.881193910872303,0.0,32,0.0,-0.27525537228123853,-0.42596643235245885,-0.22605266010303954,-0.06981271730463218,0.0,-0.3467203563611193,-0.47247971450894716
18034.0,22,2,418.68,4.343033857328876,0.0,99,0.0,-0.7055209858637811,-0.29559005205372785,-0.18641099168462322,-0.0625741765757807,0.0,0.4379205624260747,-0.47247971450894716
18035.0,36,3,713.89,19.29156571284615,0.0,44,0.0,-0.5654345070229533,-0.1652136717549969,-0.15038742173510444,-0.018621052479130866,0.0,-0.20618765448878607,-0.47247971450894716
18036.0,32,3,403.12,4.763106639025031,0.0,77,0.0,-0.6054592152631898,-0.1652136717549969,-0.18830973071248308,-0.061339037815535055,0.0,0.18027727566013038,-0.47247971450894716
18037.0,154,6,70.02,4.529988187893666,0.0,19,0.3684210526315789,0.615294386064024,0.22591546914119598,-0.2289569010325424,-0.062024475309385936,0.0,-0.49896411672281366,0.8447384734312761
18040.0,19,2,357.20000000000005,5.207126526854007,0.0,18,0.3684210526315789,-0.7355395170439585,-0.29559005205372785,-0.1939132073294063,-0.060033487449803025,0.0,-0.5106751752121748,0.8447384734312761
18041.0,12,21,4097.37,12.243515138379522,0.0,285,0.1615720524017467,-0.8055827564643724,2.1815611736221605,0.26248825474197224,-0.03934441478207565,0.0,2.61617744144724,0.10518989629702723
18042.0,54,1,165.04999999999998,22.609748213673548,0.0,7,0.0,-0.38532331994188895,-0.42596643235245885,-0.21736068189259874,-0.008864610265016741,0.0,-0.639496818595147,-0.47247971450894716
18043.0,25,3,529.29,3.9305510179042105,0.0,106,0.0,-0.6755024546836037,-0.1652136717549969,-0.17291359297822348,-0.06378699865116594,0.0,0.5198979718516024,-0.47247971450894716
18044.0,4,10,2088.6,8.976947159388997,0.0,88,0.11023622047244094,-0.8856321729448454,0.7474209903361198,0.017364218945438104,-0.04894909496996456,0.0,0.30909891904310255,-0.07835143780242364
18045.0,45,1,178.34,3.2109752954094475,0.0,43,0.0,-0.4753789134824211,-0.42596643235245885,-0.21573894399540997,-0.06590276502430815,0.0,-0.21789871297814717,-0.47247971450894716
18048.0,203,2,172.29000000000002,27.134283796386764,0.0,6,0.0,1.1055970620069213,-0.29559005205372785,-0.21647720692076677,0.004438868355413995,0.0,-0.651207877084508,-0.47247971450894716
18050.0,359,1,74.4,5.454081040835385,0.0,5,0.0,2.666560683376146,-0.42596643235245885,-0.22842242307997002,-0.05930736782118912,0.0,-0.6629189355738692,-0.47247971450894716
18053.0,71,1,300.02,7.205680434651248,0.0,20,0.0,-0.21521830992088373,-0.42596643235245885,-0.2008907071760019,-0.05415714529310921,0.0,-0.48725305823345255,-0.47247971450894716
18055.0,7,10,6761.34,12.447543425135201,0.0,223,0.05307262569832402,-0.855613641764668,0.7474209903361198,0.5875643349507036,-0.03874451101268377,0.0,1.8900918151068515,-0.28272881034038344
18056.0,288,1,363.65,9.224794170353078,0.0,19,0.0,1.9561221121119474,-0.42596643235245885,-0.1931261336321251,-0.048220351135106476,0.0,-0.49896411672281366,-0.47247971450894716
18058.0,10,1,170.16,43.09342409231367,0.0,3,0.0,-0.8255951105844906,-0.42596643235245885,-0.2167371242812643,0.05136348146675604,0.0,-0.6863410525525914,-0.47247971450894716
18059.0,23,3,306.46,9.900048260263965,0.0,17,0.0,-0.695514808803722,-0.1652136717549969,-0.20010485374801878,-0.04623490352744263,0.0,-0.5223862337015359,-0.47247971450894716
18061.0,22,10,2119.41,41.06130590422553,0.0,18,0.0,-0.7055209858637811,0.7474209903361198,0.021123868652916412,0.04538845035578233,0.0,-0.5106751752121748,-0.47247971450894716
18062.0,173,3,720.52,13.900011139801641,0.0,23,0.25925925925925924,0.8054117502051474,-0.1652136717549969,-0.14957838319045721,-0.034473824477969074,0.0,-0.45211988276536924,0.4544516029304692
18064.0,133,2,814.0,94.3635951796989,0.0,7,0.0,0.4051646678027823,-0.29559005205372785,-0.13817130579172068,0.20211301419953642,0.0,-0.639496818595147,-0.47247971450894716
18065.0,6,14,2392.83,5.366525269004107,0.0,110,0.1678832116788321,-0.8656198188247272,1.2689265115310437,0.054488471801852525,-0.0595648077986982,0.0,0.5667422058090468,0.12775422514681672
18066.0,75,1,318.0,16.739772997266126,0.0,10,1.0,-0.1751936016806472,-0.42596643235245885,-0.19869666297799932,-0.026124081069555258,0.0,-0.6043636431270636,3.102826795614516
18067.0,40,1,396.33,9.57959855152649,0.0,36,1.0,-0.5254097987827168,-0.42596643235245885,-0.18913829356590012,-0.04717712086028894,0.0,-0.2998761224036749,3.102826795614516
18068.0,289,1,101.69999999999999,0.0,0.0,1,0.0,1.9661282891720064,-0.42596643235245885,-0.22509108789612847,-0.07534398620873628,0.0,-0.7097631695313136,-0.47247971450894716
18069.0,26,5,2009.24,4.297222857488406,0.0,334,0.4660831509846827,-0.6654962776235446,0.09553908884246501,0.007680161795633532,-0.06270887452340801,0.0,3.190019307425934,1.1939104094654462
18071.0,258,2,453.0,8.366189395417726,0.0,23,0.44,1.6559368003101735,-0.29559005205372785,-0.18222302745350816,-0.050744904220818426,0.0,-0.45211988276536924,1.1006551499453767
18072.0,186,1,247.44,10.213338452873339,0.0,18,0.0,0.9354920519859162,-0.42596643235245885,-0.2073068831454667,-0.045313737298737645,0.0,-0.5106751752121748,-0.47247971450894716
18073.0,114,12,3859.82,71.09856541223331,0.0,23,0.0,0.21504730366165883,1.0081737509335817,0.2335007575653584,0.1337069158371576,0.0,-0.45211988276536924,-0.47247971450894716
18074.0,374,1,489.6,28.25437395229095,0.0,13,0.0,2.8166533392770328,-0.42596643235245885,-0.17775684182242385,0.0077322661350576185,0.0,-0.5692304676589803,-0.47247971450894716
18075.0,23,10,2611.75,9.298274657281187,0.0,97,0.0,-0.695514808803722,0.7474209903361198,0.08120260727608665,-0.0480042966762573,0.0,0.4144984454473525,-0.47247971450894716
18077.0,8,11,2584.41,10.404544330538181,0.0,101,0.3811659192825112,-0.8456074647046089,0.8777973706348507,0.07786639101505263,-0.04475153522095234,0.0,0.4613426794047969,0.8903052781390096
18078.0,217,2,336.13,16.655447613969276,0.0,27,0.0,1.2456835408477491,-0.29559005205372785,-0.19648431474052508,-0.026372022745190515,0.0,-0.4052756488079248,-0.47247971450894716
18079.0,45,4,3613.15,35.822868310839205,0.0,99,0.0,-0.4753789134824211,-0.03483729145626595,0.20340037478886777,0.029985887760333563,0.0,0.4379205624260747,-0.47247971450894716
18080.0,19,2,1231.5,319.25871170572617,0.0,2,0.0,-0.7355395170439585,-0.29559005205372785,-0.08722506259560911,0.8633714615801503,0.0,-0.6980521110419524,-0.47247971450894716
18081.0,36,3,343.45,7.8811593093163355,0.0,14,0.0,-0.5654345070229533,-0.1652136717549969,-0.1955910776143082,-0.05217103675149601,0.0,-0.5575194091696192,-0.47247971450894716
18082.0,26,1,680.84,8.185812960862698,0.0,62,0.0,-0.6654962776235446,-0.42596643235245885,-0.1544204117653595,-0.05127526451898927,0.0,0.00461139831971382,-0.47247971450894716
18084.0,16,1,90.47999999999999,0.0,0.0,1,0.0,-0.7655580482241359,-0.42596643235245885,-0.2264602300486084,-0.07534398620873628,0.0,-0.7097631695313136,-0.47247971450894716
18085.0,330,2,689.95,17.99679569180063,0.0,25,0.0,2.376381548634431,-0.29559005205372785,-0.15330874643478087,-0.02242806095071072,0.0,-0.42869776578664703,-0.47247971450894716
18086.0,274,1,101.34,4.757526368067459,0.0,7,0.0,1.8160356332711196,-0.42596643235245885,-0.22513501759086046,-0.061355445469762356,0.0,-0.639496818595147,-0.47247971450894716
18087.0,98,1,852.8,0.0,0.0,1,0.0,0.054948470700712765,-0.42596643235245885,-0.1334366609150521,-0.07534398620873628,0.0,-0.7097631695313136,-0.47247971450894716
18088.0,61,1,166.03,5.215253082518117,0.0,35,1.0,-0.31528008052147505,-0.42596643235245885,-0.21724109550138393,-0.06000959296216803,0.0,-0.311587180893036,3.102826795614516
18092.0,2,11,9068.26,79.25682534932577,0.0,28,0.0,-0.9056445270649637,0.8777973706348507,0.869070699870401,0.15769462345243118,0.0,-0.3935645903185637,-0.47247971450894716
18093.0,93,4,2106.52,39.480018124503324,0.0,31,0.0,0.004917585400417115,-0.03483729145626595,0.01955094152765205,0.04073899456397535,0.0,-0.3584314148504804,-0.47247971450894716
18094.0,82,7,3017.3,54.685455331785626,0.0,39,0.0,-0.10515036226023332,0.3562918494399269,0.13069062866095624,0.08544749670820609,0.0,-0.2647429469355916,-0.47247971450894716
18095.0,313,2,580.0500000000001,23.43171233301448,0.0,20,0.0,2.2062765386134258,-0.29559005205372785,-0.16671950602101482,-0.006447791590810199,0.0,-0.48725305823345255,-0.47247971450894716
18096.0,12,3,849.06,4.666539520208549,0.0,157,0.0,-0.8055827564643724,-0.1652136717549969,-0.13389304163254542,-0.06162297382998923,0.0,1.1171619548090188,-0.47247971450894716
18097.0,8,6,2662.4,17.872495664451318,0.0,65,0.0,-0.8456074647046089,0.22591546914119598,0.08738327127101612,-0.02279353995427487,0.0,0.03974457378779713,-0.47247971450894716
18099.0,127,1,168.31,7.876676726723647,0.0,19,0.0,0.34512760544242754,-0.42596643235245885,-0.21696287410141474,-0.05218421687586368,0.0,-0.49896411672281366,-0.47247971450894716
18101.0,11,2,222.4,6.512291731007111,0.0,37,0.0,-0.8155889335244315,-0.29559005205372785,-0.21036243746793526,-0.05619591405201161,0.0,-0.2881650639143138,-0.47247971450894716
18102.0,1,60,255000.34,683.0724283070701,0.0,150,0.0,-0.9156507041250228,7.2662400052726674,30.879407364314865,1.9330918587668695,0.0,1.035184545383491,-0.47247971450894716
18104.0,37,1,754.64,10.052318487300731,0.0,38,0.0,-0.5554283299628942,-0.42596643235245885,-0.14541482434530434,-0.0457871838282869,0.0,-0.2764540054249527,-0.47247971450894716
18105.0,38,1,113.48000000000002,10.797543414631392,0.0,18,0.0,-0.545422152902835,-0.42596643235245885,-0.22365361066295436,-0.043596001173865084,0.0,-0.5106751752121748,-0.47247971450894716
18106.0,330,1,421.9,14.452152597959747,0.0,33,0.0,2.376381548634431,-0.42596643235245885,-0.1860180649706317,-0.03285036457810129,0.0,-0.3350092978717582,-0.47247971450894716
18108.0,254,1,271.0,3.5838280552241577,0.0,17,0.0,1.615912092069937,-0.42596643235245885,-0.20443192867911847,-0.06480646715503843,0.0,-0.5223862337015359,-0.47247971450894716
18109.0,2,26,8004.92,28.136154093474058,0.0,119,0.32653061224489793,-0.9056445270649637,2.8334430751158153,0.7393145843251236,0.007384664633084734,0.0,0.6721417322132968,0.6949673092048366
18110.0,20,1,198.8,4.549856447591912,0.0,33,1.0,-0.7255333399838994,-0.42596643235245885,-0.21324227301147597,-0.06196605672403307,0.0,-0.3350092978717582,3.102826795614516
18112.0,12,2,352.69,7.255446643729109,0.0,26,1.0,-0.8055827564643724,-0.29559005205372785,-0.19446354878285413,-0.054010817855434344,0.0,-0.41698670729728593,3.102826795614516
18113.0,369,1,76.32000000000001,0.0,0.0,1,0.0,2.766622453976737,-0.42596643235245885,-0.22818813137473284,-0.07534398620873628,0.0,-0.7097631695313136,-0.47247971450894716
18114.0,290,1,220.1,5.671768245129116,0.0,28,0.0,1.9761344662320657,-0.42596643235245885,-0.2106430994065007,-0.05866730277687216,0.0,-0.3935645903185637,-0.47247971450894716
18116.0,68,8,1403.1100000000001,4.334131249216785,0.0,230,0.2371967654986523,-0.24523684110106111,0.48666822973865786,-0.06628402117073555,-0.0626003528881381,0.0,1.9720692245323792,0.3755714253586129
18117.0,26,1,315.65,4.522500448764674,0.0,68,0.0,-0.6654962776235446,-0.42596643235245885,-0.1989834262630553,-0.06204649148664808,0.0,0.07487774925588045,-0.47247971450894716
18118.0,11,26,5625.08,5.279528744180044,0.0,424,0.17656373713380838,-0.8155889335244315,2.8334430751158153,0.4489100156836048,-0.05982060342388249,0.0,4.244014571468433,0.15878976431728584
18119.0,368,1,180.7,10.600595112953256,0.0,29,0.0,2.756616276916678,-0.42596643235245885,-0.21545096044105588,-0.04417508768402886,0.0,-0.3818535318292026,-0.47247971450894716
18120.0,214,1,111.15,4.745409933944218,0.0,17,0.0,1.2156650096675718,-0.42596643235245885,-0.2239379334094141,-0.06139107138525527,0.0,-0.5223862337015359,-0.47247971450894716
18121.0,149,2,653.3,12.376630875482913,0.0,28,0.0,0.5652635007637283,-0.29559005205372785,-0.15778103341235572,-0.038953014973139695,0.0,-0.3935645903185637,-0.47247971450894716
18122.0,8,6,1793.06,4.405986488377271,0.0,239,0.18207282913165265,-0.8456074647046089,0.22591546914119598,-0.018699619890918326,-0.062389077140503416,0.0,2.077468750936629,0.17848645680204753
18123.0,24,2,574.4399999999999,15.59168411516976,0.0,31,0.0,-0.6855086317436628,-0.29559005205372785,-0.1674040770972548,-0.029499803421188117,0.0,-0.3584314148504804,-0.47247971450894716
18125.0,30,4,1131.75,5.648149934702707,0.0,164,0.24479166666666666,-0.6254715693833081,-0.03483729145626595,-0.09939724884426092,-0.05873674762531338,0.0,1.1991393642345465,0.40272552494835895
18126.0,61,1,200.92000000000002,4.414883097000531,0.0,52,0.0,-0.31528008052147505,-0.42596643235245885,-0.21298357592027653,-0.062362918468425316,0.0,-0.11249918657389722,-0.47247971450894716
18127.0,19,3,347.08,6.5771962074801165,0.0,41,0.8260869565217391,-0.7355395170439585,-0.1652136717549969,-0.1951481198590941,-0.05600507561139289,0.0,-0.24132082995686938,2.481034359071305
18129.0,243,1,112.55000000000001,7.594055837688717,0.0,13,1.0,1.5058441444092865,-0.42596643235245885,-0.22376709570767864,-0.05301520624178412,0.0,-0.5692304676589803,3.102826795614516
18130.0,15,3,1059.39,4.768056296737832,0.0,58,0.0,-0.775564225284195,-0.1652136717549969,-0.10822711748538817,-0.06132448435157021,0.0,-0.0422328356377306,-0.47247971450894716
18135.0,29,5,681.9100000000001,46.77835649719801,0.0,11,0.0,-0.6354777464433672,0.09553908884246501,-0.1542898429504617,0.06219827734136691,0.0,-0.5926525846377025,-0.47247971450894716
18136.0,63,3,784.33,11.75043196143136,0.0,34,0.0,-0.2952677264013568,-0.1652136717549969,-0.1417918447992144,-0.040794225792002606,0.0,-0.3232982393823971,-0.47247971450894716
18138.0,295,1,152.65,14.55325043467217,0.0,8,0.0,2.026165351532361,-0.42596643235245885,-0.2188738158222557,-0.03255310690718935,0.0,-0.6277857601057858,-0.47247971450894716
18139.0,18,6,8438.34,95.6832470165858,0.0,35,0.0,-0.7455456941040176,0.22591546914119598,0.7922034962438271,0.2059931826008001,0.0,-0.311587180893036,-0.47247971450894716
18142.0,157,2,1019.52,63.06398057302034,0.0,9,0.6,0.6453129172442014,-0.29559005205372785,-0.11309233117695457,0.1100828497471724,0.0,-0.6160747016164247,1.6727041915651306
18143.0,117,2,1000.16,5.171987779918706,0.0,59,0.0,0.24506583484183622,-0.29559005205372785,-0.11545477253809641,-0.060136805803710676,0.0,-0.030521777148369494,-0.47247971450894716
18144.0,8,12,2888.75,69.31763942647581,0.0,27,0.0,-0.8456074647046089,1.0081737509335817,0.1150040668337463,0.1284704644173443,0.0,-0.4052756488079248,-0.47247971450894716
18145.0,13,4,2861.55,6.250643485426157,0.0,174,0.37104072398190047,-0.7955765794043133,-0.03483729145626595,0.11168493434288587,-0.056965237616281625,0.0,1.3162499491281574,0.8541046014644645
18146.0,141,2,160.35000000000002,3.4325282227536,0.0,10,0.0,0.48521408428325535,-0.29559005205372785,-0.21793420846271064,-0.06525133360591509,0.0,-0.6043636431270636,-0.47247971450894716
18147.0,46,2,179.33999999999997,10.079821426989664,0.0,7,0.0,-0.465372736422362,-0.29559005205372785,-0.2156169170655989,-0.045706317015889925,0.0,-0.639496818595147,-0.47247971450894716
18149.0,51,3,612.0799999999999,32.36531167778244,0.0,11,0.3125,-0.41534185112206634,-0.1652136717549969,-0.16281098345916703,0.019819644196565196,0.0,-0.5926525846377025,0.6448035699046352
18150.0,32,3,566.58,3.712038123056797,0.0,29,0.3783783783783784,-0.6054592152631898,-0.1652136717549969,-0.16836320876556957,-0.064429491470981,0.0,-0.3818535318292026,0.8803389649972282
18151.0,135,2,653.35,5.351678835511687,0.0,38,0.0,0.4251770219229006,-0.29559005205372785,-0.15777493206586513,-0.05960846072327916,0.0,-0.2764540054249527,-0.47247971450894716
18154.0,3,2,399.19,6.351374579381934,0.0,15,0.0,-0.8956383500049045,-0.29559005205372785,-0.1887892965466405,-0.056669058278014675,0.0,-0.5458083506802581,-0.47247971450894716
18155.0,75,3,371.62,3.5315625908842865,0.0,19,0.24,-0.1751936016806472,-0.1652136717549969,-0.19215357900153104,-0.06496014314558404,0.0,-0.49896411672281366,0.385593847920684
18156.0,13,2,675.64,4.965657037804561,0.0,100,1.0,-0.7955765794043133,-0.29559005205372785,-0.15505495180037693,-0.06074347947579772,0.0,0.4496316209154358,3.102826795614516
18158.0,9,2,453.4,5.659525751249416,0.0,24,0.0,-0.8356012876445498,-0.29559005205372785,-0.18217421668158376,-0.058703299345494946,0.0,-0.44040882427600814,-0.47247971450894716
18159.0,301,1,530.15,33.18929865867228,0.0,23,0.0,2.086202413892716,-0.42596643235245885,-0.17280864981858599,0.022242410684613852,0.0,-0.45211988276536924,-0.47247971450894716
18160.0,57,2,638.0600000000001,3.568789378042827,0.0,37,0.0,-0.35530478876171157,-0.29559005205372785,-0.15964072382267602,-0.06485068533317051,0.0,-0.2881650639143138,-0.47247971450894716
18161.0,15,5,1618.69,9.679877894897567,0.0,49,0.0,-0.775564225284195,0.09553908884246501,-0.03997745564207034,-0.04688226980293291,0.0,-0.14763236204198055,-0.47247971450894716
18164.0,37,1,399.65000000000003,4.721941364907361,0.0,24,0.0,-0.5554283299628942,-0.42596643235245885,-0.18873316415892744,-0.06146007594953072,0.0,-0.44040882427600814,-0.47247971450894716
18165.0,177,1,302.46000000000004,44.17367949356269,0.0,10,0.0,0.8454364584453841,-0.42596643235245885,-0.20059296146726296,0.054539753234852786,0.0,-0.6043636431270636,-0.47247971450894716
18167.0,23,3,1384.8600000000001,16.063205395174638,0.0,24,0.0,-0.695514808803722,-0.1652136717549969,-0.06851101263978714,-0.02811339079320711,0.0,-0.44040882427600814,-0.47247971450894716
18168.0,176,6,1160.04,7.304389415594242,0.0,97,0.0,0.8354302813853249,0.22591546914119598,-0.09594510699990644,-0.0538669115677658,0.0,0.4144984454473525,-0.47247971450894716
18169.0,61,1,202.65,16.045014802112213,0.0,9,0.0,-0.31528008052147505,-0.42596643235245885,-0.2127724693317034,-0.02816687654030202,0.0,-0.6160747016164247,-0.47247971450894716
18170.0,33,3,980.31,20.111564971188276,0.0,29,0.21052631578947367,-0.5954530382031307,-0.1652136717549969,-0.11787700709484568,-0.016210011079920154,0.0,-0.3818535318292026,0.2802163928854661
18171.0,59,5,1231.31,13.005588113856353,0.0,43,0.0,-0.3352924346415933,0.09553908884246501,-0.08724824771227321,-0.037103693861413885,0.0,-0.21789871297814717,-0.47247971450894716
18172.0,15,20,7561.68,54.79123475222802,0.0,100,0.0,-0.775564225284195,2.0511847933234293,0.6852273679556758,0.08575851962594234,0.0,0.4496316209154358,-0.47247971450894716
18173.0,87,4,2106.84,52.24098767364836,0.0,23,0.0,-0.055119476959937665,-0.03483729145626595,0.019589990145191603,0.07826003566742844,0.0,-0.45211988276536924,-0.47247971450894716
18174.0,7,1,104.0,0.0,0.0,1,0.0,-0.855613641764668,-0.42596643235245885,-0.2248104259575631,-0.07534398620873628,0.0,-0.7097631695313136,-0.47247971450894716
18176.0,358,1,476.35,5.288857567359525,0.0,30,0.0,2.6565545063160867,-0.42596643235245885,-0.17937369864242023,-0.059793173912620345,0.0,-0.3701424733398415,-0.47247971450894716
18177.0,31,6,1340.8700000000001,11.859513604595895,0.0,53,0.0,-0.6154653923232489,0.22591546914119598,-0.07387897728217503,-0.04047349335854242,0.0,-0.10078812808453612,-0.47247971450894716
18178.0,129,4,1590.81,4.859653085793385,0.0,80,0.0,0.3651399595625458,-0.03483729145626595,-0.04337956644520231,-0.061055162583043,0.0,0.2154104511282137,-0.47247971450894716
18179.0,9,6,1793.17,21.804001122072435,0.0,86,0.0,-0.8356012876445498,0.22591546914119598,-0.018686196928639095,-0.011233746060421773,0.0,0.28567680206438034,-0.47247971450894716
18180.0,5,6,1843.75,6.476330550491604,0.0,108,0.0,-0.8756259958847863,0.22591546914119598,-0.012514074818796414,-0.05630165060494786,0.0,0.5433200888303246,-0.47247971450894716
18181.0,24,1,366.85,5.770508981228522,0.0,40,0.0,-0.6855086317436628,-0.42596643235245885,-0.19273564745672972,-0.05837697568193608,0.0,-0.2530318884462305,-0.47247971450894716
18183.0,227,2,632.07,5.331221386462156,0.0,36,0.0,1.3457453114483404,-0.29559005205372785,-0.1603716651322442,-0.05966861170034272,0.0,-0.2998761224036749,-0.47247971450894716
18184.0,15,1,49.8,0.0,0.0,1,0.0,-0.775564225284195,-0.42596643235245885,-0.23142428555332176,-0.07534398620873628,0.0,-0.7097631695313136,-0.47247971450894716
18185.0,249,1,304.25,7.067873411346834,0.0,17,0.0,1.5658812067696413,-0.42596643235245885,-0.2003745332629012,-0.05456233887701647,0.0,-0.5223862337015359,-0.47247971450894716
18188.0,15,3,2001.04,33.05318593848563,0.0,63,0.0,-0.775564225284195,-0.1652136717549969,0.006679540971182952,0.021842198855163315,0.0,0.016322456809074924,-0.47247971450894716
18189.0,78,2,1090.24,4.914393741575295,0.0,65,0.0,-0.14517507050046982,-0.29559005205372785,-0.10446258670071742,-0.06089420879440546,0.0,0.03974457378779713,-0.47247971450894716
18190.0,192,2,284.46000000000004,5.680871160557784,0.0,14,0.0,0.995529114346271,-0.29559005205372785,-0.20278944620386177,-0.058640537501503,0.0,-0.5575194091696192,-0.47247971450894716
18191.0,262,1,207.79999999999998,8.210446307688064,0.0,7,0.0,1.69596150855041,-0.42596643235245885,-0.21214403064317655,-0.0512028351620199,0.0,-0.639496818595147,-0.47247971450894716
18192.0,72,1,957.97,15.044272285021254,0.0,45,0.0,-0.2052121328608246,-0.42596643235245885,-0.12060308870682443,-0.031109356809777992,0.0,-0.19447659599942496,-0.47247971450894716
18193.0,165,1,243.76,5.572483587533779,0.0,16,0.0,0.7253623337246744,-0.42596643235245885,-0.20775594224717134,-0.05895922916257743,0.0,-0.534097292190897,-0.47247971450894716
18194.0,82,1,973.8399999999999,76.16040616138194,0.0,7,1.0,-0.10515036226023332,-0.42596643235245885,-0.11866652133072314,0.14859023125269077,0.0,-0.639496818595147,3.102826795614516
18196.0,95,2,686.63,5.178317457650839,0.0,131,0.0,0.024929939520535373,-0.29559005205372785,-0.15371387584175356,-0.06011819467095589,0.0,0.81267443408563,-0.47247971450894716
18198.0,4,17,5425.56,49.644769221761145,0.0,81,0.012578616352201259,-0.8856321729448454,1.6600556524272365,0.42456320264770503,0.07062638221565525,0.0,0.2271215096175748,-0.42750730557657657
18200.0,106,1,150.35,4.1982262948760285,0.0,29,0.0,0.1349978871811858,-0.42596643235245885,-0.21915447776082111,-0.06299995382428515,0.0,-0.3818535318292026,-0.47247971450894716
18202.0,200,3,1396.99,8.084089983714536,0.0,55,0.0,1.075578530826744,-0.1652136717549969,-0.06703082598117917,-0.051574360288479414,0.0,-0.07736601110581391,-0.47247971450894716
18203.0,157,1,160.42000000000002,11.458718200872974,0.0,19,0.0,0.6453129172442014,-0.42596643235245885,-0.21792566657762388,-0.04165195090122735,0.0,-0.49896411672281366,-0.47247971450894716
18204.0,71,3,1975.35,10.084028202019422,0.0,159,0.0,-0.21521830992088373,-0.1652136717549969,0.0035446691443371827,-0.04569394784768553,0.0,1.140584071787741,-0.47247971450894716
18205.0,36,2,517.36,6.949064917368844,0.0,30,0.0,-0.5654345070229533,-0.29559005205372785,-0.17436937425086926,-0.05491167114121626,0.0,-0.3701424733398415,-0.47247971450894716
18209.0,29,1,139.10000000000002,3.5501257522998904,0.0,8,0.0,-0.6354777464433672,-0.42596643235245885,-0.22052728072119537,-0.06490556193685985,0.0,-0.6277857601057858,-0.47247971450894716
18210.0,2,6,2621.38,9.28938028045132,0.0,109,0.0,-0.9056445270649637,0.22591546914119598,0.08237772661016703,-0.04803044878619987,0.0,0.5550311473196857,-0.47247971450894716
18211.0,26,5,600.07,9.755364017791871,0.0,37,0.19047619047619047,-0.6654962776235446,0.09553908884246501,-0.16427652688619768,-0.046660318178571636,0.0,-0.2881650639143138,0.20853104932409344
18212.0,326,1,216.07,6.061452096251485,0.0,30,0.0,2.3363568403941946,-0.42596643235245885,-0.2111348679336392,-0.05752151649950471,0.0,-0.3701424733398415,-0.47247971450894716
18213.0,237,1,232.48000000000002,5.390523254043243,0.0,15,1.0,1.4458070820489317,-0.42596643235245885,-0.20913240601543995,-0.05949424659411372,0.0,-0.5458083506802581,3.102826795614516
18215.0,89,1,299.34000000000003,10.270402084356729,0.0,13,1.0,-0.035107122839819406,-0.42596643235245885,-0.20097368548827343,-0.045145953271500935,0.0,-0.5692304676589803,3.102826795614516
18216.0,31,1,481.75,5.880383203107143,0.0,26,0.0,-0.6154653923232489,-0.42596643235245885,-0.1787147532214406,-0.05805391283162203,0.0,-0.41698670729728593,-0.47247971450894716
18217.0,29,2,621.75,8.765195015281403,0.0,27,0.0,-0.6354777464433672,-0.29559005205372785,-0.1616309830478942,-0.049571709174332575,0.0,-0.4052756488079248,-0.47247971450894716
18218.0,211,2,641.92,39.42614806925662,0.0,17,0.0,1.1856464784873944,-0.29559005205372785,-0.15916969987360544,0.04058060059952205,0.0,-0.5223862337015359,-0.47247971450894716
18219.0,3,10,2069.77,7.050167111733525,0.0,58,0.0,-0.8956383500049045,0.7474209903361198,0.015066451857096121,-0.05461440065751225,0.0,-0.0422328356377306,-0.47247971450894716
18220.0,227,1,305.28000000000003,0.0,0.0,2,0.0,1.3457453114483404,-0.42596643235245885,-0.2002488455251958,-0.07534398620873628,0.0,-0.6980521110419524,-0.47247971450894716
18221.0,22,5,1041.61,6.450615571016433,0.0,59,0.0,-0.7055209858637811,0.09553908884246501,-0.11039675629742858,-0.05637726028320517,0.0,-0.030521777148369494,-0.47247971450894716
18222.0,93,1,443.0,11.433132804747531,0.0,19,0.0,0.004917585400417115,-0.42596643235245885,-0.1834432967516186,-0.04172717956594391,0.0,-0.49896411672281366,-0.47247971450894716
18223.0,5,14,6484.54,17.005892465523452,0.0,116,0.08455882352941177,-0.8756259958847863,1.2689265115310437,0.5537872807790061,-0.025341610782445984,0.0,0.6370085567452135,-0.17015600225586017
18224.0,264,1,158.95000000000002,3.742581551104353,0.0,10,0.0,1.7159738626705283,-0.42596643235245885,-0.21810504616444612,-0.06433968471963665,0.0,-0.6043636431270636,-0.47247971450894716
18225.0,3,12,5504.96,16.32156330159246,0.0,150,0.07806691449814127,-0.8956383500049045,1.0081737509335817,0.434252140874702,-0.02735374180346756,0.0,1.035184545383491,-0.1933665668784909
18226.0,44,11,5228.05,13.443341580131587,0.0,141,0.15289256198347106,-0.48538509054248025,0.8777973706348507,0.4004616637407254,-0.035816568636482006,0.0,0.929785018979241,0.07415805770001208
18227.0,218,1,93.75,6.229967897188556,0.0,5,0.0,1.2556897179078084,-0.42596643235245885,-0.2260612019881263,-0.05702602998735605,0.0,-0.6629189355738692,-0.47247971450894716
18228.0,57,2,779.9,13.631995156763479,0.0,23,0.0,-0.35530478876171157,-0.29559005205372785,-0.14233242409827734,-0.03526187108189119,0.0,-0.45211988276536924,-0.47247971450894716
18229.0,12,20,7276.900000000001,40.77111211955727,0.0,66,0.18902439024390244,-0.8055827564643724,2.0511847933234293,0.6504765388840863,0.04453519442718138,0.0,0.051455632277158235,0.2033404185021953
18230.0,9,7,2810.2000000000003,30.156927579574017,0.0,32,0.11627906976744186,-0.8356012876445498,0.3562918494399269,0.10541885149708868,0.013326338950284608,0.0,-0.3467203563611193,-0.05674639937831189
18231.0,192,5,2071.77,10.895787670674125,0.0,106,0.0,0.995529114346271,0.09553908884246501,0.015310505716718213,-0.043307133877774365,0.0,0.5198979718516024,-0.47247971450894716
18232.0,82,4,592.97,5.824822530129782,0.0,31,0.0,-0.10515036226023332,-0.03483729145626595,-0.16514291808785608,-0.0582172777143992,0.0,-0.3584314148504804,-0.47247971450894716
18233.0,326,1,440.0,0.0,0.0,1,0.0,2.3363568403941946,-0.42596643235245885,-0.18380937754105175,-0.07534398620873628,0.0,-0.7097631695313136,-0.47247971450894716
18235.0,72,3,1796.48,9.850630388156015,0.0,100,0.0,-0.2052121328608246,-0.1652136717549969,-0.018282287790964538,-0.04638020675095293,0.0,0.4496316209154358,-0.47247971450894716
18236.0,30,6,882.24,6.687098001141508,0.0,42,0.0,-0.6254715693833081,0.22591546914119598,-0.1298441881014149,-0.05568193169184733,0.0,-0.22960977146750827,-0.47247971450894716
18237.0,3,5,987.1,5.500773830311554,0.0,40,0.0,-0.8956383500049045,0.09553908884246501,-0.11704844424142867,-0.05917007715009841,0.0,-0.2530318884462305,-0.47247971450894716
18239.0,219,5,1561.6100000000001,7.993373672108947,0.0,80,0.0,1.2656958949678674,0.09553908884246501,-0.04694275279568482,-0.05184109319175908,0.0,0.2154104511282137,-0.47247971450894716
18240.0,46,1,422.58,113.5196458768261,0.0,6,0.0,-0.465372736422362,-0.42596643235245885,-0.18593508665836017,0.25843749352837364,0.0,-0.651207877084508,-0.47247971450894716
18241.0,10,17,2073.09,8.224788003673844,0.0,60,0.0,-0.8255951105844906,1.6600556524272365,0.015471581264068814,-0.05116066631564007,0.0,-0.01881071865900839,-0.47247971450894716
18242.0,72,4,2232.4900000000002,28.639432602332576,0.0,72,0.0,-0.2052121328608246,-0.03483729145626595,0.0349226738759495,0.008864452947337877,0.0,0.12172198321332486,-0.47247971450894716
18245.0,7,7,2567.06,6.989113658683063,0.0,153,0.15428571428571428,-0.855613641764668,0.3562918494399269,0.07574922378283101,-0.05479391594532732,0.0,1.0703177208515744,0.07913900419581572
18246.0,24,2,596.1,82.39872066158956,0.0,3,0.0,-0.6855086317436628,-0.29559005205372785,-0.1647609737975475,0.16693272896629432,0.0,-0.6863410525525914,-0.47247971450894716
18248.0,123,2,804.02,10.91554059813307,0.0,39,0.0,0.305102897202191,-0.29559005205372785,-0.13938913455123492,-0.04324905440346434,0.0,-0.2647429469355916,-0.47247971450894716
18249.0,17,1,95.34,3.5760542900960393,0.0,8,0.0,-0.7555518711640767,-0.42596643235245885,-0.22586717916972673,-0.06482932433370164,0.0,-0.6277857601057858,-0.47247971450894716
18250.0,310,1,349.27,5.159605235914488,0.0,21,0.0,2.176258007433248,-0.42596643235245885,-0.19488088088280792,-0.06017321416130124,0.0,-0.47554199974409145,-0.47247971450894716
18251.0,87,1,4314.72,139.9982045599157,0.0,16,0.0,-0.055119476959937665,-0.42596643235245885,0.28901080793640305,0.33629232147716087,0.0,-0.534097292190897,-0.47247971450894716
18252.0,51,2,518.27,6.01046590923883,0.0,90,0.0,-0.41534185112206634,-0.29559005205372785,-0.1742583297447412,-0.05767143103470069,0.0,0.33252103602182476,-0.47247971450894716
18255.0,89,1,103.3,7.417119836342587,0.0,6,1.0,-0.035107122839819406,-0.42596643235245885,-0.2248958448084308,-0.05353545064434471,0.0,-0.651207877084508,3.102826795614516
18257.0,39,8,2337.63,10.758100855027967,0.0,97,0.0,-0.5354159758427759,0.48666822973865786,0.04775258527628282,-0.04371197401545882,0.0,0.4144984454473525,-0.47247971450894716
18259.0,25,3,2338.6000000000004,34.60732502538026,0.0,27,0.0,-0.6755024546836037,-0.1652136717549969,0.04787095139819957,0.026411829425574268,0.0,-0.4052756488079248,-0.47247971450894716
18260.0,173,6,2628.35,11.231745173188905,0.0,86,0.19548872180451127,0.8054117502051474,0.22591546914119598,0.08322825431094999,-0.04231931902465334,0.0,0.28567680206438034,0.2264523852144366
18261.0,43,2,324.24,2.8199734041299043,0.0,19,0.0,-0.4953912676025394,-0.29559005205372785,-0.19793521493597838,-0.06705242673125977,0.0,-0.49896411672281366,-0.47247971450894716
18262.0,140,1,149.48,4.614531117664874,0.0,13,0.0,0.4752079072231962,-0.42596643235245885,-0.21926064118975672,-0.06177589398249417,0.0,-0.5692304676589803,-0.47247971450894716
18263.0,26,3,1213.1599999999999,9.937649808473175,0.0,59,0.0,-0.6654962776235446,-0.1652136717549969,-0.08946303648834371,-0.04612434380621786,0.0,-0.030521777148369494,-0.47247971450894716
18265.0,72,2,801.51,5.24194644768396,0.0,44,0.0,-0.2052121328608246,-0.29559005205372785,-0.13969542214506064,-0.05993110653935198,0.0,-0.20618765448878607,-0.47247971450894716
18268.0,134,1,25.5,0.0,0.0,1,0.0,0.41517084486284145,-0.42596643235245885,-0.23438953994773015,-0.07534398620873628,0.0,-0.7097631695313136,-0.47247971450894716
18269.0,366,1,168.6,7.784049625447447,0.0,7,0.0,2.7366039227965597,-0.42596643235245885,-0.21692748629176956,-0.05245656806837247,0.0,-0.639496818595147,-0.47247971450894716
18270.0,38,2,283.15,12.67806803463797,0.0,11,0.0,-0.545422152902835,-0.29559005205372785,-0.20294930148191426,-0.03806670018371817,0.0,-0.5926525846377025,-0.47247971450894716
18272.0,3,6,3078.58,8.024890399368038,0.0,99,0.0,-0.8956383500049045,0.22591546914119598,0.13816843891977706,-0.051748424651615596,0.0,0.4379205624260747,-0.47247971450894716
18273.0,2,3,204.0,29.444863728670914,0.0,1,0.3333333333333333,-0.9056445270649637,-0.1652136717549969,-0.21260773297645852,0.01123265971101329,0.0,-0.7097631695313136,0.7192891221988739
18274.0,30,1,175.92,3.094233639882712,0.0,11,0.0,-0.6254715693833081,-0.42596643235245885,-0.21603424916555267,-0.06624602016950966,0.0,-0.5926525846377025,-0.47247971450894716
18276.0,44,1,335.86,22.78462605827413,0.0,14,0.0,-0.48538509054248025,-0.42596643235245885,-0.19651726201157405,-0.008350417454660777,0.0,-0.5575194091696192,-0.47247971450894716
18277.0,58,1,110.38,4.558335379123768,0.0,8,0.0,-0.34529861170165244,-0.42596643235245885,-0.22403189414536862,-0.06194112614667412,0.0,-0.6277857601057858,-0.47247971450894716
18278.0,74,1,173.9,6.561779060928862,0.0,9,0.0,-0.18519977874070634,-0.42596643235245885,-0.21628074356377097,-0.05605040660189638,0.0,-0.6160747016164247,-0.47247971450894716
18280.0,278,1,180.60000000000002,3.3803188541253855,0.0,10,0.0,1.8560603415113561,-0.42596643235245885,-0.21546316313403696,-0.06540484465840529,0.0,-0.6043636431270636,-0.47247971450894716
18281.0,181,1,80.82,6.1104442204661815,0.0,7,1.0,0.8854611666856206,-0.42596643235245885,-0.22763901019058314,-0.05737746510126842,0.0,-0.639496818595147,3.102826795614516
18282.0,8,2,178.05,5.85357874218064,0.0,12,0.0,-0.8456074647046089,-0.29559005205372785,-0.21577433180505515,-0.05813272590897527,0.0,-0.5809415261483414,-0.47247971450894716
18283.0,4,16,2045.53,2.5890788058003325,0.0,263,0.06102635228848821,-0.8856321729448454,1.5296792721285057,0.012108519078476375,-0.06773132543728086,0.0,2.3585341546812955,-0.25429179988282735
18287.0,43,3,1837.28,19.75176084924994,0.0,59,0.4142857142857143,-0.4953912676025394,-0.1652136717549969,-0.013303589054673883,-0.017267942077752885,0.0,-0.030521777148369494,1.0087186968279165
