InvoiceNo,StockCode,Description,Quantity,InvoiceDate,UnitPrice,CustomerID,Country
577258,23290,SPACEBOY CHILDRENS BOWL,1,2011-11-18 12:27:00,-15.5,16764.0,United Kingdom
581021,22465,HANGING METAL STAR LANTERN,12,2011-12-07 10:24:00,-15.5,14769.0,United Kingdom
571565,22130,PARTY CONE CHRISTMAS DECORATION ,12,2011-10-18 10:18:00,-15.5,12720.0,Germany
561885,21847,GREEN  DIAMANTE PEN IN GIFT BOX,1,2011-07-31 13:13:00,-15.5,15532.0,United Kingdom
552191,22968,ROSE COTTAGE KEEPSAKE BOX ,2,2011-05-06 14:12:00,-15.5,16832.0,United Kingdom
547871,20713,JUMBO BAG OWLS,3,2011-03-27 14:28:00,PRECIO_INVALIDO,16931.0,United Kingdom
574260,22423,REGENCY CAKESTAND 3 TIER,4,2011-11-03 13:58:00,PRECIO_INVALIDO,13014.0,United Kingdom
560878,22413,METAL SIGN TAKE IT OR LEAVE IT ,2,2011-07-21 15:16:00,PRECIO_INVALIDO,14410.0,United Kingdom
568185,21329,DINOSAURS  WRITING SET ,1,2011-09-25 14:08:00,PRECIO_INVALIDO,16594.0,United Kingdom
569220,22411,JUMBO SHOPPER VINTAGE RED PAISLEY,1,2011-10-02 13:26:00,PRECIO_INVALIDO,16007.0,United Kingdom
576599,23367,SET 12 COLOUR PENCILS SPACEBOY ,-50,2011-11-15 15:06:00,0.65,14544.0,United Kingdom
563946,85049G,CHOCOLATE BOX RIBBONS ,-50,2011-08-22 10:15:00,1.25,17527.0,United Kingdom
576933,23206,LUNCH BAG APPLE DESIGN,-50,2011-11-17 11:29:00,1.65,15529.0,United Kingdom
565226,22624,IVORY KITCHEN SCALES,-50,2011-09-02 08:50:00,8.5,16992.0,United Kingdom
580404,23367,SET 12 COLOUR PENCILS SPACEBOY ,-50,2011-12-04 12:01:00,0.65,13596.0,United Kingdom
578999,20846,ZINC HEART LATTICE T-LIGHT HOLDER,4,2005-01-01 10:00:00,1.25,17595.0,United Kingdom
537404,85099C,JUMBO  BAG BAROQUE BLACK WHITE,3,2005-01-01 10:00:00,1.95,17191.0,United Kingdom
555591,79321,CHILLI LIGHTS,4,2005-01-01 10:00:00,5.75,15073.0,United Kingdom
572703,23266,SET OF 3 WOODEN STOCKING DECORATION,2,2005-01-01 10:00:00,1.25,16110.0,United Kingdom
562444,21917,SET 12 KIDS  WHITE CHALK STICKS,12,2005-01-01 10:00:00,0.42,14713.0,United Kingdom
550196,22236,CAKE STAND 3 TIER MAGIC GARDEN,1,2011-04-15 10:09:00,12.75,,United Kingdom
574253,22045,SPACEBOY GIFT WRAP,25,2011-11-03 13:30:00,0.42,,United Kingdom
550637,23206,LUNCH BAG APPLE DESIGN,4,2011-04-19 15:39:00,1.65,,United Kingdom
550202,23008,DOLLY GIRL BABY GIFT SET,1,2011-04-15 10:27:00,16.95,,United Kingdom
578323,23321,SMALL WHITE HEART OF WICKER,3,2011-11-23 17:19:00,1.65,,United Kingdom
574544,22199,FRYING PAN RED RETROSPOT,4,2011-11-04 14:49:00,4.25,,United Kingdom
566634,21165,BEWARE OF THE CAT METAL SIGN ,24,2011-09-14 10:42:00,1.69,,United Kingdom
568103,21242,RED RETROSPOT PLATE ,8,2011-09-23 15:45:00,1.69,,Germany
537852,22563,HAPPY STENCIL CRAFT,4,2010-12-08 15:56:00,1.25,,United Kingdom
538069,84535B,FAIRY CAKES NOTEBOOK A6 SIZE,3,2010-12-09 14:08:00,0.65,,United Kingdom
568049,23366,SET 12 COLOURING PENCILS DOILY,1,2011-09-23 12:38:00,0.65,17841.0,United Kingdom
572219,85099B,JUMBO BAG RED RETROSPOT,2,2011-10-21 13:17:00,2.08,17463.0,United Kingdom
556481,22673,FRENCH GARDEN SIGN BLUE METAL,2,2011-06-12 13:00:00,1.25,16115.0,United Kingdom
547511,23054,RECYCLED ACAPULCO MAT LAVENDER,2,2011-03-23 13:44:00,8.25,17411.0,United Kingdom
580640,23322,LARGE WHITE HEART OF WICKER,2,2011-12-05 12:51:00,2.95,16910.0,United Kingdom
574312,23570,TRADITIONAL PICK UP STICKS GAME ,1,2011-11-03 17:39:00,1.25,17221.0,United Kingdom
540349,21934,SKULL SHOULDER BAG,10,2011-01-06 14:07:00,1.65,15379.0,United Kingdom
575510,22549,PICTURE DOMINOES,72,2011-11-10 10:33:00,1.25,14646.0,Netherlands
560392,16161U,WRAP SUKI AND FRIENDS,50,2011-07-18 13:30:00,0.42,13911.0,United Kingdom
549522,22560,TRADITIONAL MODELLING CLAY,24,2011-04-08 15:34:00,1.25,16873.0,United Kingdom
561224,21929,JUMBO BAG PINK VINTAGE PAISLEY,100,2011-07-26 09:55:00,1.79,13629.0,United Kingdom
576339,22623,BOX OF VINTAGE JIGSAW BLOCKS ,1,2011-11-14 15:27:00,12.46,14096.0,United Kingdom
537392,22367,CHILDRENS APRON SPACEBOY DESIGN,2,2010-12-06 13:58:00,1.95,17068.0,United Kingdom
564351,21977,PACK OF 60 PINK PAISLEY CAKE CASES,120,2011-08-24 14:59:00,0.42,13881.0,United Kingdom
551414,22170,PICTURE FRAME WOOD TRIPLE PORTRAIT,4,2011-04-28 13:35:00,6.75,15622.0,United Kingdom
566307,23319,BOX OF 6 MINI 50'S CRACKERS,6,2011-09-12 09:37:00,2.49,14307.0,United Kingdom
562537,22142,CHRISTMAS CRAFT WHITE FAIRY ,6,2011-08-05 15:02:00,1.45,12517.0,Germany
567846,21429,RED GINGHAM ROSE JEWELLERY BOX,8,2011-09-22 13:13:00,1.95,13486.0,United Kingdom
540348,22084,PAPER CHAIN KIT EMPIRE,6,2011-01-06 13:56:00,2.95,12841.0,United Kingdom
547358,84558A,3D DOG PICTURE PLAYING CARDS,2,2011-03-22 12:25:00,2.95,15998.0,United Kingdom
579559,23210,WHITE ROCKING HORSE HAND PAINTED,1,2011-11-30 11:30:00,1.25,16764.0,United Kingdom
538863,21248,DOOR HANGER  MUM + DADS ROOM,1,2010-12-14 14:15:00,1.45,16919.0,United Kingdom
547884,21982,PACK OF 12 SUKI TISSUES ,24,2011-03-28 09:07:00,0.29,13481.0,United Kingdom
552262,22440,BALLOON WATER BOMB PACK OF 35,20,2011-05-08 11:37:00,0.42,14911.0,EIRE
547086,23052,RECYCLED ACAPULCO MAT TURQUOISE,8,2011-03-20 15:46:00,8.25,12428.0,Finland
570885,22386,JUMBO BAG PINK POLKADOT,10,2011-10-13 10:20:00,2.08,14211.0,United Kingdom
550994,20726,LUNCH BAG WOODLAND,3,2011-04-21 19:55:00,1.65,14562.0,United Kingdom
556502,48188,DOORMAT WELCOME PUPPIES,2,2011-06-13 08:43:00,7.95,13761.0,United Kingdom
545590,22957,SET 3 PAPER VINTAGE CHICK PAPER EGG,6,2011-03-04 10:24:00,2.95,15220.0,United Kingdom
570216,22938,CUPCAKE LACE PAPER SET 6,8,2011-10-09 12:04:00,1.95,14595.0,United Kingdom
536821,21494,ROTATING LEAVES T-LIGHT HOLDER,3,2010-12-02 17:17:00,1.25,17757.0,United Kingdom
549577,22983,CARD BILLBOARD FONT,12,2011-04-11 08:16:00,0.42,14286.0,United Kingdom
580256,23126,FELTCRAFT GIRL AMELIE KIT,1,2011-12-02 12:24:00,4.95,14688.0,United Kingdom
558563,22855,FINE WICKER HEART ,12,2011-06-30 13:43:00,1.25,14561.0,United Kingdom
566760,84016,FLAG OF ST GEORGE CAR FLAG,25,2011-09-14 16:36:00,0.42,15272.0,United Kingdom
566629,23397,FOOT STOOL HOME SWEET HOME ,2,2011-09-14 10:32:00,9.95,15622.0,United Kingdom
581173,22737,RIBBON REEL CHRISTMAS PRESENT ,1,2011-12-07 15:07:00,1.65,17870.0,United Kingdom
562564,22149,FELTCRAFT 6 FLOWER FRIENDS,20,2011-08-07 10:43:00,2.1,15058.0,United Kingdom
571433,23039,T-LIGHT HOLDER SILVER HEART HANDLE,12,2011-10-17 13:19:00,1.95,13015.0,United Kingdom
562603,22966,GINGERBREAD MAN COOKIE CUTTER,3,2011-08-08 10:40:00,1.25,17870.0,United Kingdom
547047,47566,PARTY BUNTING,60,2011-03-20 11:46:00,4.15,14258.0,United Kingdom
566281,21174,POTTERING IN THE SHED METAL SIGN,12,2011-09-11 14:15:00,2.08,12748.0,United Kingdom
550302,C2,CARRIAGE,1,2011-04-17 10:17:00,50.0,14156.0,EIRE
550185,22090,PAPER BUNTING RETROSPOT,6,2011-04-14 18:22:00,2.95,17142.0,United Kingdom
561693,22619,SET OF 6 SOLDIER SKITTLES,4,2011-07-29 09:48:00,3.75,15120.0,United Kingdom
560601,20711,JUMBO BAG TOYS ,1,2011-07-19 17:17:00,2.08,16764.0,United Kingdom
580893,23579,SNACK TRAY I LOVE LONDON,1,2011-12-06 12:38:00,1.95,17290.0,United Kingdom
577507,23084,RABBIT NIGHT LIGHT,5,2011-11-20 12:42:00,2.08,14710.0,United Kingdom
543007,22460,EMBOSSED GLASS TEALIGHT HOLDER,12,2011-02-02 12:54:00,1.25,13894.0,United Kingdom
556484,23299,FOOD COVER WITH BEADS SET 2 ,2,2011-06-12 13:17:00,3.75,16938.0,United Kingdom
561453,21903,MAN FLU METAL SIGN,12,2011-07-27 11:47:00,2.1,13183.0,United Kingdom
551056,22436,12 COLOURED PARTY BALLOONS,10,2011-04-26 11:51:00,0.65,16442.0,United Kingdom
581467,21790,VINTAGE SNAP CARDS,2,2011-12-08 19:24:00,0.85,13077.0,United Kingdom
570657,23202,JUMBO BAG VINTAGE LEAF,20,2011-10-11 14:10:00,2.08,14911.0,EIRE
544484,21588,RETROSPOT GIANT TUBE MATCHES,12,2011-02-21 11:10:00,2.55,15321.0,United Kingdom
558685,23170,REGENCY TEA PLATE ROSES ,12,2011-07-01 11:32:00,1.65,17706.0,United Kingdom
573315,22910,PAPER CHAIN KIT VINTAGE CHRISTMAS,6,2011-10-28 17:27:00,2.95,17839.0,United Kingdom
571038,72351A,SET/6 TURQUOISE BUTTERFLY T-LIGHTS,1,2011-10-13 12:58:00,2.1,15511.0,United Kingdom
560253,22423,REGENCY CAKESTAND 3 TIER,6,2011-07-17 12:52:00,12.75,13993.0,United Kingdom
536733,20914,SET/5 RED RETROSPOT LID GLASS BOWLS,6,2010-12-02 12:50:00,2.95,15738.0,United Kingdom
539250,84823,DANISH ROSE FOLDING CHAIR,2,2010-12-16 13:44:00,7.95,15157.0,United Kingdom
549387,20726,LUNCH BAG WOODLAND,10,2011-04-08 11:33:00,1.65,13178.0,United Kingdom
576687,22602,RETROSPOT WOODEN HEART DECORATION,4,2011-11-16 12:13:00,0.85,13558.0,United Kingdom
559932,22760,"TRAY, BREAKFAST IN BED",18,2011-07-14 09:26:00,12.75,17389.0,United Kingdom
545702,22784,LANTERN CREAM GAZEBO ,1,2011-03-06 15:21:00,4.95,14247.0,United Kingdom
571456,23199,JUMBO BAG APPLES,1,2011-10-17 13:57:00,2.08,16729.0,United Kingdom
555001,84949,SILVER HANGING T-LIGHT HOLDER,18,2011-05-31 08:32:00,1.65,16566.0,United Kingdom
546983,22521,CHILDS GARDEN TROWEL PINK,12,2011-03-18 12:27:00,0.85,16626.0,United Kingdom
549577,22088,PAPER BUNTING COLOURED LACE,6,2011-04-11 08:16:00,2.95,14286.0,United Kingdom
575691,82484,WOOD BLACK BOARD ANT WHITE FINISH,4,2011-11-10 16:21:00,7.95,14180.0,United Kingdom
570826,22584,PACK OF 6 PANNETONE GIFT BOXES,1,2011-10-12 13:14:00,2.55,16753.0,United Kingdom
540986,21621,VINTAGE UNION JACK BUNTING,2,2011-01-12 16:14:00,8.5,15291.0,United Kingdom
558237,22149,FELTCRAFT 6 FLOWER FRIENDS,3,2011-06-27 15:04:00,2.1,12867.0,United Kingdom
560209,21715,GIRLS VINTAGE TIN SEASIDE BUCKET,2,2011-07-15 14:05:00,2.55,15004.0,United Kingdom
550136,21128,GOLD FISHING GNOME,6,2011-04-14 13:56:00,6.95,16957.0,United Kingdom
580884,22119,PEACE WOODEN BLOCK LETTERS,1,2011-12-06 12:21:00,1.95,15907.0,United Kingdom
559607,23053,RECYCLED ACAPULCO MAT PINK,2,2011-07-11 11:39:00,8.25,12681.0,France
552039,22984,CARD GINGHAM ROSE ,24,2011-05-06 08:10:00,0.42,13081.0,United Kingdom
573275,22386,JUMBO BAG PINK POLKADOT,100,2011-10-28 13:12:00,1.79,15311.0,United Kingdom
544182,22722,SET OF 6 SPICE TINS PANTRY DESIGN,4,2011-02-16 15:13:00,3.95,18257.0,United Kingdom
557570,20774,GREEN FERN NOTEBOOK,2,2011-06-21 10:48:00,1.65,15998.0,United Kingdom
577315,90188,DROP EARRINGS W FLOWER & LEAF,1,2011-11-18 13:25:00,2.55,17811.0,United Kingdom
542527,22970,LONDON BUS COFFEE MUG,6,2011-01-28 12:48:00,2.55,17188.0,United Kingdom
566735,21213,PACK OF 72 SKULL CAKE CASES,2,2011-09-14 14:19:00,0.55,15707.0,United Kingdom
545050,22467,GUMBALL COAT RACK,6,2011-02-27 11:57:00,2.55,15951.0,United Kingdom
540489,84030E,ENGLISH ROSE HOT WATER BOTTLE,1,2011-01-07 16:32:00,4.25,13593.0,United Kingdom
575335,23203,JUMBO BAG VINTAGE DOILY ,300,2011-11-09 13:56:00,1.79,12931.0,United Kingdom
540513,84378,SET OF 3 HEART COOKIE CUTTERS,12,2011-01-09 11:41:00,1.25,13758.0,United Kingdom
572287,23133,LARGE IVORY HEART WALL ORGANISER,2,2011-10-23 12:26:00,8.25,15584.0,United Kingdom
567796,23367,SET 12 COLOUR PENCILS SPACEBOY ,6,2011-09-22 11:46:00,0.65,16395.0,United Kingdom
574933,22144,CHRISTMAS CRAFT LITTLE FRIENDS,6,2011-11-07 16:49:00,2.1,18150.0,United Kingdom
554795,47566B,TEA TIME PARTY BUNTING,4,2011-05-26 12:46:00,4.95,14210.0,United Kingdom
563214,22079,RIBBON REEL HEARTS DESIGN ,5,2011-08-14 12:56:00,1.65,16370.0,United Kingdom
553843,22748,POPPY'S PLAYHOUSE KITCHEN,6,2011-05-19 12:29:00,2.1,12553.0,France
561026,84992,72 SWEETHEART FAIRY CAKE CASES,4,2011-07-24 10:49:00,0.55,17265.0,United Kingdom
568513,23263,SET OF 3 WOODEN HEART DECORATIONS,12,2011-09-27 12:36:00,1.25,13555.0,United Kingdom
569417,23228,FILIGREE HEART BIRD WHITE ,24,2011-10-04 10:29:00,1.25,17629.0,United Kingdom
555854,21192,WHITE BELL HONEYCOMB PAPER ,1,2011-06-07 13:47:00,1.65,12748.0,United Kingdom
557471,23263,SET OF 3 WOODEN HEART DECORATIONS,12,2011-06-20 13:27:00,1.25,15825.0,United Kingdom
557289,23101,SILVER STARS TABLE DECORATION,2,2011-06-19 12:58:00,0.83,16880.0,United Kingdom
566581,82494L,WOODEN FRAME ANTIQUE WHITE ,12,2011-09-13 13:47:00,2.95,16081.0,United Kingdom
563355,23207,LUNCH BAG ALPHABET DESIGN,10,2011-08-15 14:39:00,1.65,14156.0,EIRE
578140,22551,PLASTERS IN TIN SPACEBOY,96,2011-11-23 10:58:00,1.45,14646.0,Netherlands
545701,22640,SET OF 4 NAPKIN CHARMS 3 KEYS ,1,2011-03-06 15:17:00,2.55,17107.0,United Kingdom
555343,21558,SKULL LUNCH BOX WITH CUTLERY ,4,2011-06-02 11:42:00,2.55,15918.0,United Kingdom
552835,22906,12 MESSAGE CARDS WITH ENVELOPES,12,2011-05-11 14:17:00,1.65,17664.0,United Kingdom
553208,23158,SET OF 5 LUCKY CAT MAGNETS ,12,2011-05-16 09:10:00,2.08,12674.0,France
571653,23224,CHERUB HEART DECORATION GOLD,24,2011-10-18 12:17:00,0.72,14298.0,United Kingdom
578400,35646,VINTAGE BEAD PINK EVENING BAG,2,2011-11-24 11:52:00,1.25,12748.0,United Kingdom
563546,22192,BLUE DINER WALL CLOCK,1,2011-08-17 12:24:00,8.5,16729.0,United Kingdom
579146,22602,RETROSPOT WOODEN HEART DECORATION,1,2011-11-28 13:14:00,0.85,16347.0,United Kingdom
568400,23406,HOME SWEET HOME KEY HOLDER,2,2011-09-27 10:27:00,6.25,13644.0,United Kingdom
536535,21485,RETROSPOT HEART HOT WATER BOTTLE,3,2010-12-01 13:38:00,4.95,15605.0,United Kingdom
578315,84970S,HANGING HEART ZINC T-LIGHT HOLDER,12,2011-11-23 16:34:00,0.85,17725.0,United Kingdom
564972,21871,SAVE THE PLANET MUG,12,2011-08-31 15:30:00,1.25,12621.0,Germany
553408,23168,CLASSIC CAFE SUGAR DISPENSER,12,2011-05-17 09:13:00,1.25,13976.0,United Kingdom
554160,21669,BLUE STRIPE CERAMIC DRAWER KNOB,8,2011-05-23 11:49:00,1.25,17841.0,United Kingdom
569401,84029G,KNITTED UNION FLAG HOT WATER BOTTLE,4,2011-10-04 08:56:00,4.25,15111.0,United Kingdom
569983,22563,HAPPY STENCIL CRAFT,2,2011-10-06 19:49:00,1.25,17231.0,United Kingdom
574916,84030E,ENGLISH ROSE HOT WATER BOTTLE,4,2011-11-07 16:19:00,4.25,16790.0,United Kingdom
578370,21934,SKULL SHOULDER BAG,2,2011-11-24 11:11:00,1.65,17346.0,United Kingdom
574247,21166,COOK WITH WINE METAL SIGN ,12,2011-11-03 12:56:00,2.08,13168.0,United Kingdom
556283,21211,SET OF 72 SKULL PAPER  DOILIES,12,2011-06-10 08:50:00,1.45,15628.0,United Kingdom
545183,84375,SET OF 20 KIDS COOKIE CUTTERS,12,2011-02-28 14:59:00,2.1,15570.0,United Kingdom
575891,23469,CARD HOLDER LOVE BIRD SMALL,6,2011-11-11 14:12:00,4.15,15692.0,United Kingdom
573442,21479,WHITE SKULL HOT WATER BOTTLE ,4,2011-10-31 10:42:00,4.25,12488.0,France
576060,23355,HOT WATER BOTTLE KEEP CALM,2,2011-11-13 15:25:00,4.95,13681.0,United Kingdom
552830,21928,JUMBO BAG SCANDINAVIAN PAISLEY,20,2011-05-11 13:49:00,1.95,15187.0,United Kingdom
562880,22149,FELTCRAFT 6 FLOWER FRIENDS,48,2011-08-10 10:53:00,1.85,15838.0,United Kingdom
573509,23504,PLAYING CARDS JUBILEE UNION JACK,12,2011-10-31 12:21:00,1.25,16169.0,United Kingdom
557492,21117,BLOND DOLL DOORSTOP,12,2011-06-20 15:08:00,1.25,13717.0,United Kingdom
553345,22193,RED DINER WALL CLOCK,3,2011-05-16 12:53:00,8.5,16729.0,United Kingdom
558700,23156,SET OF 5 MINI GROCERY MAGNETS,1,2011-07-01 12:33:00,2.08,17920.0,United Kingdom
573993,22623,BOX OF VINTAGE JIGSAW BLOCKS ,3,2011-11-02 11:23:00,5.95,16790.0,United Kingdom
574306,22625,RED KITCHEN SCALES,2,2011-11-03 16:37:00,8.5,17481.0,United Kingdom
548670,22726,ALARM CLOCK BAKELIKE GREEN,2,2011-04-01 15:37:00,3.75,15356.0,United Kingdom
555101,85099B,JUMBO BAG RED RETROSPOT,20,2011-05-31 13:45:00,2.08,13070.0,United Kingdom
572306,22505,MEMO BOARD COTTAGE DESIGN,3,2011-10-23 15:11:00,4.95,17841.0,United Kingdom
551868,22620,4 TRADITIONAL SPINNING TOPS,12,2011-05-04 16:29:00,1.45,12540.0,Spain
556922,22097,SWALLOW SQUARE TISSUE BOX,1,2011-06-15 13:56:00,1.25,12748.0,United Kingdom
550193,PADS,PADS TO MATCH ALL CUSHIONS,1,2011-04-15 09:27:00,0.001,13952.0,United Kingdom
547874,22241,GARLAND WOODEN HAPPY EASTER,12,2011-03-27 15:39:00,1.25,14476.0,United Kingdom
549241,85099B,JUMBO BAG RED RETROSPOT,6,2011-04-07 11:40:00,2.08,15719.0,United Kingdom
578811,21249,WOODLAND  HEIGHT CHART STICKERS ,12,2011-11-25 13:28:00,2.95,12438.0,Norway
562560,23089,GLASS BON BON JAR,6,2011-08-05 17:12:00,1.65,14156.0,EIRE
556767,22699,ROSES REGENCY TEACUP AND SAUCER ,6,2011-06-14 12:17:00,2.95,18073.0,United Kingdom
540538,21080,SET/20 RED RETROSPOT PAPER NAPKINS ,3,2011-01-09 14:36:00,0.85,17841.0,United Kingdom
560186,23092,LARGE ANTIQUE WHITE PHOTO FRAME,1,2011-07-15 11:57:00,7.9,17266.0,United Kingdom
571281,21259,VICTORIAN SEWING BOX SMALL ,14,2011-10-16 13:23:00,4.95,14088.0,United Kingdom
574826,16169E,WRAP 50'S  CHRISTMAS,25,2011-11-07 10:58:00,0.42,15870.0,United Kingdom
543188,22729,ALARM CLOCK BAKELIKE ORANGE,8,2011-02-04 11:45:00,3.75,12567.0,France
545545,22135,MINI LADLE LOVE HEART PINK,2,2011-03-03 15:02:00,0.42,17841.0,United Kingdom
547910,82580,BATHROOM METAL SIGN,2,2011-03-28 12:23:00,0.55,14159.0,United Kingdom
542613,21977,PACK OF 60 PINK PAISLEY CAKE CASES,2,2011-01-30 14:36:00,0.55,17431.0,United Kingdom
538356,21463,MIRRORED DISCO BALL ,32,2010-12-10 15:56:00,4.95,14062.0,United Kingdom
548186,85123A,WHITE HANGING HEART T-LIGHT HOLDER,72,2011-03-29 15:02:00,2.55,13777.0,United Kingdom
571509,23397,FOOT STOOL HOME SWEET HOME ,2,2011-10-17 15:28:00,9.95,13110.0,United Kingdom
573390,23551,PACK OF 12 PAISLEY PARK TISSUES ,24,2011-10-30 14:53:00,0.39,17213.0,United Kingdom
542724,85099B,JUMBO BAG RED RETROSPOT,10,2011-01-31 14:59:00,1.95,16779.0,United Kingdom
564065,23033,DRAWER KNOB CERAMIC RED,12,2011-08-22 15:05:00,1.45,15150.0,United Kingdom
537435,M,Manual,2,2010-12-06 16:58:00,5.95,17920.0,United Kingdom
566440,23400,SHELF WITH 4 HOOKS HOME SWEET HOME,2,2011-09-12 15:19:00,6.25,15755.0,United Kingdom
572224,22594,CHRISTMAS GINGHAM TREE,12,2011-10-21 13:46:00,0.85,16558.0,United Kingdom
577071,35818P,"ACRYLIC JEWEL ICICLE, PINK",5,2011-11-17 14:56:00,0.38,13969.0,United Kingdom
576339,23218,LAUREL STAR ANTIQUE GOLD,3,2011-11-14 15:27:00,2.46,14096.0,United Kingdom
572756,23056,FLOWERS CHANDELIER T-LIGHT HOLDER,48,2011-10-25 17:32:00,1.0,15482.0,United Kingdom
540364,17091J,VANILLA INCENSE IN TIN,1,2011-01-06 16:03:00,1.25,14505.0,United Kingdom
574059,23113,PANTRY CHOPPING BOARD,1,2011-11-02 14:13:00,4.95,14646.0,Netherlands
551258,21881,CUTE CATS TAPE,12,2011-04-27 12:02:00,0.65,12621.0,Germany
579162,22865,HAND WARMER OWL DESIGN,1,2011-11-28 13:58:00,2.1,16393.0,United Kingdom
574963,23366,SET 12 COLOURING PENCILS DOILY,16,2011-11-08 10:27:00,0.65,12919.0,United Kingdom
563928,21212,PACK OF 72 RETROSPOT CAKE CASES,1,2011-08-21 15:17:00,0.55,17059.0,United Kingdom
541253,15060B,FAIRY CAKE DESIGN UMBRELLA,1,2011-01-16 13:51:00,3.75,17841.0,United Kingdom
542712,22264,FELT FARM ANIMAL WHITE BUNNY ,12,2011-01-31 13:27:00,0.85,14744.0,United Kingdom
574830,23438, RED SPOT GIFT BAG LARGE,12,2011-11-07 11:21:00,1.25,16053.0,United Kingdom
580637,23368,SET 12 COLOUR PENCILS DOLLY GIRL ,3,2011-12-05 12:40:00,0.65,15033.0,United Kingdom
564631,22588,CARD HOLDER GINGHAM HEART,6,2011-08-26 11:54:00,2.89,17451.0,United Kingdom
578045,23393,HOME SWEET HOME CUSHION COVER ,1,2011-11-22 14:43:00,3.75,17297.0,United Kingdom
560580,22379,RECYCLING BAG RETROSPOT ,60,2011-07-19 15:23:00,1.85,14088.0,United Kingdom
551278,22352,LUNCH BOX WITH CUTLERY RETROSPOT ,6,2011-04-27 13:13:00,2.55,12483.0,Sweden
552695,16161U,WRAP SUKI AND FRIENDS,25,2011-05-10 15:31:00,0.42,16320.0,Unspecified
550299,84828,JUNGLE POPSICLES ICE LOLLY MOULDS,96,2011-04-15 16:46:00,1.25,17389.0,United Kingdom
546996,21693,SMALL HAMMERED SILVER CANDLEPOT ,6,2011-03-18 13:27:00,2.95,17060.0,United Kingdom
550473,21471,STRAWBERRY RAFFIA FOOD COVER,2,2011-04-18 13:54:00,3.75,14623.0,United Kingdom
574682,23247,BISCUIT TIN 50'S CHRISTMAS,1,2011-11-06 12:44:00,2.89,14963.0,United Kingdom
555406,21713,CITRONELLA CANDLE FLOWERPOT,4,2011-06-02 19:50:00,2.1,17231.0,United Kingdom
543806,22192,BLUE DINER WALL CLOCK,1,2011-02-13 12:48:00,8.5,17085.0,United Kingdom
553005,22366,DOORMAT AIRMAIL ,1,2011-05-12 16:29:00,7.95,14651.0,United Kingdom
580513,20973,12 PENCIL SMALL TUBE WOODLAND,2,2011-12-04 13:59:00,0.65,14456.0,United Kingdom
540732,20972,PINK CREAM FELT CRAFT TRINKET BOX ,12,2011-01-11 10:19:00,1.25,16122.0,United Kingdom
556259,23007, SPACEBOY BABY GIFT SET,1,2011-06-09 17:53:00,16.95,12721.0,France
540288,22191,IVORY DINER WALL CLOCK,1,2011-01-06 12:45:00,8.5,17634.0,United Kingdom
572082,23318,BOX OF 6 MINI VINTAGE CRACKERS,12,2011-10-20 14:18:00,2.49,17672.0,United Kingdom
543538,47570B,TEA TIME TABLE CLOTH,2,2011-02-09 13:57:00,10.65,16143.0,United Kingdom
544932,22570,FELTCRAFT CUSHION RABBIT,4,2011-02-25 08:14:00,3.75,16133.0,United Kingdom
547359,22411,JUMBO SHOPPER VINTAGE RED PAISLEY,2,2011-03-22 12:27:00,1.95,15719.0,United Kingdom
547226,72802A,ROSE SCENT CANDLE IN JEWELLED BOX,2,2011-03-21 15:33:00,4.25,14167.0,United Kingdom
562549,21993,FLORAL FOLK STATIONERY SET,12,2011-08-05 16:10:00,1.25,17092.0,United Kingdom
558922,21936,RED RETROSPOT PICNIC BAG,5,2011-07-05 10:06:00,2.95,16782.0,United Kingdom
570092,22386,JUMBO BAG PINK POLKADOT,200,2011-10-07 11:51:00,1.74,16029.0,United Kingdom
574080,22111,SCOTTIE DOG HOT WATER BOTTLE,1,2011-11-02 16:29:00,4.95,16348.0,United Kingdom
573359,22161,HEART DECORATION RUSTIC HANGING ,1,2011-10-30 12:48:00,0.19,14178.0,United Kingdom
564190,23333,IVORY WICKER HEART MEDIUM,12,2011-08-23 16:01:00,1.25,16143.0,United Kingdom
574738,20981,12 PENCILS TALL TUBE WOODLAND,6,2011-11-06 16:01:00,0.85,12748.0,United Kingdom
578855,22710,WRAP I LOVE LONDON ,25,2011-11-27 11:15:00,0.42,14878.0,United Kingdom
550942,22761,CHEST 7 DRAWER MA CAMPAGNE,1,2011-04-21 15:51:00,24.95,16587.0,United Kingdom
544886,21242,RED RETROSPOT PLATE ,8,2011-02-24 11:42:00,1.69,12582.0,Finland
578946,22555,PLASTERS IN TIN STRONGMAN,1,2011-11-27 13:47:00,1.65,16005.0,United Kingdom
580673,84978,HANGING HEART JAR T-LIGHT HOLDER,12,2011-12-05 14:30:00,1.25,13089.0,United Kingdom
571724,22396,MAGNETS PACK OF 4 RETRO PHOTO,12,2011-10-19 08:20:00,0.39,12572.0,Germany
544940,22667,RECIPE BOX RETROSPOT ,6,2011-02-25 10:19:00,2.95,16592.0,United Kingdom
547809,22349,DOG BOWL CHASING BALL DESIGN,1,2011-03-25 13:54:00,3.75,12748.0,United Kingdom
574677,23393,HOME SWEET HOME CUSHION COVER ,2,2011-11-06 12:32:00,3.75,16445.0,United Kingdom
562377,23207,LUNCH BAG ALPHABET DESIGN,3,2011-08-04 15:04:00,1.65,14535.0,United Kingdom
566601,20652,BLUE POLKADOT LUGGAGE TAG ,1,2011-09-13 15:57:00,1.25,16469.0,United Kingdom
578265,84945,MULTI COLOUR SILVER T-LIGHT HOLDER,12,2011-11-23 13:28:00,0.85,13018.0,United Kingdom
550622,22996,TRAVEL CARD WALLET VINTAGE TICKET,24,2011-04-19 13:49:00,0.42,13735.0,United Kingdom
554985,22849,BREAD BIN DINER STYLE MINT,1,2011-05-29 12:26:00,16.95,12426.0,Germany
572451,22685,FRENCH BLUE METAL DOOR SIGN 0,10,2011-10-24 12:36:00,1.25,12921.0,United Kingdom
578852,23211,RED ROCKING HORSE HAND PAINTED,2,2011-11-27 11:12:00,1.25,17841.0,United Kingdom
576463,22144,CHRISTMAS CRAFT LITTLE FRIENDS,2,2011-11-15 11:37:00,2.1,17974.0,United Kingdom
542231,21755,LOVE BUILDING BLOCK WORD,4,2011-01-26 13:40:00,5.95,16714.0,United Kingdom
558336,22627,MINT KITCHEN SCALES,2,2011-06-28 13:17:00,8.5,14364.0,United Kingdom
538191,22075,6 RIBBONS ELEGANT CHRISTMAS ,96,2010-12-10 10:49:00,1.45,15061.0,United Kingdom
562222,22178,VICTORIAN GLASS HANGING T-LIGHT,192,2011-08-03 14:33:00,1.06,18073.0,United Kingdom
576362,21668,RED STRIPE CERAMIC DRAWER KNOB,12,2011-11-14 17:11:00,1.45,14755.0,United Kingdom
559549,21635,MADRAS NOTEBOOK LARGE ,2,2011-07-10 15:25:00,1.25,13230.0,United Kingdom
571307,23566,EGG CUP MILKMAID HEIDI,12,2011-10-17 10:10:00,1.25,14443.0,United Kingdom
552971,85123A,WHITE HANGING HEART T-LIGHT HOLDER,6,2011-05-12 13:41:00,2.95,14738.0,United Kingdom
558876,20707,CRAZY DAISY HEART DECORATION,7,2011-07-04 13:36:00,1.25,17841.0,United Kingdom
540416,84800L,LARGE WHITE/PINK ROSE ART FLOWER,24,2011-01-07 10:55:00,1.69,16473.0,United Kingdom
548336,15036,ASSORTED COLOURS SILK FAN,600,2011-03-30 14:06:00,0.65,13082.0,United Kingdom
545166,22993,SET OF 4 PANTRY JELLY MOULDS,1,2011-02-28 14:03:00,1.25,17027.0,United Kingdom
554139,23145,ZINC T-LIGHT HOLDER STAR LARGE,12,2011-05-23 10:34:00,0.95,14911.0,EIRE
561517,23226,FILIGREE HEART DAISY WHITE,24,2011-07-27 15:17:00,1.25,18226.0,United Kingdom
575692,22744,MAKE YOUR OWN MONSOON CARD KIT,1,2011-11-10 16:27:00,2.95,12508.0,France
566005,22469,HEART OF WICKER SMALL,2,2011-09-08 11:56:00,1.65,16426.0,United Kingdom
577404,20829,GLITTER HANGING BUTTERFLY STRING,6,2011-11-20 10:16:00,2.1,17243.0,United Kingdom
551960,22854,CREAM SWEETHEART EGG HOLDER,4,2011-05-05 12:38:00,4.95,18239.0,United Kingdom
559106,23006,TRAVEL CARD WALLET FLOWER MEADOW,2,2011-07-06 11:10:00,0.42,15889.0,United Kingdom
562044,16045,POPART WOODEN PENCILS ASST,100,2011-08-02 10:24:00,0.04,16607.0,United Kingdom
560445,21914,BLUE HARMONICA IN BOX ,96,2011-07-19 09:08:00,1.25,14156.0,EIRE
544467,22778,GLASS CLOCHE SMALL,1,2011-02-20 15:51:00,3.95,14502.0,United Kingdom
569089,23321,SMALL WHITE HEART OF WICKER,6,2011-09-30 12:03:00,1.65,13764.0,United Kingdom
557793,21906,PHARMACIE FIRST AID TIN,1,2011-06-22 17:30:00,6.75,14998.0,United Kingdom
576399,22992,REVOLVER WOODEN RULER ,12,2011-11-15 10:50:00,1.95,12684.0,France
545530,22507,MEMO BOARD RETROSPOT  DESIGN,4,2011-03-03 13:45:00,4.95,17416.0,United Kingdom
571846,23264,SET OF 3 WOODEN SLEIGH DECORATIONS,7,2011-10-19 12:35:00,1.25,17841.0,United Kingdom
539920,22170,PICTURE FRAME WOOD TRIPLE PORTRAIT,2,2010-12-23 11:06:00,6.75,14085.0,United Kingdom
565067,22419,LIPSTICK PEN RED,5,2011-08-31 17:16:00,0.42,15856.0,United Kingdom
549844,21383,PACK OF 12 STICKY BUNNIES,6,2011-04-12 14:17:00,0.65,12854.0,United Kingdom
569653,21080,SET/20 RED RETROSPOT PAPER NAPKINS ,24,2011-10-05 12:52:00,0.85,12451.0,Switzerland
572667,22634,CHILDS BREAKFAST SET SPACEBOY ,2,2011-10-25 13:05:00,9.95,15963.0,United Kingdom
572279,23284,DOORMAT KEEP CALM AND COME IN,5,2011-10-23 10:56:00,8.25,16066.0,United Kingdom
549559,20712,JUMBO BAG WOODLAND ANIMALS,10,2011-04-10 13:25:00,1.95,12447.0,Belgium
571292,22680,FRENCH BLUE METAL DOOR SIGN 5,2,2011-10-16 15:45:00,1.25,15311.0,United Kingdom
554424,82484,WOOD BLACK BOARD ANT WHITE FINISH,2,2011-05-24 12:14:00,7.95,14527.0,United Kingdom
572302,22683,FRENCH BLUE METAL DOOR SIGN 8,1,2011-10-23 14:47:00,1.25,15427.0,United Kingdom
580635,85199S,SMALL HANGING IVORY/RED WOOD BIRD,8,2011-12-05 12:30:00,0.42,14649.0,United Kingdom
545558,82581,TOILET METAL SIGN,25,2011-03-03 15:31:00,0.55,17873.0,United Kingdom
579520,22086,PAPER CHAIN KIT 50'S CHRISTMAS ,1,2011-11-29 18:14:00,2.95,12748.0,United Kingdom
576872,22411,JUMBO SHOPPER VINTAGE RED PAISLEY,10,2011-11-16 16:26:00,2.08,13238.0,United Kingdom
545544,23004,TRAVEL CARD WALLET PANTRY,24,2011-03-03 14:56:00,0.42,14057.0,United Kingdom
560364,84997B,CHILDRENS CUTLERY RETROSPOT RED ,8,2011-07-18 12:15:00,4.15,16705.0,United Kingdom
564353,23267,SET OF 4 SANTA PLACE SETTINGS,12,2011-08-24 15:08:00,1.25,15764.0,United Kingdom
572990,23085,ANTIQUE SILVER BAUBLE LAMP  ,12,2011-10-27 10:54:00,8.25,18276.0,United Kingdom
580915,22192,BLUE DINER WALL CLOCK,6,2011-12-06 13:45:00,8.5,17705.0,United Kingdom
547658,21212,PACK OF 72 RETROSPOT CAKE CASES,5,2011-03-24 13:04:00,0.55,13736.0,United Kingdom
545519,22289,HANGING METAL CHICKEN DECORATION,24,2011-03-03 12:27:00,1.25,16159.0,United Kingdom
553739,23175,REGENCY MILK JUG PINK ,6,2011-05-19 09:23:00,3.25,14895.0,United Kingdom
554151,22524,CHILDRENS GARDEN GLOVES BLUE,10,2011-05-23 11:07:00,1.25,14049.0,United Kingdom
539728,21468,BUTTERFLY CROCHET FOOD COVER,6,2010-12-21 14:26:00,3.75,16270.0,United Kingdom
546850,82551,LAUNDRY 15C METAL SIGN,4,2011-03-17 13:20:00,1.45,13268.0,United Kingdom
565766,46000U,POLYESTER FILLER PAD 30CMx30CM,4,2011-09-06 14:23:00,1.25,17841.0,United Kingdom
545590,84077,WORLD WAR 2 GLIDERS ASSTD DESIGNS,48,2011-03-04 10:24:00,0.29,15220.0,United Kingdom
566290,22570,FELTCRAFT CUSHION RABBIT,1,2011-09-11 15:24:00,3.75,14456.0,United Kingdom
550488,23004,TRAVEL CARD WALLET PANTRY,10,2011-04-18 14:27:00,0.42,16729.0,United Kingdom
546731,85014B,RED RETROSPOT UMBRELLA,3,2011-03-16 11:39:00,5.95,13089.0,United Kingdom
544464,21426,WOODLAND STORAGE BOX SMALL,2,2011-02-20 14:38:00,2.1,17323.0,United Kingdom
562593,20659,ECONOMY LUGGAGE TAG,2,2011-08-07 15:43:00,1.25,16549.0,United Kingdom
544645,22653,BUTTON BOX ,20,2011-02-22 11:58:00,1.95,16843.0,United Kingdom
573323,23329,DECORATIVE WICKER HEART LARGE,12,2011-10-30 10:54:00,1.65,15708.0,United Kingdom
568952,84978,HANGING HEART JAR T-LIGHT HOLDER,24,2011-09-29 15:29:00,1.25,14305.0,United Kingdom
536500,22113,GREY HEART HOT WATER BOTTLE,3,2010-12-01 12:35:00,3.75,17377.0,United Kingdom
572617,22666,RECIPE BOX PANTRY YELLOW DESIGN,6,2011-10-25 11:52:00,2.95,18272.0,United Kingdom
567709,22464,HANGING METAL HEART LANTERN,12,2011-09-22 09:53:00,1.65,15239.0,United Kingdom
571129,23407,SET OF 2 TRAYS HOME SWEET HOME,4,2011-10-14 10:03:00,9.95,14156.0,EIRE
542373,22029,SPACEBOY BIRTHDAY CARD,12,2011-01-27 13:38:00,0.42,16767.0,United Kingdom
572969,21619,4 VANILLA BOTANICAL CANDLES,12,2011-10-27 10:46:00,1.25,13363.0,United Kingdom
559928,20750,RED RETROSPOT MINI CASES,10,2011-07-14 08:52:00,7.95,12405.0,Finland
564200,22600,CHRISTMAS RETROSPOT STAR WOOD,1,2011-08-23 17:37:00,0.85,18018.0,United Kingdom
569220,22646,CERAMIC STRAWBERRY CAKE MONEY BANK,4,2011-10-02 13:26:00,1.45,16007.0,United Kingdom
581224,51014A,"FEATHER PEN,HOT PINK",24,2011-12-08 09:47:00,0.39,17631.0,United Kingdom
550310,22567,20 DOLLY PEGS RETROSPOT,48,2011-04-17 11:04:00,1.25,15985.0,United Kingdom
562112,23240,SET OF 4 KNICK KNACK TINS DOILEY ,6,2011-08-02 15:53:00,4.15,18236.0,United Kingdom
564733,21220,SET/4 BADGES DOGS,2,2011-08-28 13:18:00,1.25,17841.0,United Kingdom
552652,21930,JUMBO STORAGE BAG SKULLS,3,2011-05-10 14:09:00,2.08,14591.0,United Kingdom
564141,20886,BOX OF 9 PEBBLE CANDLES,4,2011-08-23 11:47:00,1.95,17841.0,United Kingdom
578701,22633,HAND WARMER UNION JACK,12,2011-11-25 10:52:00,2.1,17624.0,United Kingdom
578045,22972,CHILDREN'S SPACEBOY MUG,1,2011-11-22 14:43:00,1.65,17297.0,United Kingdom
543748,90185D,CRYSTAL DIAMANTE EXPANDABLE RING,6,2011-02-11 13:54:00,4.25,12913.0,United Kingdom
577438,47591D,PINK FAIRY CAKE CHILDRENS APRON,3,2011-11-20 11:09:00,1.95,18118.0,United Kingdom
545856,22138,BAKING SET 9 PIECE RETROSPOT ,6,2011-03-07 13:54:00,4.95,16225.0,United Kingdom
580516,23378,PACK OF 12 50'S CHRISTMAS TISSUES,24,2011-12-04 14:15:00,0.39,17954.0,United Kingdom
562539,23335,EGG FRYING PAN IVORY ,2,2011-08-05 15:30:00,2.08,17220.0,United Kingdom
568346,23201,JUMBO BAG ALPHABET,1,2011-09-26 15:28:00,4.13,14096.0,United Kingdom
573264,22578,WOODEN STAR CHRISTMAS SCANDINAVIAN,10,2011-10-28 12:36:00,0.29,14415.0,United Kingdom
571850,22617,BAKING SET SPACEBOY DESIGN,2,2011-10-19 12:54:00,4.95,14698.0,United Kingdom
568701,21903,MAN FLU METAL SIGN,12,2011-09-28 15:07:00,2.1,13924.0,United Kingdom
572676,85049E,SCANDINAVIAN REDS RIBBONS,12,2011-10-25 13:30:00,1.25,16258.0,United Kingdom
548293,84987,SET OF 36 TEATIME PAPER DOILIES,144,2011-03-30 11:51:00,1.25,13798.0,United Kingdom
553750,21155,RED RETROSPOT PEG BAG,6,2011-05-19 10:16:00,2.55,15660.0,United Kingdom
553102,82001S,VINYL RECORD FRAME SILVER,48,2011-05-13 11:58:00,3.39,12980.0,United Kingdom
547209,20971,PINK BLUE FELT CRAFT TRINKET BOX,12,2011-03-21 14:44:00,1.25,13081.0,United Kingdom
552057,22722,SET OF 6 SPICE TINS PANTRY DESIGN,4,2011-05-06 10:34:00,3.95,17504.0,United Kingdom
560841,85053,FRENCH ENAMEL CANDLEHOLDER,6,2011-07-21 12:25:00,1.69,14298.0,United Kingdom
543115,85231G,ORANGE SCENTED SET/9 T-LIGHTS,1,2011-02-03 13:27:00,0.85,14606.0,United Kingdom
554630,21832,CHOCOLATE CALCULATOR,9,2011-05-25 11:34:00,1.65,13268.0,United Kingdom
571679,23004,TRAVEL CARD WALLET PANTRY,6,2011-10-18 13:41:00,0.42,14159.0,United Kingdom
543812,20984,12 PENCILS TALL TUBE POSY,1,2011-02-13 14:40:00,0.85,17472.0,United Kingdom
561363,84859C,PINK DISCO HANDBAG,2,2011-07-26 15:42:00,1.95,17238.0,United Kingdom
538187,22960,JAM MAKING SET WITH JARS,6,2010-12-10 10:27:00,4.25,16499.0,United Kingdom
579555,85184C,SET 4 VALENTINE DECOUPAGE HEART BOX,2,2011-11-30 11:08:00,2.95,16241.0,United Kingdom
547069,21202,DOLLY HONEYCOMB GARLAND,3,2011-03-20 13:52:00,1.65,16710.0,United Kingdom
572308,23305,SET 4 PICNIC CUTLERY BLUEBERRY,1,2011-10-23 15:27:00,1.95,12748.0,United Kingdom
543161,22367,CHILDRENS APRON SPACEBOY DESIGN,8,2011-02-03 17:01:00,1.95,14497.0,United Kingdom
543541,37447,CERAMIC CAKE DESIGN SPOTTED PLATE,12,2011-02-09 14:44:00,1.49,12462.0,Spain
551658,22896,PEG BAG APPLES DESIGN,6,2011-05-03 12:13:00,2.55,16746.0,United Kingdom
550626,37489B,BLUE/YELLOW FLOWER DESIGN BIG MUG,4,2011-04-19 14:23:00,0.39,13184.0,United Kingdom
577410,72760B,VINTAGE CREAM 3 BASKET CAKE STAND,2,2011-11-20 10:59:00,9.95,14664.0,United Kingdom
547488,22626,BLACK KITCHEN SCALES,3,2011-03-23 11:30:00,8.5,13821.0,United Kingdom
574868,21429,RED GINGHAM ROSE JEWELLERY BOX,16,2011-11-07 12:41:00,1.95,13824.0,United Kingdom
564353,22866,HAND WARMER SCOTTY DOG DESIGN,12,2011-08-24 15:08:00,2.1,15764.0,United Kingdom
545994,21240,BLUE POLKADOT CUP,8,2011-03-08 13:50:00,0.85,12623.0,Germany
575753,22505,MEMO BOARD COTTAGE DESIGN,1,2011-11-11 10:41:00,4.95,17841.0,United Kingdom
541670,22430,ENAMEL WATERING CAN CREAM,16,2011-01-20 12:34:00,4.25,14911.0,EIRE
547114,21034,REX CASH+CARRY JUMBO SHOPPER,1,2011-03-21 11:49:00,0.95,14688.0,United Kingdom
544893,22649,STRAWBERRY FAIRY CAKE TEAPOT,8,2011-02-24 12:01:00,4.95,17865.0,United Kingdom
554026,23170,REGENCY TEA PLATE ROSES ,48,2011-05-20 13:34:00,1.45,13324.0,United Kingdom
545067,22975,SPACEBOY CHILDRENS EGG CUP,1,2011-02-27 14:49:00,1.25,17894.0,United Kingdom
573396,23284,DOORMAT KEEP CALM AND COME IN,1,2011-10-30 15:13:00,8.25,14723.0,United Kingdom
563227,22067,CHOC TRUFFLE GOLD TRINKET POT ,36,2011-08-14 15:33:00,1.45,14301.0,United Kingdom
577938,22398,MAGNETS PACK OF 4 SWALLOWS,1,2011-11-22 12:07:00,0.39,15525.0,United Kingdom
569718,23213,STAR WREATH DECORATION WITH BELL,12,2011-10-06 09:01:00,1.25,15837.0,United Kingdom
555857,23309,SET OF 60 I LOVE LONDON CAKE CASES ,5,2011-06-07 14:03:00,0.55,16393.0,United Kingdom
575673,21671,RED SPOT CERAMIC DRAWER KNOB,12,2011-11-10 15:04:00,1.45,14863.0,United Kingdom
566271,21174,POTTERING IN THE SHED METAL SIGN,12,2011-09-11 13:44:00,2.08,14250.0,United Kingdom
536837,85123A,WHITE HANGING HEART T-LIGHT HOLDER,2,2010-12-02 18:15:00,2.95,14395.0,United Kingdom
553683,23158,SET OF 5 LUCKY CAT MAGNETS ,60,2011-05-18 13:50:00,2.08,14060.0,United Kingdom
556482,21679,SKULLS  STICKERS,12,2011-06-12 13:04:00,0.85,17242.0,United Kingdom
564896,21080,SET/20 RED RETROSPOT PAPER NAPKINS ,24,2011-08-31 11:06:00,0.85,13726.0,United Kingdom
578666,21929,JUMBO BAG PINK VINTAGE PAISLEY,10,2011-11-24 17:06:00,2.08,17727.0,United Kingdom
547730,23159,SET OF 5 PANCAKE DAY MAGNETS,1,2011-03-25 11:01:00,2.08,14796.0,United Kingdom
577258,21811,HANGING HEART WITH BELL,2,2011-11-18 12:27:00,0.39,16764.0,United Kingdom
549577,21786,POLKADOT RAIN HAT ,24,2011-04-11 08:16:00,0.42,14286.0,United Kingdom
558235,22979,PANTRY WASHING UP BRUSH,1,2011-06-27 14:41:00,1.45,16242.0,United Kingdom
569017,23508,MINI PLAYING CARDS DOLLY GIRL ,20,2011-09-30 09:22:00,0.42,13813.0,Germany
578022,21507,ELEPHANT BIRTHDAY CARD ,12,2011-11-22 13:25:00,0.42,17371.0,United Kingdom
556484,21213,PACK OF 72 SKULL CAKE CASES,2,2011-06-12 13:17:00,0.55,16938.0,United Kingdom
580119,23010,CIRCUS PARADE BABY GIFT SET,1,2011-12-01 16:37:00,16.95,17920.0,United Kingdom
569470,82583,HOT BATHS METAL SIGN,4,2011-10-04 12:25:00,2.1,17673.0,United Kingdom
572215,23515,EMBROIDERED RIBBON REEL DAISY ,6,2011-10-21 12:52:00,2.08,12646.0,USA
536392,22827,RUSTIC  SEVENTEEN DRAWER SIDEBOARD,1,2010-12-01 10:29:00,165.0,13705.0,United Kingdom
570855,35961,FOLKART ZINC HEART CHRISTMAS DEC,12,2011-10-12 14:56:00,0.85,17314.0,United Kingdom
552779,22652,TRAVEL SEWING KIT,10,2011-05-11 12:13:00,1.65,13013.0,United Kingdom
560974,23110,PARISIENNE KEY CABINET ,4,2011-07-22 11:55:00,5.75,14426.0,United Kingdom
540149,21231,SWEETHEART CERAMIC TRINKET BOX,12,2011-01-05 11:00:00,1.25,12921.0,United Kingdom
559256,23035,DRAWER KNOB CERAMIC IVORY,12,2011-07-07 12:10:00,1.45,15249.0,United Kingdom
542422,48129,DOORMAT TOPIARY,1,2011-01-27 19:33:00,7.95,14702.0,United Kingdom
568226,22625,RED KITCHEN SCALES,2,2011-09-26 10:39:00,8.5,16719.0,United Kingdom
554098,85176,SEWING SUSAN 21 NEEDLE SET,4,2011-05-22 13:01:00,0.85,14769.0,United Kingdom
573829,22151,PLACE SETTING WHITE HEART,24,2011-11-01 11:35:00,0.42,16830.0,United Kingdom
546108,84750B,BLACK SMALL GLASS CAKE STAND,3,2011-03-09 12:35:00,1.95,15529.0,United Kingdom
570672,22749,FELTCRAFT PRINCESS CHARLOTTE DOLL,4,2011-10-11 14:52:00,3.75,12536.0,France
564474,22426,ENAMEL WASH BOWL CREAM,4,2011-08-25 12:46:00,3.75,14180.0,United Kingdom
546638,22055,MINI CAKE STAND  HANGING STRAWBERY,8,2011-03-15 12:52:00,1.65,15106.0,United Kingdom
562032,47559B,TEA TIME OVEN GLOVE,10,2011-08-02 08:48:00,1.25,12347.0,Iceland
539642,22489,PACK OF 12 TRADITIONAL CRAYONS,5,2010-12-20 15:35:00,0.42,15867.0,United Kingdom
560397,22554,PLASTERS IN TIN WOODLAND ANIMALS,12,2011-07-18 14:04:00,1.65,17652.0,United Kingdom
555845,22147,FELTCRAFT BUTTERFLY HEARTS,3,2011-06-07 13:19:00,1.45,17015.0,United Kingdom
554091,15036,ASSORTED COLOURS SILK FAN,48,2011-05-22 12:35:00,0.83,13657.0,United Kingdom
569860,21155,RED RETROSPOT PEG BAG,6,2011-10-06 14:37:00,2.55,13812.0,Germany
578822,23087,ZINC  HEART T-LIGHT HOLDER,16,2011-11-25 14:00:00,1.25,13437.0,United Kingdom
549539,22241,GARLAND WOODEN HAPPY EASTER,24,2011-04-10 10:10:00,1.25,15465.0,United Kingdom
546732,21662,VINTAGE GLASS COFFEE CADDY,1,2011-03-16 11:41:00,5.95,14606.0,United Kingdom
547888,22662,LUNCH BAG DOLLY GIRL DESIGN,10,2011-03-28 09:59:00,1.65,13368.0,United Kingdom
558751,23191,BUNDLE OF 3 RETRO NOTE BOOKS,3,2011-07-03 11:26:00,1.65,16009.0,United Kingdom
571824,22078,RIBBON REEL LACE DESIGN ,10,2011-10-19 11:49:00,2.1,12472.0,Germany
554089,22265,EASTER DECORATION NATURAL CHICK,12,2011-05-22 12:16:00,0.65,13527.0,United Kingdom
544463,22261,FELT EGG COSY WHITE RABBIT ,1,2011-02-20 14:31:00,0.85,12988.0,United Kingdom
557268,22629,SPACEBOY LUNCH BOX ,2,2011-06-19 11:26:00,1.95,13097.0,United Kingdom
539019,22178,VICTORIAN GLASS HANGING T-LIGHT,3,2010-12-15 14:12:00,1.25,17551.0,United Kingdom
579848,23340,VINTAGE CHRISTMAS CAKE FRILL,12,2011-11-30 16:23:00,1.65,18179.0,United Kingdom
564060,21914,BLUE HARMONICA IN BOX ,3,2011-08-22 14:37:00,1.25,17073.0,United Kingdom
573576,22899,CHILDREN'S APRON DOLLY GIRL ,1,2011-10-31 14:09:00,4.13,14096.0,United Kingdom
560824,23309,SET OF 60 I LOVE LONDON CAKE CASES ,3,2011-07-21 11:23:00,0.55,17935.0,United Kingdom
575700,23301,GARDENERS KNEELING PAD KEEP CALM ,24,2011-11-10 16:58:00,1.65,15111.0,United Kingdom
551656,21539,RED RETROSPOT BUTTER DISH,3,2011-05-03 12:10:00,4.95,14911.0,EIRE
569815,22633,HAND WARMER UNION JACK,192,2011-10-06 11:53:00,1.79,15838.0,United Kingdom
578472,82494L,WOODEN FRAME ANTIQUE WHITE ,18,2011-11-24 12:40:00,2.95,12476.0,Germany
566262,21374,MIRRORED WALL ART SKULLS,6,2011-09-11 12:56:00,1.25,15527.0,United Kingdom
576371,22163,HEART STRING MEMO HOLDER HANGING,48,2011-11-15 08:07:00,0.79,14911.0,EIRE
563169,22966,GINGERBREAD MAN COOKIE CUTTER,12,2011-08-12 12:42:00,1.25,14911.0,EIRE
571429,20767,BLUE PAISLEY JOURNAL ,1,2011-10-17 12:50:00,2.55,15335.0,United Kingdom
542907,22469,HEART OF WICKER SMALL,40,2011-02-01 15:15:00,1.45,13854.0,United Kingdom
580727,22766,PHOTO FRAME CORNICE,1,2011-12-05 17:17:00,5.79,14096.0,United Kingdom
571456,22729,ALARM CLOCK BAKELIKE ORANGE,1,2011-10-17 13:57:00,3.75,16729.0,United Kingdom
549813,21749,LARGE RED RETROSPOT WINDMILL,1,2011-04-12 12:16:00,2.1,17972.0,United Kingdom
543518,21217,RED RETROSPOT ROUND CAKE TINS,24,2011-02-09 11:21:00,8.95,12753.0,Japan
569823,21932,SCANDINAVIAN PAISLEY PICNIC BAG,1,2011-10-06 12:15:00,1.65,16895.0,United Kingdom
544161,20728,LUNCH BAG CARS BLUE,10,2011-02-16 12:59:00,1.65,16875.0,United Kingdom
570488,22420,LIPSTICK PEN BABY PINK,3,2011-10-10 17:12:00,0.83,14096.0,United Kingdom
554441,71459,HANGING JAM JAR T-LIGHT HOLDER,24,2011-05-24 12:22:00,0.85,13213.0,United Kingdom
570796,23103,JINGLE BELL HEART DECORATION,3,2011-10-12 12:19:00,1.65,16241.0,United Kingdom
576770,23503,PLAYING CARDS KEEP CALM & CARRY ON,12,2011-11-16 13:16:00,1.25,13926.0,United Kingdom
538437,72127,COLUMBIAN CANDLE ROUND ,2,2010-12-12 12:18:00,1.25,16010.0,United Kingdom
539957,20971,PINK BLUE FELT CRAFT TRINKET BOX,12,2010-12-23 12:58:00,1.25,12585.0,Germany
577545,22727,ALARM CLOCK BAKELIKE RED ,1,2011-11-20 14:43:00,3.75,16931.0,United Kingdom
559797,21967,PACK OF 12 SKULL TISSUES,24,2011-07-12 13:31:00,0.29,12720.0,Germany
569899,23322,LARGE WHITE HEART OF WICKER,6,2011-10-06 16:15:00,2.95,13940.0,United Kingdom
580750,22965,3 TRADITIONAl BISCUIT CUTTERS  SET,6,2011-12-06 09:56:00,2.1,12749.0,United Kingdom
563137,21621,VINTAGE UNION JACK BUNTING,2,2011-08-12 11:22:00,8.5,14534.0,United Kingdom
547910,21399,BLUE POLKADOT COFFEE MUG,6,2011-03-28 12:23:00,0.39,14159.0,United Kingdom
556127,22620,4 TRADITIONAL SPINNING TOPS,12,2011-06-09 10:23:00,1.45,12406.0,Denmark
580514,23084,RABBIT NIGHT LIGHT,1,2011-12-04 14:01:00,2.08,16905.0,United Kingdom
537057,85214,TUB 24 PINK FLOWER PEGS,12,2010-12-05 11:49:00,1.65,15351.0,United Kingdom
551655,22630,DOLLY GIRL LUNCH BOX,2,2011-05-03 12:07:00,1.95,17757.0,United Kingdom
580677,23022,SMALL BONNE JAM JAR  T-LIGHT HOLDER,6,2011-12-05 14:40:00,2.08,16200.0,United Kingdom
557623,23285,PINK VINTAGE SPOT BEAKER,8,2011-06-21 14:15:00,0.85,15498.0,United Kingdom
580527,85071D,CHARLIE+LOLA MY ROOM DOOR SIGN,1,2011-12-04 15:19:00,0.39,13736.0,United Kingdom
545603,22978,PANTRY ROLLING PIN,6,2011-03-04 11:49:00,3.75,15827.0,United Kingdom
548331,22960,JAM MAKING SET WITH JARS,6,2011-03-30 13:28:00,4.25,13047.0,United Kingdom
555110,21260,FIRST AID TIN,2,2011-05-31 14:34:00,3.25,17841.0,United Kingdom
548712,22965,3 TRADITIONAl BISCUIT CUTTERS  SET,1,2011-04-03 14:42:00,2.1,17050.0,United Kingdom
566294,21126,SET OF 6 GIRLS CELEBRATION CANDLES,6,2011-09-11 15:41:00,1.25,15533.0,United Kingdom
549425,23010,CIRCUS PARADE BABY GIFT SET,1,2011-04-08 11:54:00,16.95,14030.0,United Kingdom
562173,21620,SET OF 4 ROSE BOTANICAL CANDLES,2,2011-08-03 12:12:00,3.75,14530.0,United Kingdom
578697,22940,FELTCRAFT CHRISTMAS FAIRY,4,2011-11-25 10:03:00,4.25,14132.0,United Kingdom
548358,21845,DAIRY MAID STRIPE MUG,6,2011-03-30 15:29:00,2.95,15832.0,United Kingdom
538510,22603,CHRISTMAS RETROSPOT TREE WOOD,4,2010-12-12 13:47:00,0.85,18004.0,United Kingdom
564357,22794,SWEETHEART WIRE MAGAZINE RACK,4,2011-08-24 15:51:00,7.95,14973.0,United Kingdom
538369,90003C,MIDNIGHT BLUE PAIR HEART HAIR SLIDE,1,2010-12-12 11:06:00,3.75,17251.0,United Kingdom
536412,22144,CHRISTMAS CRAFT LITTLE FRIENDS,1,2010-12-01 11:49:00,2.1,17920.0,United Kingdom
537350,22551,PLASTERS IN TIN SPACEBOY,12,2010-12-06 12:23:00,1.65,14708.0,United Kingdom
549543,21063,PARTY INVITES JAZZ HEARTS,1,2011-04-10 11:14:00,0.85,18118.0,United Kingdom
544087,22971,QUEENS GUARD COFFEE MUG,3,2011-02-15 17:02:00,2.55,17530.0,United Kingdom
570246,22749,FELTCRAFT PRINCESS CHARLOTTE DOLL,1,2011-10-09 16:22:00,3.75,16921.0,United Kingdom
553691,21988,PACK OF 6 SKULL PAPER PLATES,2,2011-05-18 14:08:00,0.85,15311.0,United Kingdom
571712,22993,SET OF 4 PANTRY JELLY MOULDS,3,2011-10-18 16:46:00,1.25,14056.0,United Kingdom
573339,84247N,PACK/12 BLUE FOLKART CARDS,1,2011-10-30 11:49:00,2.95,13278.0,United Kingdom
567183,21481,FAWN BLUE HOT WATER BOTTLE,1,2011-09-18 15:32:00,3.75,14769.0,United Kingdom
554603,22998,TRAVEL CARD WALLET KEEP CALM,1,2011-05-25 11:14:00,0.42,14593.0,United Kingdom
574063,21166,COOK WITH WINE METAL SIGN ,2,2011-11-02 14:31:00,2.08,13271.0,United Kingdom
544277,22774,RED DRAWER KNOB ACRYLIC EDWARDIAN,12,2011-02-17 11:58:00,1.25,13718.0,United Kingdom
569008,22457,NATURAL SLATE HEART CHALKBOARD ,6,2011-09-29 18:53:00,2.95,15114.0,United Kingdom
578244,23475,WOODLAND SMALL PINK FELT HEART,10,2011-11-23 12:36:00,0.83,15727.0,United Kingdom
550784,21172,PARTY METAL SIGN ,12,2011-04-20 13:59:00,1.45,13269.0,United Kingdom
558557,22730,ALARM CLOCK BAKELIKE IVORY,12,2011-06-30 13:17:00,3.75,13282.0,United Kingdom
573863,23333,IVORY WICKER HEART MEDIUM,24,2011-11-01 11:51:00,1.25,16825.0,United Kingdom
571190,20766,GARDEN PATH SKETCHBOOK,1,2011-10-14 11:43:00,3.75,17771.0,United Kingdom
567894,84949,SILVER HANGING T-LIGHT HOLDER,24,2011-09-22 15:54:00,1.65,16389.0,United Kingdom
555350,21217,RED RETROSPOT ROUND CAKE TINS,1,2011-06-02 12:08:00,9.95,17652.0,United Kingdom
559202,22180,RETROSPOT LAMP,2,2011-07-07 10:40:00,9.95,13583.0,United Kingdom
548648,20983,12 PENCILS TALL TUBE RED RETROSPOT,12,2011-04-01 13:20:00,0.85,12949.0,United Kingdom
538296,22779,WOODEN OWLS LIGHT GARLAND ,4,2010-12-10 13:06:00,4.25,13148.0,United Kingdom
541784,22913,RED COAT RACK PARIS FASHION,3,2011-01-21 12:37:00,4.95,17277.0,United Kingdom
572884,23227,FILIGREE HEART BUTTERFLY WHITE ,24,2011-10-26 13:44:00,1.25,13924.0,United Kingdom
567929,22720,SET OF 3 CAKE TINS PANTRY DESIGN ,3,2011-09-22 17:31:00,4.95,12425.0,Portugal
576593,23324,RUSTIC STRAWBERRY JAM POT LARGE ,4,2011-11-15 14:48:00,2.08,15720.0,United Kingdom
553005,22917,HERB MARKER ROSEMARY,2,2011-05-12 16:29:00,0.65,14651.0,United Kingdom
560412,22386,JUMBO BAG PINK POLKADOT,4,2011-07-18 14:32:00,2.08,12748.0,United Kingdom
549734,84596F,SMALL MARSHMALLOWS PINK BOWL,2,2011-04-11 17:12:00,0.42,16409.0,United Kingdom
566320,48138,DOORMAT UNION FLAG,10,2011-09-12 11:41:00,7.08,13983.0,United Kingdom
544695,22840,ROUND CAKE TIN VINTAGE RED,2,2011-02-23 09:38:00,7.95,14276.0,United Kingdom
539049,22112,CHOCOLATE HOT WATER BOTTLE,24,2010-12-15 16:21:00,4.25,15615.0,United Kingdom
558368,23263,SET OF 3 WOODEN HEART DECORATIONS,12,2011-06-28 15:36:00,1.25,14329.0,United Kingdom
579465,23323,WHITE WICKER STAR ,1,2011-11-29 14:53:00,2.1,15790.0,United Kingdom
580536,22379,RECYCLING BAG RETROSPOT ,5,2011-12-04 16:07:00,2.1,12490.0,France
558862,23161,REGENCY CAKE FORK,12,2011-07-04 12:25:00,1.25,13901.0,United Kingdom
539472,85227,SET OF 6 3D KIT CARDS FOR KIDS,1,2010-12-19 14:23:00,0.85,15581.0,United Kingdom
560251,90122C,TURQUOISE CRYSTAL+GLASS BRACELET,1,2011-07-17 12:32:00,4.95,17774.0,United Kingdom
574740,21231,SWEETHEART CERAMIC TRINKET BOX,12,2011-11-06 16:07:00,1.25,12357.0,Switzerland
573387,23353,6 GIFT TAGS VINTAGE CHRISTMAS ,2,2011-10-30 14:33:00,0.83,15054.0,United Kingdom
570826,84992,72 SWEETHEART FAIRY CAKE CASES,1,2011-10-12 13:14:00,0.55,16753.0,United Kingdom
547052,22480,RED TEA TOWEL CLASSIC DESIGN,7,2011-03-20 12:07:00,1.25,18225.0,United Kingdom
575983,23352,ROLL WRAP 50'S RED CHRISTMAS ,1,2011-11-13 13:45:00,1.25,13379.0,United Kingdom
549118,21976,PACK OF 60 MUSHROOM CAKE CASES,24,2011-04-06 13:18:00,0.55,14911.0,EIRE
581425,22630,DOLLY GIRL LUNCH BOX,2,2011-12-08 15:31:00,1.95,14796.0,United Kingdom
569903,85015,SET OF 12  VINTAGE POSTCARD SET,24,2011-10-06 16:25:00,0.65,13892.0,United Kingdom
555486,84857C,PINK MONTE CARLO HANDBAG,12,2011-06-03 13:05:00,1.95,13248.0,United Kingdom
540120,85199L,LARGE HANGING IVORY & RED WOOD BIRD,36,2011-01-05 10:08:00,0.65,17675.0,United Kingdom
556257,21781,MA CAMPAGNE CUTLERY BOX,3,2011-06-09 17:47:00,14.95,17576.0,United Kingdom
565519,48187,DOORMAT NEW ENGLAND,2,2011-09-05 11:52:00,8.25,12502.0,Spain
578530,23156,SET OF 5 MINI GROCERY MAGNETS,12,2011-11-24 14:37:00,2.08,14251.0,United Kingdom
556489,22460,EMBOSSED GLASS TEALIGHT HOLDER,1,2011-06-12 13:59:00,1.25,14704.0,United Kingdom
561068,23226,FILIGREE HEART DAISY WHITE,24,2011-07-24 14:33:00,1.25,13116.0,United Kingdom
575410,22727,ALARM CLOCK BAKELIKE RED ,12,2011-11-09 15:50:00,3.75,17705.0,United Kingdom
580848,21790,VINTAGE SNAP CARDS,1,2011-12-06 11:51:00,0.85,18005.0,United Kingdom
548735,82483,WOOD 2 DRAWER CABINET WHITE FINISH,2,2011-04-04 10:52:00,6.95,15039.0,United Kingdom
569460,23244,ROUND STORAGE TIN VINTAGE LEAF,6,2011-10-04 11:33:00,1.95,13895.0,United Kingdom
567873,23503,PLAYING CARDS KEEP CALM & CARRY ON,12,2011-09-22 14:25:00,1.25,13055.0,United Kingdom
568161,22734,SET OF 6 RIBBONS VINTAGE CHRISTMAS,2,2011-09-25 12:31:00,2.89,15860.0,United Kingdom
571409,22138,BAKING SET 9 PIECE RETROSPOT ,3,2011-10-17 12:25:00,4.95,14911.0,EIRE
559510,22962,JAM JAR WITH PINK LID,12,2011-07-08 15:29:00,0.85,14961.0,United Kingdom
559505,22192,BLUE DINER WALL CLOCK,2,2011-07-08 15:16:00,8.5,16398.0,United Kingdom
547358,22507,MEMO BOARD RETROSPOT  DESIGN,1,2011-03-22 12:25:00,4.95,15998.0,United Kingdom
552441,22424,ENAMEL BREAD BIN CREAM,1,2011-05-09 12:58:00,12.75,16359.0,United Kingdom
552285,21900,"KEY FOB , SHED",1,2011-05-08 12:58:00,0.65,14684.0,United Kingdom
553220,23144,ZINC T-LIGHT HOLDER STARS SMALL,12,2011-05-16 09:57:00,0.83,13319.0,United Kingdom
548801,21232,STRAWBERRY CERAMIC TRINKET BOX,12,2011-04-04 12:44:00,1.25,15289.0,United Kingdom
564172,22138,BAKING SET 9 PIECE RETROSPOT ,4,2011-08-23 14:19:00,4.95,16033.0,United Kingdom
548461,21239,PINK  POLKADOT CUP,2,2011-03-31 12:08:00,0.85,14527.0,United Kingdom
563017,20992,JAZZ HEARTS PURSE NOTEBOOK,24,2011-08-11 12:48:00,0.39,13198.0,United Kingdom
543586,22090,PAPER BUNTING RETROSPOT,6,2011-02-10 11:16:00,2.95,15809.0,United Kingdom
549687,21213,PACK OF 72 SKULL CAKE CASES,24,2011-04-11 13:29:00,0.55,12363.0,Unspecified
560870,23207,LUNCH BAG ALPHABET DESIGN,20,2011-07-21 14:34:00,1.65,13157.0,United Kingdom
542618,22667,RECIPE BOX RETROSPOT ,1,2011-01-30 15:52:00,2.95,14502.0,United Kingdom
580865,22744,MAKE YOUR OWN MONSOON CARD KIT,4,2011-12-06 11:58:00,0.79,17914.0,United Kingdom
566054,22812,PACK 3 BOXES CHRISTMAS PANNETONE,12,2011-09-08 15:04:00,1.95,12592.0,Germany
548712,22557,PLASTERS IN TIN VINTAGE PAISLEY ,10,2011-04-03 14:42:00,1.65,17050.0,United Kingdom
572306,22327,ROUND SNACK BOXES SET OF 4 SKULLS,2,2011-10-23 15:11:00,2.95,17841.0,United Kingdom
579870,23084,RABBIT NIGHT LIGHT,24,2011-11-30 16:47:00,1.79,12437.0,France
553061,22450,SILK PURSE BABUSHKA BLUE,2,2011-05-13 11:12:00,3.35,17238.0,United Kingdom
569220,72799E,IVORY PILLAR CANDLE SILVER FLOCK,2,2011-10-02 13:26:00,2.95,16007.0,United Kingdom
577783,21519,GIN & TONIC DIET GREETING CARD ,36,2011-11-21 16:20:00,0.42,18139.0,United Kingdom
557414,22045,SPACEBOY GIFT WRAP,25,2011-06-20 11:42:00,0.42,15840.0,United Kingdom
569852,22733,3D TRADITIONAL CHRISTMAS STICKERS,18,2011-10-06 14:17:00,1.25,13771.0,United Kingdom
543619,22220,CAKE STAND LOVEBIRD 2 TIER WHITE,2,2011-02-10 14:51:00,9.95,16842.0,United Kingdom
554933,21980,PACK OF 12 RED RETROSPOT TISSUES ,12,2011-05-27 13:26:00,0.29,13232.0,United Kingdom
568317,21484,CHICK GREY HOT WATER BOTTLE,8,2011-09-26 13:25:00,4.25,17491.0,United Kingdom
551412,20914,SET/5 RED RETROSPOT LID GLASS BOWLS,2,2011-04-28 13:31:00,2.95,15508.0,United Kingdom
542619,22457,NATURAL SLATE HEART CHALKBOARD ,6,2011-01-30 15:54:00,2.95,13869.0,United Kingdom
563214,22077,6 RIBBONS RUSTIC CHARM,1,2011-08-14 12:56:00,1.65,16370.0,United Kingdom
577738,84347,ROTATING SILVER ANGELS T-LIGHT HLDR,36,2011-11-21 13:35:00,2.55,13739.0,United Kingdom
566427,22113,GREY HEART HOT WATER BOTTLE,3,2011-09-12 14:24:00,4.25,17433.0,United Kingdom
547801,20725,LUNCH BAG RED RETROSPOT,10,2011-03-25 12:57:00,1.65,14107.0,United Kingdom
541277,47599A,PINK PARTY BAGS,4,2011-01-17 11:46:00,2.1,12673.0,Germany
541570,47599A,PINK PARTY BAGS,100,2011-01-19 12:34:00,1.69,14646.0,Netherlands
552467,84912A,PINK ROSE WASHBAG,12,2011-05-09 15:29:00,3.75,15249.0,United Kingdom
579516,22041,"RECORD FRAME 7"" SINGLE SIZE ",1,2011-11-29 17:52:00,2.55,17841.0,United Kingdom
542934,22631,CIRCUS PARADE LUNCH BOX ,12,2011-02-02 11:01:00,1.95,13093.0,United Kingdom
543300,22300,COFFEE MUG DOG + BALL DESIGN,12,2011-02-07 11:42:00,2.55,13334.0,United Kingdom
580633,22086,PAPER CHAIN KIT 50'S CHRISTMAS ,2,2011-12-05 12:28:00,2.95,17579.0,United Kingdom
580504,22466,FAIRY TALE COTTAGE NIGHT LIGHT,1,2011-12-04 13:32:00,1.95,17936.0,United Kingdom
570214,21989,PACK OF 20 SKULL PAPER NAPKINS,2,2011-10-09 11:50:00,0.85,12748.0,United Kingdom
562569,20724,RED RETROSPOT CHARLOTTE BAG,6,2011-08-07 12:05:00,0.85,17323.0,United Kingdom
566625,22806,SET OF 6 T-LIGHTS WEDDING CAKE ,6,2011-09-14 09:38:00,2.95,14911.0,EIRE
569905,20914,SET/5 RED RETROSPOT LID GLASS BOWLS,6,2011-10-06 16:28:00,2.95,13549.0,United Kingdom
567128,22715,CARD WEDDING DAY,12,2011-09-16 14:04:00,0.42,18055.0,United Kingdom
545184,22178,VICTORIAN GLASS HANGING T-LIGHT,12,2011-02-28 15:00:00,1.25,13292.0,United Kingdom
541845,21430,SET/3 RED GINGHAM ROSE STORAGE BOX,1,2011-01-23 12:41:00,3.75,15167.0,United Kingdom
575629,22909,SET OF 20 VINTAGE CHRISTMAS NAPKINS,12,2011-11-10 13:34:00,0.85,12599.0,France
550342,22662,LUNCH BAG DOLLY GIRL DESIGN,10,2011-04-17 15:55:00,1.65,13018.0,United Kingdom
566010,23354,6 GIFT TAGS 50'S CHRISTMAS ,6,2011-09-08 12:05:00,0.83,13700.0,United Kingdom
547878,22151,PLACE SETTING WHITE HEART,40,2011-03-27 16:01:00,0.42,15939.0,United Kingdom
558622,47566,PARTY BUNTING,8,2011-06-30 16:51:00,4.95,16357.0,United Kingdom
543590,22030,SWALLOWS GREETING CARD,12,2011-02-10 11:44:00,0.42,17377.0,United Kingdom
561600,22173,METAL 4 HOOK HANGER FRENCH CHATEAU,2,2011-07-28 11:29:00,2.95,15861.0,United Kingdom
572566,22154,ANGEL DECORATION 3 BUTTONS ,48,2011-10-25 10:17:00,0.42,13050.0,United Kingdom
578517,22086,PAPER CHAIN KIT 50'S CHRISTMAS ,12,2011-11-24 13:53:00,2.95,16523.0,United Kingdom
540701,22834,HAND WARMER BABUSHKA DESIGN,24,2011-01-11 09:48:00,0.85,15640.0,United Kingdom
581538,23527,WALL ART ANIMALS AND NATURE ,1,2011-12-09 11:34:00,3.75,14446.0,United Kingdom
577697,23100,SILVER BELLS TABLE DECORATION,12,2011-11-21 12:02:00,1.25,15804.0,United Kingdom
551843,22956,36 FOIL HEART CAKE CASES,6,2011-05-04 13:57:00,2.1,16094.0,United Kingdom
543935,22698,PINK REGENCY TEACUP AND SAUCER,6,2011-02-14 14:39:00,2.95,12989.0,United Kingdom
559948,21294,ETCHED GLASS COASTER,48,2011-07-14 10:41:00,0.39,12653.0,Israel
576066,21934,SKULL SHOULDER BAG,1,2011-11-13 15:44:00,1.65,16898.0,United Kingdom
555553,20676,RED RETROSPOT BOWL,8,2011-06-05 13:45:00,1.25,12662.0,Germany
577850,22186,RED STAR CARD HOLDER,12,2011-11-22 11:04:00,1.95,14911.0,EIRE
577142,23348,CHILDRENS TOY COOKING UTENSIL SET,12,2011-11-18 09:19:00,2.08,13985.0,United Kingdom
540267,22933,BAKING MOULD EASTER EGG MILK CHOC,6,2011-01-06 11:12:00,2.95,12415.0,Australia
564353,22030,SWALLOWS GREETING CARD,12,2011-08-24 15:08:00,0.42,15764.0,United Kingdom
575132,35599B,BLACK CHRISTMAS TREE 120CM,6,2011-11-08 14:44:00,1.95,18177.0,United Kingdom
567794,21931,JUMBO STORAGE BAG SUKI,20,2011-09-22 11:41:00,1.79,17581.0,United Kingdom
572125,23507,MINI PLAYING CARDS BUFFALO BILL ,20,2011-10-21 08:57:00,0.42,16156.0,United Kingdom
561320,21034,REX CASH+CARRY JUMBO SHOPPER,1,2011-07-26 12:57:00,0.95,16942.0,United Kingdom
551868,21171,BATHROOM METAL SIGN ,12,2011-05-04 16:29:00,1.45,12540.0,Spain
558751,23207,LUNCH BAG ALPHABET DESIGN,2,2011-07-03 11:26:00,1.65,16009.0,United Kingdom
580727,21933,PINK VINTAGE PAISLEY PICNIC BAG,1,2011-12-05 17:17:00,2.46,14096.0,United Kingdom
577061,20961,STRAWBERRY BATH SPONGE ,10,2011-11-17 14:40:00,1.25,14911.0,EIRE
550633,82582,AREA PATROLLED METAL SIGN,1,2011-04-19 14:57:00,2.1,17449.0,United Kingdom
571477,21232,STRAWBERRY CERAMIC TRINKET BOX,36,2011-10-17 14:54:00,1.25,12794.0,Portugal
537608,22554,PLASTERS IN TIN WOODLAND ANIMALS,1,2010-12-07 13:20:00,1.65,15024.0,United Kingdom
547940,21877,HOME SWEET HOME MUG,6,2011-03-28 14:43:00,1.25,16814.0,United Kingdom
538836,21843,RED RETROSPOT CAKE STAND,1,2010-12-14 13:09:00,10.95,12748.0,United Kingdom
544067,22698,PINK REGENCY TEACUP AND SAUCER,8,2011-02-15 14:02:00,2.95,16431.0,United Kingdom
537362,21955,DOORMAT UNION JACK GUNS AND ROSES,1,2010-12-06 12:34:00,7.95,17596.0,United Kingdom
545901,22659,LUNCH BOX I LOVE LONDON,1,2011-03-07 17:52:00,1.95,15834.0,United Kingdom
545661,22403,MAGNETS PACK OF 4 VINTAGE LABELS ,12,2011-03-04 14:41:00,1.25,15358.0,United Kingdom
559537,21232,STRAWBERRY CERAMIC TRINKET BOX,4,2011-07-10 12:23:00,1.25,14472.0,United Kingdom
574475,22621,TRADITIONAL KNITTING NANCY,12,2011-11-04 12:18:00,1.65,14132.0,United Kingdom
577545,23191,BUNDLE OF 3 RETRO NOTE BOOKS,6,2011-11-20 14:43:00,1.65,16931.0,United Kingdom
560828,22161,HEART DECORATION RUSTIC HANGING ,64,2011-07-21 11:55:00,0.19,14298.0,United Kingdom
577741,23480,MINI LIGHTS WOODLAND MUSHROOMS,4,2011-11-21 13:40:00,3.75,12921.0,United Kingdom
580506,23247,BISCUIT TIN 50'S CHRISTMAS,12,2011-12-04 13:34:00,2.89,13319.0,United Kingdom
576899,20679,EDWARDIAN PARASOL RED,3,2011-11-17 08:49:00,5.95,14911.0,EIRE
559356,23245,SET OF 3 REGENCY CAKE TINS,4,2011-07-07 18:29:00,4.95,15416.0,United Kingdom
544292,20749,ASSORTED COLOUR MINI CASES,1,2011-02-17 12:33:00,7.95,16745.0,United Kingdom
563659,23202,JUMBO BAG VINTAGE LEAF,100,2011-08-18 11:00:00,1.75,13694.0,United Kingdom
561085,23199,JUMBO BAG APPLES,10,2011-07-25 09:26:00,2.08,14367.0,United Kingdom
557442,22622,BOX OF VINTAGE ALPHABET BLOCKS,2,2011-06-20 12:53:00,11.95,14808.0,United Kingdom
567939,35953,FOLKART STAR CHRISTMAS DECORATIONS,48,2011-09-22 18:15:00,0.39,16715.0,United Kingdom
574864,22571,ROCKING HORSE RED CHRISTMAS ,11,2011-11-07 12:29:00,0.85,14387.0,United Kingdom
577728,22197,POPCORN HOLDER,100,2011-11-21 12:52:00,0.72,17811.0,United Kingdom
568066,21034,REX CASH+CARRY JUMBO SHOPPER,1,2011-09-23 13:48:00,0.95,14529.0,United Kingdom
571069,23210,WHITE ROCKING HORSE HAND PAINTED,6,2011-10-13 15:15:00,1.25,13668.0,United Kingdom
562708,21232,STRAWBERRY CERAMIC TRINKET BOX,4,2011-08-08 14:15:00,1.25,17085.0,United Kingdom
572331,23271,CHRISTMAS TABLE SILVER CANDLE SPIKE,32,2011-10-24 10:18:00,0.83,16491.0,United Kingdom
537262,22834,HAND WARMER BABUSHKA DESIGN,2,2010-12-06 11:26:00,2.1,15039.0,United Kingdom
567886,84879,ASSORTED COLOUR BIRD ORNAMENT,16,2011-09-22 15:18:00,1.69,12930.0,United Kingdom
563172,23295,SET OF 12 MINI LOAF BAKING CASES,16,2011-08-12 13:15:00,0.83,12399.0,Belgium
548749,21096,SET/6 FRUIT SALAD  PAPER PLATES,12,2011-04-04 12:29:00,0.39,13004.0,United Kingdom
574951,23118,PARISIENNE JEWELLERY DRAWER ,2,2011-11-08 09:44:00,7.5,15763.0,United Kingdom
552469,22035,VINTAGE CARAVAN GREETING CARD ,12,2011-05-09 15:34:00,0.42,12867.0,United Kingdom
540458,22263,FELT EGG COSY LADYBIRD ,48,2011-01-07 12:28:00,0.19,12501.0,Germany
571828,22639,SET OF 4 NAPKIN CHARMS HEARTS,6,2011-10-19 11:52:00,2.55,16440.0,United Kingdom
573485,82494L,WOODEN FRAME ANTIQUE WHITE ,6,2011-10-31 11:37:00,2.95,15752.0,United Kingdom
580322,22578,WOODEN STAR CHRISTMAS SCANDINAVIAN,24,2011-12-02 15:48:00,0.29,17567.0,United Kingdom
571283,85053,FRENCH ENAMEL CANDLEHOLDER,2,2011-10-16 13:51:00,2.1,16533.0,United Kingdom
541712,21985,PACK OF 12 HEARTS DESIGN TISSUES ,12,2011-01-21 11:19:00,0.29,17890.0,United Kingdom
544476,21908,CHOCOLATE THIS WAY METAL SIGN,2,2011-02-21 09:58:00,2.1,14796.0,United Kingdom
565152,21372,MIRRORED WALL ART TABLE LAMP,2,2011-09-01 14:42:00,0.75,17799.0,United Kingdom
567635,22037,ROBOT BIRTHDAY CARD,12,2011-09-21 13:41:00,0.42,16523.0,United Kingdom
576846,22423,REGENCY CAKESTAND 3 TIER,1,2011-11-16 15:35:00,12.75,13500.0,United Kingdom
554013,22090,PAPER BUNTING RETROSPOT,6,2011-05-20 13:13:00,2.95,13308.0,United Kingdom
549958,22273,FELTCRAFT DOLL MOLLY,1,2011-04-13 13:47:00,2.95,17589.0,United Kingdom
549274,16156L,WRAP CAROUSEL,25,2011-04-07 13:07:00,0.42,12721.0,France
573576,22940,FELTCRAFT CHRISTMAS FAIRY,2,2011-10-31 14:09:00,8.29,14096.0,United Kingdom
544467,22294,HEART FILIGREE DOVE  SMALL,1,2011-02-20 15:51:00,1.25,14502.0,United Kingdom
537843,22776,SWEETHEART CAKESTAND 3 TIER,2,2010-12-08 15:16:00,9.95,15713.0,United Kingdom
576351,21591,COSY HOUR CIGAR BOX MATCHES ,1,2011-11-14 15:51:00,1.25,17235.0,United Kingdom
548003,21506,"FANCY FONT BIRTHDAY CARD, ",12,2011-03-29 10:39:00,0.42,18044.0,United Kingdom
550016,22557,PLASTERS IN TIN VINTAGE PAISLEY ,12,2011-04-14 10:54:00,1.65,15416.0,United Kingdom
574532,22550,HOLIDAY FUN LUDO,4,2011-11-04 14:19:00,3.75,15676.0,United Kingdom
561798,84991,60 TEATIME FAIRY CAKE CASES,24,2011-07-29 13:39:00,0.55,14911.0,EIRE
553235,23084,RABBIT NIGHT LIGHT,6,2011-05-16 11:13:00,2.08,13018.0,United Kingdom
549981,21742,LARGE ROUND WICKER PLATTER ,1,2011-04-13 15:49:00,5.95,16348.0,United Kingdom
538799,21621,VINTAGE UNION JACK BUNTING,2,2010-12-14 11:48:00,8.5,15039.0,United Kingdom
558358,23300,GARDENERS KNEELING PAD CUP OF TEA ,1,2011-06-28 15:05:00,1.65,17965.0,United Kingdom
556809,84997D,CHILDRENS CUTLERY POLKADOT PINK,10,2011-06-14 16:48:00,4.15,17179.0,United Kingdom
567879,20973,12 PENCIL SMALL TUBE WOODLAND,24,2011-09-22 14:53:00,0.65,16161.0,United Kingdom
576076,22553,PLASTERS IN TIN SKULLS,4,2011-11-13 16:18:00,1.65,14382.0,United Kingdom
557136,85066,CREAM SWEETHEART MINI CHEST,2,2011-06-17 09:23:00,12.75,14911.0,EIRE
575484,22722,SET OF 6 SPICE TINS PANTRY DESIGN,4,2011-11-09 17:02:00,3.95,16670.0,United Kingdom
542420,21613,S/12 VANILLA  BOTANICAL T-LIGHTS,1,2011-01-27 18:05:00,2.95,17180.0,United Kingdom
574653,POST,POSTAGE,2,2011-11-06 11:30:00,18.0,12619.0,Germany
568715,22028,PENNY FARTHING BIRTHDAY CARD,12,2011-09-28 16:07:00,0.42,17783.0,United Kingdom
570833,23201,JUMBO BAG ALPHABET,10,2011-10-12 13:30:00,2.08,14834.0,United Kingdom
567485,23131,MISTLETOE HEART WREATH CREAM,2,2011-09-20 13:52:00,4.15,15026.0,United Kingdom
572023,22654,DELUXE SEWING KIT ,1,2011-10-20 11:03:00,5.95,17764.0,United Kingdom
550331,22230,JIGSAW TREE WITH WATERING CAN,2,2011-04-17 13:43:00,0.85,15555.0,United Kingdom
574839,23527,WALL ART ANIMALS AND NATURE ,1,2011-11-07 11:40:00,3.75,15493.0,United Kingdom
555933,23232,WRAP VINTAGE PETALS  DESIGN,25,2011-06-08 08:49:00,0.42,12567.0,France
575700,23284,DOORMAT KEEP CALM AND COME IN,4,2011-11-10 16:58:00,8.25,15111.0,United Kingdom
549309,22562,MONSTERS STENCIL CRAFT,12,2011-04-08 09:15:00,1.25,15114.0,United Kingdom
565218,23245,SET OF 3 REGENCY CAKE TINS,4,2011-09-01 17:45:00,4.95,12739.0,United Arab Emirates
579832,21810,CHRISTMAS HANGING STAR WITH BELL,48,2011-11-30 15:58:00,0.39,17434.0,United Kingdom
556494,23206,LUNCH BAG APPLE DESIGN,3,2011-06-12 14:57:00,1.65,17802.0,United Kingdom
547937,22562,MONSTERS STENCIL CRAFT,2,2011-03-28 14:27:00,1.25,15068.0,United Kingdom
558194,20996,JAZZ HEARTS ADDRESS BOOK,14,2011-06-27 12:28:00,0.19,14583.0,United Kingdom
571243,22841,ROUND CAKE TIN VINTAGE GREEN,2,2011-10-14 15:26:00,7.95,14595.0,United Kingdom
576915,23165,LARGE CERAMIC TOP STORAGE JAR,6,2011-11-17 10:21:00,1.65,17461.0,United Kingdom
579470,21730,GLASS STAR FROSTED T-LIGHT HOLDER,4,2011-11-29 15:06:00,4.95,16549.0,United Kingdom
548988,22570,FELTCRAFT CUSHION RABBIT,8,2011-04-05 13:07:00,3.75,17618.0,United Kingdom
554818,84947,ANTIQUE SILVER TEA GLASS ENGRAVED,72,2011-05-26 14:09:00,1.06,13199.0,United Kingdom
569568,16258A,SWIRLY CIRCULAR RUBBERS IN BAG,36,2011-10-05 09:57:00,0.42,12700.0,France
572105,22946,WOODEN ADVENT CALENDAR CREAM,24,2011-10-20 17:00:00,12.75,15187.0,United Kingdom
555092,22149,FELTCRAFT 6 FLOWER FRIENDS,3,2011-05-31 13:08:00,2.1,16483.0,United Kingdom
541813,22178,VICTORIAN GLASS HANGING T-LIGHT,24,2011-01-21 15:36:00,1.25,18239.0,United Kingdom
572289,85123A,WHITE HANGING HEART T-LIGHT HOLDER,2,2011-10-23 12:37:00,2.95,13782.0,United Kingdom
562849,22662,LUNCH BAG DOLLY GIRL DESIGN,10,2011-08-10 09:52:00,1.65,16700.0,United Kingdom
561894,84536A,ENGLISH ROSE NOTEBOOK A7 SIZE,1,2011-07-31 15:00:00,0.42,14456.0,United Kingdom
546764,22185,SLATE TILE NATURAL HANGING,12,2011-03-16 14:31:00,1.65,15671.0,United Kingdom
537202,22149,FELTCRAFT 6 FLOWER FRIENDS,2,2010-12-05 14:25:00,2.1,14506.0,United Kingdom
574883,84519B,CARROT CHARLIE+LOLA COASTER SET,5,2011-11-07 13:56:00,1.25,14623.0,United Kingdom
547649,22558,CLOTHES PEGS RETROSPOT PACK 24 ,5,2011-03-24 12:02:00,1.49,18118.0,United Kingdom
537692,37448,CERAMIC CAKE DESIGN SPOTTED MUG,6,2010-12-08 10:40:00,1.49,14796.0,United Kingdom
574484,23275,SET OF 3 HANGING OWLS OLLIE BEAK,12,2011-11-04 12:50:00,1.25,14388.0,United Kingdom
579927,22730,ALARM CLOCK BAKELIKE IVORY,4,2011-12-01 09:20:00,3.75,12572.0,Germany
576095,23546,WRAP PAISLEY PARK ,25,2011-11-14 09:13:00,0.42,14904.0,United Kingdom
572283,23265,SET OF 3 WOODEN TREE DECORATIONS,2,2011-10-23 11:42:00,1.25,15000.0,United Kingdom
563538,21131,GOLD STANDING GNOME,3,2011-08-17 11:48:00,4.25,17841.0,United Kingdom
541970,22554,PLASTERS IN TIN WOODLAND ANIMALS,24,2011-01-24 13:48:00,1.65,15179.0,United Kingdom
540642,22467,GUMBALL COAT RACK,12,2011-01-10 13:22:00,2.55,12681.0,France
545530,22149,FELTCRAFT 6 FLOWER FRIENDS,6,2011-03-03 13:45:00,2.1,17416.0,United Kingdom
562034,23245,SET OF 3 REGENCY CAKE TINS,4,2011-08-02 09:14:00,4.95,12449.0,Belgium
551002,22621,TRADITIONAL KNITTING NANCY,12,2011-04-26 09:37:00,1.65,16834.0,United Kingdom
547063,22352,LUNCH BOX WITH CUTLERY RETROSPOT ,2,2011-03-20 13:33:00,2.55,14769.0,United Kingdom
580647,23023,RIDGED BONNE JAM JAR T-LIGHT HOLDER,6,2011-12-05 13:14:00,1.65,14083.0,United Kingdom
539663,22720,SET OF 3 CAKE TINS PANTRY DESIGN ,1,2010-12-21 10:26:00,4.95,17961.0,United Kingdom
538078,21080,SET/20 RED RETROSPOT PAPER NAPKINS ,4,2010-12-09 14:25:00,0.85,16255.0,United Kingdom
547370,22197,SMALL POPCORN HOLDER,7,2011-03-22 13:32:00,0.85,14711.0,United Kingdom
572125,23328,SET 6 SCHOOL MILK BOTTLES IN CRATE,4,2011-10-21 08:57:00,3.75,16156.0,United Kingdom
539835,22650,CERAMIC PIRATE CHEST MONEY BANK,12,2010-12-22 13:39:00,1.45,16477.0,United Kingdom
537393,22837,HOT WATER BOTTLE BABUSHKA ,24,2010-12-06 13:59:00,4.65,13089.0,United Kingdom
575342,23118,PARISIENNE JEWELLERY DRAWER ,2,2011-11-09 14:44:00,7.5,17528.0,United Kingdom
580752,23389,SPACEBOY MINI BACKPACK,4,2011-12-06 09:56:00,4.15,12478.0,Greece
578080,22574,HEART WOODEN CHRISTMAS DECORATION,12,2011-11-22 16:28:00,0.85,15634.0,United Kingdom
571502,21922,UNION STRIPE WITH FRINGE  HAMMOCK,4,2011-10-17 15:18:00,7.95,14422.0,United Kingdom
550775,15036,ASSORTED COLOURS SILK FAN,12,2011-04-20 13:18:00,0.83,15805.0,United Kingdom
577778,21975,PACK OF 60 DINOSAUR CAKE CASES,1,2011-11-21 16:10:00,0.55,16549.0,United Kingdom
570116,23328,SET 6 SCHOOL MILK BOTTLES IN CRATE,2,2011-10-07 12:38:00,3.75,12856.0,United Kingdom
548870,22360,GLASS JAR ENGLISH CONFECTIONERY,3,2011-04-04 14:41:00,2.95,14606.0,United Kingdom
566269,23389,SPACEBOY MINI BACKPACK,1,2011-09-11 13:39:00,4.15,17864.0,United Kingdom
577057,21650,ASSORTED TUTTI FRUTTI BRACELET,10,2011-11-17 14:26:00,0.19,12748.0,United Kingdom
548860,21877,HOME SWEET HOME MUG,2,2011-04-04 13:38:00,1.25,13263.0,United Kingdom
574273,22120,WELCOME  WOODEN BLOCK LETTERS,2,2011-11-03 14:33:00,9.95,16322.0,United Kingdom
551542,21658,GLASS  BEURRE DISH,4,2011-05-03 09:05:00,3.95,14732.0,United Kingdom
558862,23020,GLASS  SONGBIRD STORAGE JAR,1,2011-07-04 12:25:00,12.5,13901.0,United Kingdom
559554,82482,WOODEN PICTURE FRAME WHITE FINISH,36,2011-07-11 10:12:00,2.1,14258.0,United Kingdom
552257,22697,GREEN REGENCY TEACUP AND SAUCER,6,2011-05-08 11:08:00,2.95,16923.0,United Kingdom
574502,21916,SET 12 RETRO WHITE CHALK STICKS,1,2011-11-04 13:16:00,0.42,17274.0,United Kingdom
577106,23343,JUMBO BAG VINTAGE CHRISTMAS ,3,2011-11-17 17:18:00,2.08,14456.0,United Kingdom
580644,21166,COOK WITH WINE METAL SIGN ,1,2011-12-05 13:10:00,2.08,16904.0,United Kingdom
557799,22493,PAINT YOUR OWN CANVAS SET,12,2011-06-23 09:53:00,1.65,14854.0,United Kingdom
552624,21745,GAOLERS KEYS DECORATIVE GARDEN ,3,2011-05-10 12:53:00,3.75,14505.0,United Kingdom
553504,22295,HEART FILIGREE DOVE LARGE,12,2011-05-17 13:26:00,1.65,13310.0,United Kingdom
578250,22094,RED RETROSPOT TISSUE BOX,1,2011-11-23 12:43:00,0.39,15901.0,United Kingdom
562537,23320,GIANT 50'S CHRISTMAS CRACKER,12,2011-08-05 15:02:00,2.89,12517.0,Germany
563070,17012A,ORIGAMI VANILLA INCENSE/CANDLE SET ,8,2011-08-11 15:34:00,0.85,14099.0,United Kingdom
541552,22151,PLACE SETTING WHITE HEART,24,2011-01-19 11:15:00,0.42,15039.0,United Kingdom
547903,47599A,PINK PARTY BAGS,1,2011-03-28 11:59:00,2.1,15039.0,United Kingdom
564375,22654,DELUXE SEWING KIT ,3,2011-08-25 10:16:00,5.95,13078.0,United Kingdom
543391,20727,LUNCH BAG  BLACK SKULL.,10,2011-02-08 10:12:00,1.65,14475.0,United Kingdom
558702,21912,VINTAGE SNAKES & LADDERS,1,2011-07-01 12:45:00,3.75,12748.0,United Kingdom
556193,21060,PARTY INVITES BALLOON GIRL,12,2011-06-09 12:04:00,0.85,14132.0,United Kingdom
542596,48194,DOORMAT HEARTS,3,2011-01-30 10:27:00,7.95,14532.0,United Kingdom
579506,23552,BICYCLE PUNCTURE REPAIR KIT ,12,2011-11-29 16:31:00,2.08,15089.0,United Kingdom
574684,23205,CHARLOTTE BAG VINTAGE ALPHABET ,10,2011-11-06 12:56:00,0.85,17581.0,United Kingdom
565219,22629,SPACEBOY LUNCH BOX ,12,2011-09-01 18:07:00,1.95,14420.0,United Kingdom
577034,85136C,RED SHARK HELICOPTER,1,2011-11-17 13:16:00,7.95,12847.0,United Kingdom
552692,22489,PACK OF 12 TRADITIONAL CRAYONS,24,2011-05-10 15:19:00,0.42,13990.0,United Kingdom
541417,22507,MEMO BOARD RETROSPOT  DESIGN,2,2011-01-17 16:23:00,4.95,16033.0,United Kingdom
575219,23389,SPACEBOY MINI BACKPACK,4,2011-11-09 11:17:00,4.15,17511.0,United Kingdom
564752,20969,RED FLORAL FELTCRAFT SHOULDER BAG,16,2011-08-30 10:07:00,3.75,16126.0,United Kingdom
561626,23322,LARGE WHITE HEART OF WICKER,2,2011-07-28 14:03:00,2.95,14898.0,United Kingdom
578251,51014L,"FEATHER PEN,LIGHT PINK",24,2011-11-23 12:45:00,0.39,15993.0,United Kingdom
576889,23266,SET OF 3 WOODEN STOCKING DECORATION,1,2011-11-16 17:24:00,1.25,12748.0,United Kingdom
580960,35095A,BLUE VICTORIAN FABRIC OVAL BOX,3,2011-12-06 14:35:00,0.42,16016.0,United Kingdom
572068,23414,ZINC BOX SIGN HOME,1,2011-10-20 13:20:00,9.95,13159.0,United Kingdom
575760,21928,JUMBO BAG SCANDINAVIAN BLUE PAISLEY,1,2011-11-11 10:50:00,2.08,15965.0,United Kingdom
560239,23294,SET OF 6 SNACK LOAF BAKING CASES,8,2011-07-17 11:50:00,0.83,13507.0,United Kingdom
571566,22456,NATURAL SLATE CHALKBOARD LARGE ,3,2011-10-18 10:19:00,4.95,13594.0,United Kingdom
540525,21355,TOAST ITS - I LOVE YOU ,12,2011-01-09 13:02:00,1.25,16833.0,United Kingdom
577554,22969,HOMEMADE JAM SCENTED CANDLES,12,2011-11-20 15:35:00,1.45,15533.0,United Kingdom
575145,22941,CHRISTMAS LIGHTS 10 REINDEER,4,2011-11-08 15:40:00,8.5,14116.0,United Kingdom
563017,21559,STRAWBERRY LUNCH BOX WITH CUTLERY,6,2011-08-11 12:48:00,2.55,13198.0,United Kingdom
552536,22430,ENAMEL WATERING CAN CREAM,4,2011-05-10 10:00:00,4.95,14209.0,United Kingdom
569533,21400,RED PUDDING SPOON,12,2011-10-04 15:21:00,0.12,16374.0,United Kingdom
571197,23140,TRIPLE WIRE HOOK IVORY HEART,1,2011-10-14 12:08:00,4.15,16413.0,United Kingdom
544464,84559B,3D SHEET OF CAT STICKERS,3,2011-02-20 14:38:00,0.85,17323.0,United Kingdom
579391,22530,MAGIC DRAWING SLATE DOLLY GIRL ,24,2011-11-29 12:07:00,0.42,14251.0,United Kingdom
571850,23393,HOME SWEET HOME CUSHION COVER ,4,2011-10-19 12:54:00,3.75,14698.0,United Kingdom
543117,22624,IVORY KITCHEN SCALES,2,2011-02-03 13:30:00,8.5,12464.0,Belgium
577842,48116,DOORMAT MULTICOLOUR STRIPE,2,2011-11-22 10:39:00,8.25,16353.0,United Kingdom
543281,21746,SMALL RED RETROSPOT WINDMILL,1,2011-02-06 15:34:00,1.25,14606.0,United Kingdom
569910,22661,CHARLOTTE BAG DOLLY GIRL DESIGN,10,2011-10-06 16:47:00,0.85,17139.0,United Kingdom
565129,23118,PARISIENNE JEWELLERY DRAWER ,4,2011-09-01 12:41:00,7.5,15719.0,United Kingdom
541115,22659,LUNCH BOX I LOVE LONDON,12,2011-01-13 15:34:00,1.95,12578.0,Italy
569844,22720,SET OF 3 CAKE TINS PANTRY DESIGN ,3,2011-10-06 13:30:00,4.95,12626.0,Germany
560729,20728,LUNCH BAG CARS BLUE,100,2011-07-20 14:39:00,1.45,17511.0,United Kingdom
560820,22619,SET OF 6 SOLDIER SKITTLES,3,2011-07-21 10:59:00,3.75,17811.0,United Kingdom
565791,21181,PLEASE ONE PERSON METAL SIGN,48,2011-09-07 09:33:00,1.85,16029.0,United Kingdom
542610,22438,BALLOON ART MAKE YOUR OWN FLOWERS,10,2011-01-30 14:05:00,1.95,13148.0,United Kingdom
562031,23166,MEDIUM CERAMIC TOP STORAGE JAR,3,2011-08-01 17:37:00,1.25,16984.0,United Kingdom
567183,22318,FIVE HEART HANGING DECORATION,3,2011-09-18 15:32:00,2.95,14769.0,United Kingdom
577601,22749,FELTCRAFT PRINCESS CHARLOTTE DOLL,4,2011-11-21 08:31:00,3.75,17675.0,United Kingdom
579301,20969,RED FLORAL FELTCRAFT SHOULDER BAG,1,2011-11-29 11:32:00,3.75,18118.0,United Kingdom
578510,22077,6 RIBBONS RUSTIC CHARM,2,2011-11-24 13:25:00,1.95,14056.0,United Kingdom
557570,21094,SET/6 RED SPOTTY PAPER PLATES,6,2011-06-21 10:48:00,0.85,15998.0,United Kingdom
545340,22423,REGENCY CAKESTAND 3 TIER,12,2011-03-02 08:41:00,12.75,15416.0,United Kingdom
555076,21231,SWEETHEART CERAMIC TRINKET BOX,12,2011-05-31 12:11:00,1.25,13900.0,United Kingdom
567236,23209,LUNCH BAG VINTAGE DOILY ,10,2011-09-19 11:33:00,1.65,14735.0,United Kingdom
570482,23203,JUMBO BAG VINTAGE DOILY ,1,2011-10-10 17:00:00,2.08,17459.0,United Kingdom
542153,48194,DOORMAT HEARTS,2,2011-01-26 10:33:00,7.95,13534.0,United Kingdom
548171,22084,PAPER CHAIN KIT EMPIRE,40,2011-03-29 13:58:00,2.55,16422.0,United Kingdom
573865,21934,SKULL SHOULDER BAG,2,2011-11-01 12:00:00,1.65,15311.0,United Kingdom
568703,22130,PARTY CONE CHRISTMAS DECORATION ,36,2011-09-28 15:21:00,0.85,12748.0,United Kingdom
564372,22449,SILK PURSE BABUSHKA PINK,6,2011-08-25 09:55:00,3.35,12714.0,France
541996,85123A,WHITE HANGING HEART T-LIGHT HOLDER,12,2011-01-25 10:20:00,2.95,18075.0,United Kingdom
570088,22631,CIRCUS PARADE LUNCH BOX ,2,2011-10-07 11:32:00,1.95,16764.0,United Kingdom
572517,22652,TRAVEL SEWING KIT,3,2011-10-24 14:47:00,1.65,15068.0,United Kingdom
564016,82494L,WOODEN FRAME ANTIQUE WHITE ,6,2011-08-22 11:44:00,2.95,15712.0,United Kingdom
560692,21034,REX CASH+CARRY JUMBO SHOPPER,1,2011-07-20 12:01:00,0.95,14704.0,United Kingdom
561507,22646,CERAMIC STRAWBERRY CAKE MONEY BANK,12,2011-07-27 14:21:00,1.45,12397.0,Belgium
538886,22367,CHILDRENS APRON SPACEBOY DESIGN,8,2010-12-14 16:07:00,1.95,13846.0,United Kingdom
552314,22759,SET OF 3 NOTEBOOKS IN PARCEL,12,2011-05-08 16:06:00,1.65,14353.0,United Kingdom
571446,84380,SET OF 3 BUTTERFLY COOKIE CUTTERS,48,2011-10-17 13:46:00,1.45,14911.0,EIRE
561047,21094,SET/6 RED SPOTTY PAPER PLATES,12,2011-07-24 12:46:00,0.85,16948.0,United Kingdom
541123,21507,"ELEPHANT, BIRTHDAY CARD, ",12,2011-01-14 09:52:00,0.42,13385.0,United Kingdom
573745,22138,BAKING SET 9 PIECE RETROSPOT ,6,2011-11-01 08:53:00,4.95,17419.0,United Kingdom
568880,23014,GLASS APOTHECARY BOTTLE ELIXIR,1,2011-09-29 12:39:00,3.95,14524.0,United Kingdom
547860,20979,36 PENCILS TUBE RED RETROSPOT,2,2011-03-27 12:21:00,1.25,17625.0,United Kingdom
576112,22572,ROCKING HORSE GREEN CHRISTMAS ,12,2011-11-14 10:34:00,0.85,14902.0,United Kingdom
569331,84997D,CHILDRENS CUTLERY POLKADOT PINK,4,2011-10-03 13:39:00,4.15,16875.0,United Kingdom
557527,23064,CINDERELLA CHANDELIER ,4,2011-06-21 09:44:00,41.75,13941.0,United Kingdom
540514,22726,ALARM CLOCK BAKELIKE GREEN,1,2011-01-09 11:43:00,3.75,15708.0,United Kingdom
546739,82583,HOT BATHS METAL SIGN,72,2011-03-16 12:12:00,1.85,17511.0,United Kingdom
578326,22906,12 MESSAGE CARDS WITH ENVELOPES,5,2011-11-23 17:45:00,1.65,16343.0,United Kingdom
564301,22560,TRADITIONAL MODELLING CLAY,24,2011-08-24 11:54:00,1.25,14299.0,United Kingdom
549949,72051S,BAG OF SILVER STONES,6,2011-04-13 12:57:00,0.42,13208.0,United Kingdom
544351,21931,JUMBO STORAGE BAG SUKI,100,2011-02-18 10:11:00,1.65,16182.0,United Kingdom
550493,23204,CHARLOTTE BAG APPLES DESIGN,2,2011-04-18 14:50:00,0.85,15311.0,United Kingdom
540098,21067,VINTAGE RED TEATIME MUG,2,2011-01-04 15:50:00,1.25,16241.0,United Kingdom
576071,21930,JUMBO STORAGE BAG SKULLS,1,2011-11-13 16:03:00,2.08,18069.0,United Kingdom
568173,21181,PLEASE ONE PERSON METAL SIGN,24,2011-09-25 13:16:00,2.1,16187.0,United Kingdom
537159,22765,NEWSPAPER STAND,1,2010-12-05 13:17:00,14.95,14527.0,United Kingdom
548917,21619,4 VANILLA BOTANICAL CANDLES,6,2011-04-05 10:13:00,3.75,16817.0,United Kingdom
558232,23206,LUNCH BAG APPLE DESIGN,3,2011-06-27 14:30:00,1.65,17841.0,United Kingdom
540769,21135,VICTORIAN  METAL POSTCARD SPRING,8,2011-01-11 10:38:00,1.69,12601.0,Germany
553578,22998,TRAVEL CARD WALLET KEEP CALM,24,2011-05-18 10:39:00,0.42,13767.0,United Kingdom
573421,23338,EGG FRYING PAN RED ,12,2011-10-31 09:50:00,2.08,14292.0,United Kingdom
551014,23204,CHARLOTTE BAG APPLES DESIGN,10,2011-04-26 11:04:00,0.85,13209.0,United Kingdom
545695,22558,CLOTHES PEGS RETROSPOT PACK 24 ,2,2011-03-06 14:15:00,1.49,17050.0,United Kingdom
561105,21930,JUMBO STORAGE BAG SKULLS,10,2011-07-25 11:36:00,2.08,15218.0,United Kingdom
536874,22083,PAPER CHAIN KIT RETROSPOT,1,2010-12-03 11:35:00,2.95,16891.0,United Kingdom
548409,21843,RED RETROSPOT CAKE STAND,6,2011-03-31 10:27:00,10.95,12731.0,France
565782,22558,CLOTHES PEGS RETROSPOT PACK 24 ,1,2011-09-06 15:48:00,1.65,12748.0,United Kingdom
548749,22963,JAM JAR WITH GREEN LID,12,2011-04-04 12:29:00,0.85,13004.0,United Kingdom
560723,22271,FELTCRAFT DOLL ROSIE,1,2011-07-20 13:53:00,2.95,16464.0,United Kingdom
580044,23479,WIRE EGG BASKET ,2,2011-12-01 12:36:00,7.85,14869.0,United Kingdom
569536,21137,BLACK RECORD COVER FRAME,4,2011-10-04 15:44:00,3.75,13269.0,United Kingdom
545232,84836,ZINC METAL HEART DECORATION,12,2011-03-01 10:19:00,1.25,15676.0,United Kingdom
565181,21791,VINTAGE HEADS AND TAILS CARD GAME ,216,2011-09-01 15:52:00,1.06,17381.0,United Kingdom
577831,20719,WOODLAND CHARLOTTE BAG,10,2011-11-22 10:17:00,0.85,16748.0,United Kingdom
576778,22735,RIBBON REEL SOCKS AND MITTENS,3,2011-11-16 13:24:00,1.65,16085.0,United Kingdom
565618,21650,ASSORTED TUTTI FRUTTI BRACELET,24,2011-09-05 15:40:00,0.19,15974.0,United Kingdom
559133,84006,MAGIC TREE -PAPER FLOWERS,12,2011-07-06 13:13:00,0.85,17861.0,United Kingdom
554989,20992,JAZZ HEARTS PURSE NOTEBOOK,1,2011-05-29 13:50:00,0.85,15897.0,United Kingdom
575969,22115,METAL SIGN EMPIRE TEA,3,2011-11-13 12:47:00,0.79,13571.0,United Kingdom
562850,22356,CHARLOTTE BAG PINK POLKADOT,30,2011-08-10 10:08:00,0.85,14680.0,United Kingdom
541270,22457,NATURAL SLATE HEART CHALKBOARD ,2,2011-01-17 11:09:00,2.95,14976.0,United Kingdom
571438,23081,GREEN METAL BOX ARMY SUPPLIES,2,2011-10-17 13:25:00,8.25,15066.0,United Kingdom
580615,23480,MINI LIGHTS WOODLAND MUSHROOMS,4,2011-12-05 12:05:00,3.75,16873.0,United Kingdom
550637,22679,FRENCH BLUE METAL DOOR SIGN 4,5,2011-04-19 15:39:00,1.25,14415.0,United Kingdom
546275,85199S,SMALL HANGING IVORY/RED WOOD BIRD,24,2011-03-10 15:06:00,0.42,13126.0,United Kingdom
576689,22333,RETROSPOT PARTY BAG + STICKER SET,4,2011-11-16 12:18:00,1.65,16657.0,United Kingdom
571067,22952,60 CAKE CASES VINTAGE CHRISTMAS,24,2011-10-13 15:08:00,0.55,16793.0,United Kingdom
545697,21507,"ELEPHANT, BIRTHDAY CARD, ",12,2011-03-06 14:38:00,0.42,14504.0,United Kingdom
566082,23020,GLASS  SONGBIRD STORAGE JAR,1,2011-09-09 10:09:00,12.5,16293.0,United Kingdom
576614,22909,SET OF 20 VINTAGE CHRISTMAS NAPKINS,2,2011-11-15 16:38:00,0.85,12933.0,United Kingdom
550651,21213,PACK OF 72 SKULL CAKE CASES,2,2011-04-19 16:52:00,0.55,15436.0,United Kingdom
573360,23502,PLAYING CARDS VINTAGE DOILY ,1,2011-10-30 12:51:00,1.25,15748.0,United Kingdom
550173,22962,JAM JAR WITH PINK LID,12,2011-04-14 16:58:00,0.85,15235.0,United Kingdom
572286,22739,RIBBON REEL CHRISTMAS SOCK BAUBLE,5,2011-10-23 12:18:00,1.65,16434.0,United Kingdom
570488,23183,MOTHER'S KITCHEN SPOON REST ,2,2011-10-10 17:12:00,7.46,14096.0,United Kingdom
570506,23201,JUMBO BAG ALPHABET,10,2011-10-11 09:50:00,2.08,13283.0,United Kingdom
580025,21873,IF YOU CAN'T STAND THE HEAT MUG,1,2011-12-01 11:53:00,1.25,15021.0,United Kingdom
547370,22077,6 RIBBONS RUSTIC CHARM,2,2011-03-22 13:32:00,1.65,14711.0,United Kingdom
562688,48129,DOORMAT TOPIARY,2,2011-08-08 13:53:00,7.95,13869.0,United Kingdom
563848,22139,RETROSPOT TEA SET CERAMIC 11 PC ,3,2011-08-19 14:57:00,4.95,14911.0,EIRE
567910,POST,POSTAGE,1,2011-09-22 16:58:00,18.0,12437.0,France
570659,90200D,PINK SWEETHEART BRACELET,24,2011-10-11 14:17:00,3.75,16120.0,United Kingdom
560841,84836,ZINC METAL HEART DECORATION,12,2011-07-21 12:25:00,1.06,14298.0,United Kingdom
556279,21754,HOME BUILDING BLOCK WORD,2,2011-06-09 19:55:00,5.95,14562.0,United Kingdom
571377,22423,REGENCY CAKESTAND 3 TIER,2,2011-10-17 11:56:00,12.75,14911.0,EIRE
555159,22961,JAM MAKING SET PRINTED,12,2011-06-01 09:06:00,1.45,15124.0,United Kingdom
580129,22993,SET OF 4 PANTRY JELLY MOULDS,12,2011-12-01 18:03:00,1.25,17426.0,United Kingdom
573510,22940,FELTCRAFT CHRISTMAS FAIRY,3,2011-10-31 12:21:00,4.25,14808.0,United Kingdom
554838,23298,SPOTTY BUNTING,3,2011-05-26 16:30:00,4.95,18232.0,United Kingdom
568675,22356,CHARLOTTE BAG PINK POLKADOT,30,2011-09-28 13:32:00,0.72,14298.0,United Kingdom
547358,22953,BIRTHDAY PARTY CORDON BARRIER TAPE,4,2011-03-22 12:25:00,1.25,15998.0,United Kingdom
574683,23493,VINTAGE DOILY TRAVEL SEWING KIT,2,2011-11-06 12:50:00,1.95,16372.0,United Kingdom
577008,22466,FAIRY TALE COTTAGE NIGHT LIGHT,4,2011-11-17 12:02:00,1.95,16869.0,United Kingdom
542241,22908,PACK OF 20 NAPKINS RED APPLES,3,2011-01-26 14:51:00,0.85,16409.0,United Kingdom
538015,84754,S/15 SILVER GLASS BAUBLES IN BAG,6,2010-12-09 12:49:00,1.25,13240.0,United Kingdom
573335,82552,WASHROOM METAL SIGN,2,2011-10-30 11:35:00,1.45,15059.0,United Kingdom
551282,21169,YOU'RE CONFUSING ME METAL SIGN ,6,2011-04-27 13:44:00,1.69,16919.0,United Kingdom
572028,22726,ALARM CLOCK BAKELIKE GREEN,4,2011-10-20 11:47:00,3.75,15296.0,United Kingdom
574681,23229,VINTAGE DONKEY TAIL GAME ,6,2011-11-06 12:41:00,3.75,15156.0,United Kingdom
544115,21354,TOAST ITS - BEST MUM,12,2011-02-16 11:45:00,1.25,12727.0,France
541302,22113,GREY HEART HOT WATER BOTTLE,4,2011-01-17 14:18:00,3.75,13769.0,United Kingdom
551284,20971,PINK BLUE FELT CRAFT TRINKET BOX,1,2011-04-27 14:05:00,1.25,15005.0,United Kingdom
581456,22998,TRAVEL CARD WALLET KEEP CALM,12,2011-12-08 18:42:00,0.42,17530.0,United Kingdom
547362,22507,MEMO BOARD RETROSPOT  DESIGN,16,2011-03-22 12:33:00,4.25,13694.0,United Kingdom
570598,21175,GIN + TONIC DIET METAL SIGN,12,2011-10-11 11:55:00,2.55,14175.0,United Kingdom
563098,22978,PANTRY ROLLING PIN,12,2011-08-12 09:14:00,3.75,14911.0,EIRE
542110,22209,WOOD STAMP SET HAPPY BIRTHDAY,12,2011-01-25 13:46:00,1.65,14189.0,United Kingdom
581057,22144,CHRISTMAS CRAFT LITTLE FRIENDS,6,2011-12-07 11:03:00,2.1,16817.0,United Kingdom
548160,21791,VINTAGE HEADS AND TAILS CARD GAME ,24,2011-03-29 13:33:00,1.25,16253.0,United Kingdom
564539,22356,CHARLOTTE BAG PINK POLKADOT,10,2011-08-25 15:22:00,0.85,12715.0,Sweden
551533,22481,BLACK TEA TOWEL CLASSIC DESIGN,1,2011-05-01 14:58:00,1.25,15407.0,United Kingdom
549975,22320,BIRDS MOBILE VINTAGE DESIGN,3,2011-04-13 14:38:00,5.95,16175.0,United Kingdom
578262,23381,PACK OF 12 VINTAGE LEAF TISSUES ,1,2011-11-23 13:27:00,0.39,18283.0,United Kingdom
569007,21989,PACK OF 20 SKULL PAPER NAPKINS,12,2011-09-29 18:51:00,0.85,17552.0,United Kingdom
559698,23206,LUNCH BAG APPLE DESIGN,10,2011-07-11 17:07:00,1.65,17589.0,United Kingdom
572443,15056BL,EDWARDIAN PARASOL BLACK,60,2011-10-24 12:10:00,4.95,14145.0,United Kingdom
576910,21484,CHICK GREY HOT WATER BOTTLE,4,2011-11-17 09:51:00,4.25,12477.0,Germany
553404,84836,ZINC METAL HEART DECORATION,24,2011-05-17 08:34:00,1.25,14952.0,United Kingdom
545916,48185,DOORMAT FAIRY CAKE,2,2011-03-08 11:46:00,7.95,12528.0,Germany
548808,22970,LONDON BUS COFFEE MUG,6,2011-04-04 12:55:00,2.55,17774.0,United Kingdom
565430,22893,MINI CAKE STAND T-LIGHT HOLDER,48,2011-09-04 13:07:00,0.42,14335.0,Germany
557247,23007, SPACEBOY BABY GIFT SET,6,2011-06-17 15:09:00,14.95,12731.0,France
556910,21391,FRENCH LAVENDER SCENT HEART,1,2011-06-15 13:25:00,0.75,12748.0,United Kingdom
579069,21172,PARTY METAL SIGN ,12,2011-11-28 10:31:00,1.45,14911.0,EIRE
537022,22791,T-LIGHT GLASS FLUTED ANTIQUE,12,2010-12-03 15:45:00,1.25,12725.0,Italy
568393,23511,EMBROIDERED RIBBON REEL EMILY ,6,2011-09-27 10:12:00,2.08,15754.0,United Kingdom
578057,23008,DOLLY GIRL BABY GIFT SET,1,2011-11-22 15:05:00,16.95,12920.0,United Kingdom
580272,22065,CHRISTMAS PUDDING TRINKET POT ,6,2011-12-02 12:52:00,0.39,15547.0,United Kingdom
546394,22898,CHILDRENS APRON APPLES DESIGN,8,2011-03-11 14:26:00,1.95,17164.0,United Kingdom
575952,23263,SET OF 3 WOODEN HEART DECORATIONS,3,2011-11-13 11:55:00,1.25,16015.0,United Kingdom
555581,23091,ZINC HERB GARDEN CONTAINER,3,2011-06-06 08:04:00,6.25,13865.0,United Kingdom
566773,23394,POSTE FRANCE CUSHION COVER,4,2011-09-15 09:43:00,3.75,12444.0,Norway
544691,22617,BAKING SET SPACEBOY DESIGN,3,2011-02-23 09:09:00,4.95,13804.0,United Kingdom
556782,22470,HEART OF WICKER LARGE,1,2011-06-14 13:04:00,2.95,14871.0,United Kingdom
561645,23171,REGENCY TEA PLATE GREEN ,48,2011-07-28 15:16:00,1.45,14911.0,EIRE
572558,21504,SKULLS GREETING CARD,12,2011-10-25 08:26:00,0.42,14286.0,United Kingdom
571054,23366,SET 12 COLOURING PENCILS DOILY,1,2011-10-13 13:58:00,0.65,14234.0,United Kingdom
541682,84945,MULTI COLOUR SILVER T-LIGHT HOLDER,36,2011-01-20 15:00:00,0.85,14770.0,United Kingdom
581146,22099,CARAVAN SQUARE TISSUE BOX,4,2011-12-07 13:53:00,0.39,17602.0,United Kingdom
558181,22791,T-LIGHT GLASS FLUTED ANTIQUE,120,2011-06-27 12:01:00,1.06,17980.0,United Kingdom
579089,23085,ANTIQUE SILVER BAUBLE LAMP  ,1,2011-11-28 10:46:00,10.4,17920.0,United Kingdom
581404,85150,LADIES & GENTLEMEN METAL SIGN,12,2011-12-08 13:47:00,2.55,13680.0,United Kingdom
561877,22345,PARTY PIZZA DISH BLUE POLKADOT,12,2011-07-31 12:16:00,0.85,16401.0,United Kingdom
560278,35954,SMALL FOLKART STAR CHRISTMAS DEC,6,2011-07-17 15:45:00,0.42,13610.0,United Kingdom
579152,85049E,SCANDINAVIAN REDS RIBBONS,12,2011-11-28 13:26:00,1.25,12479.0,Germany
575054,23199,JUMBO BAG APPLES,10,2011-11-08 12:18:00,2.08,16945.0,United Kingdom
568314,22726,ALARM CLOCK BAKELIKE GREEN,10,2011-09-26 12:58:00,3.75,14387.0,United Kingdom
577554,84380,SET OF 3 BUTTERFLY COOKIE CUTTERS,1,2011-11-20 15:35:00,1.45,15533.0,United Kingdom
569246,22385,JUMBO BAG SPACEBOY DESIGN,1,2011-10-03 09:57:00,4.13,14096.0,United Kingdom
550658,22041,"RECORD FRAME 7"" SINGLE SIZE ",48,2011-04-20 09:01:00,2.1,13576.0,United Kingdom
542934,21506,"FANCY FONT BIRTHDAY CARD, ",12,2011-02-02 11:01:00,0.42,13093.0,United Kingdom
542360,85152,HAND OVER THE CHOCOLATE   SIGN ,1,2011-01-27 12:40:00,2.1,14701.0,United Kingdom
539988,22804,CANDLEHOLDER PINK HANGING HEART,5,2010-12-23 16:06:00,2.95,18116.0,United Kingdom
558751,37446,MINI CAKE STAND WITH HANGING CAKES,2,2011-07-03 11:26:00,1.45,16009.0,United Kingdom
545043,22967,SET 3 SONG BIRD PAPER EGGS ASSORTED,1,2011-02-27 11:05:00,2.95,16407.0,United Kingdom
574824,22625,RED KITCHEN SCALES,2,2011-11-07 10:43:00,8.5,13097.0,United Kingdom
550329,22179,SET 10 LIGHTS NIGHT OWL,2,2011-04-17 13:20:00,6.75,13951.0,United Kingdom
573328,22628,PICNIC BOXES SET OF 3 RETROSPOT ,1,2011-10-30 11:09:00,4.95,16601.0,United Kingdom
555557,72807A,SET/3 ROSE CANDLE IN JEWELLED BOX,4,2011-06-05 14:06:00,4.25,13682.0,United Kingdom
580672,22738,RIBBON REEL SNOWY VILLAGE,2,2011-12-05 14:29:00,1.65,17920.0,United Kingdom
549552,20685,DOORMAT RED RETROSPOT,2,2011-04-10 11:58:00,7.95,13508.0,United Kingdom
563619,20712,JUMBO BAG WOODLAND ANIMALS,10,2011-08-18 10:01:00,2.08,12839.0,United Kingdom
568553,23344,JUMBO BAG 50'S CHRISTMAS ,10,2011-09-27 15:17:00,2.08,15674.0,United Kingdom
577825,22619,SET OF 6 SOLDIER SKITTLES,4,2011-11-22 09:42:00,3.75,17453.0,United Kingdom
540907,21390,FILIGRIS HEART WITH BUTTERFLY,24,2011-01-12 11:52:00,1.25,13488.0,United Kingdom
575602,23542,WALL ART 70'S ALPHABET ,1,2011-11-10 12:27:00,8.25,17059.0,United Kingdom
573326,23079,TOADSTOOL BEDSIDE LIGHT ,4,2011-10-30 11:08:00,8.95,15298.0,United Kingdom
553149,23167,SMALL CERAMIC TOP STORAGE JAR ,12,2011-05-13 14:16:00,0.83,14226.0,United Kingdom
546440,22028,PENNY FARTHING BIRTHDAY CARD,12,2011-03-14 10:31:00,0.42,16871.0,United Kingdom
554151,21912,VINTAGE SNAKES & LADDERS,3,2011-05-23 11:07:00,3.75,14049.0,United Kingdom
560444,22098,BOUDOIR SQUARE TISSUE BOX,4,2011-07-18 17:15:00,0.39,13764.0,United Kingdom
568696,21733,RED HANGING HEART T-LIGHT HOLDER,6,2011-09-28 14:56:00,2.95,13842.0,United Kingdom
577024,21494,ROTATING LEAVES T-LIGHT HOLDER,2,2011-11-17 12:47:00,1.25,14704.0,United Kingdom
560300,16045,POPART WOODEN PENCILS ASST,100,2011-07-18 10:29:00,0.04,14911.0,EIRE
549720,22227,HANGING HEART MIRROR DECORATION ,1,2011-04-11 15:25:00,0.65,14606.0,United Kingdom
550785,17084J,LOVE POTION MASALA INCENSE,25,2011-04-20 14:02:00,0.21,15517.0,United Kingdom
536874,84925D,LA PALMIERA WALL THERMOMETER,1,2010-12-03 11:35:00,2.55,16891.0,United Kingdom
573897,82616C,MIDNIGHT GLAMOUR SCARF KNITTING KIT,2,2011-11-01 14:29:00,1.25,16729.0,United Kingdom
561195,22659,LUNCH BOX I LOVE LONDON,2,2011-07-25 13:57:00,1.95,14796.0,United Kingdom
550016,22427,ENAMEL FLOWER JUG CREAM,6,2011-04-14 10:54:00,5.95,15416.0,United Kingdom
575059,23323,WHITE WICKER STAR ,1,2011-11-08 12:25:00,2.1,14071.0,United Kingdom
557019,22357,KINGS CHOICE BISCUIT TIN,1,2011-06-16 12:45:00,4.25,15907.0,United Kingdom
551953,22898,CHILDRENS APRON APPLES DESIGN,8,2011-05-05 11:53:00,1.95,13448.0,United Kingdom
556527,21936,RED RETROSPOT PICNIC BAG,2,2011-06-13 11:33:00,2.95,16205.0,United Kingdom
570251,22178,VICTORIAN GLASS HANGING T-LIGHT,24,2011-10-10 09:06:00,1.95,17025.0,United Kingdom
556021,22384,LUNCH BAG PINK POLKADOT,10,2011-06-08 12:03:00,1.65,12921.0,United Kingdom
578686,22423,REGENCY CAKESTAND 3 TIER,1,2011-11-25 09:18:00,12.75,13050.0,United Kingdom
563906,82484,WOOD BLACK BOARD ANT WHITE FINISH,2,2011-08-21 11:50:00,7.95,14246.0,United Kingdom
545417,21903,MAN FLU METAL SIGN,12,2011-03-02 13:42:00,2.1,15622.0,United Kingdom
575852,22747,POPPY'S PLAYHOUSE BATHROOM,3,2011-11-11 12:17:00,2.1,17238.0,United Kingdom
576611,23229,VINTAGE DONKEY TAIL GAME ,1,2011-11-15 16:29:00,3.75,17357.0,United Kingdom
578265,21175,GIN + TONIC DIET METAL SIGN,12,2011-11-23 13:28:00,2.55,13018.0,United Kingdom
562772,23312,VINTAGE CHRISTMAS GIFT SACK,2,2011-08-09 12:07:00,4.15,13097.0,United Kingdom
537332,84836,ZINC METAL HEART DECORATION,12,2010-12-06 11:58:00,1.25,14344.0,United Kingdom
540697,22458,CAST IRON HOOK GARDEN FORK,8,2011-01-11 09:20:00,2.55,16670.0,United Kingdom
549568,22294,HEART FILIGREE DOVE  SMALL,24,2011-04-10 15:09:00,1.25,15665.0,United Kingdom
575977,23106,ZINC HEARTS PLANT POT HOLDER,3,2011-11-13 13:27:00,2.89,17287.0,United Kingdom
560262,23091,ZINC HERB GARDEN CONTAINER,2,2011-07-17 13:40:00,6.25,14224.0,United Kingdom
573345,22377,BOTTLE BAG RETROSPOT ,4,2011-10-30 12:14:00,2.1,17609.0,United Kingdom
577258,23290,SPACEBOY CHILDRENS BOWL,1,2011-11-18 12:27:00,-15.5,16764.0,United Kingdom
581021,22465,HANGING METAL STAR LANTERN,12,2011-12-07 10:24:00,-15.5,14769.0,United Kingdom
571565,22130,PARTY CONE CHRISTMAS DECORATION ,12,2011-10-18 10:18:00,-15.5,12720.0,Germany
561885,21847,GREEN  DIAMANTE PEN IN GIFT BOX,1,2011-07-31 13:13:00,-15.5,15532.0,United Kingdom
552191,22968,ROSE COTTAGE KEEPSAKE BOX ,2,2011-05-06 14:12:00,-15.5,16832.0,United Kingdom
547871,20713,JUMBO BAG OWLS,3,2011-03-27 14:28:00,PRECIO_INVALIDO,16931.0,United Kingdom
574260,22423,REGENCY CAKESTAND 3 TIER,4,2011-11-03 13:58:00,PRECIO_INVALIDO,13014.0,United Kingdom
560878,22413,METAL SIGN TAKE IT OR LEAVE IT ,2,2011-07-21 15:16:00,PRECIO_INVALIDO,14410.0,United Kingdom
568185,21329,DINOSAURS  WRITING SET ,1,2011-09-25 14:08:00,PRECIO_INVALIDO,16594.0,United Kingdom
569220,22411,JUMBO SHOPPER VINTAGE RED PAISLEY,1,2011-10-02 13:26:00,PRECIO_INVALIDO,16007.0,United Kingdom
576599,23367,SET 12 COLOUR PENCILS SPACEBOY ,-50,2011-11-15 15:06:00,0.65,14544.0,United Kingdom
563946,85049G,CHOCOLATE BOX RIBBONS ,-50,2011-08-22 10:15:00,1.25,17527.0,United Kingdom
576933,23206,LUNCH BAG APPLE DESIGN,-50,2011-11-17 11:29:00,1.65,15529.0,United Kingdom
565226,22624,IVORY KITCHEN SCALES,-50,2011-09-02 08:50:00,8.5,16992.0,United Kingdom
580404,23367,SET 12 COLOUR PENCILS SPACEBOY ,-50,2011-12-04 12:01:00,0.65,13596.0,United Kingdom
578999,20846,ZINC HEART LATTICE T-LIGHT HOLDER,4,2005-01-01 10:00:00,1.25,17595.0,United Kingdom
537404,85099C,JUMBO  BAG BAROQUE BLACK WHITE,3,2005-01-01 10:00:00,1.95,17191.0,United Kingdom
555591,79321,CHILLI LIGHTS,4,2005-01-01 10:00:00,5.75,15073.0,United Kingdom
572703,23266,SET OF 3 WOODEN STOCKING DECORATION,2,2005-01-01 10:00:00,1.25,16110.0,United Kingdom
562444,21917,SET 12 KIDS  WHITE CHALK STICKS,12,2005-01-01 10:00:00,0.42,14713.0,United Kingdom
550196,22236,CAKE STAND 3 TIER MAGIC GARDEN,1,2011-04-15 10:09:00,12.75,,United Kingdom
574253,22045,SPACEBOY GIFT WRAP,25,2011-11-03 13:30:00,0.42,,United Kingdom
550637,23206,LUNCH BAG APPLE DESIGN,4,2011-04-19 15:39:00,1.65,,United Kingdom
550202,23008,DOLLY GIRL BABY GIFT SET,1,2011-04-15 10:27:00,16.95,,United Kingdom
578323,23321,SMALL WHITE HEART OF WICKER,3,2011-11-23 17:19:00,1.65,,United Kingdom
574544,22199,FRYING PAN RED RETROSPOT,4,2011-11-04 14:49:00,4.25,,United Kingdom
566634,21165,BEWARE OF THE CAT METAL SIGN ,24,2011-09-14 10:42:00,1.69,,United Kingdom
568103,21242,RED RETROSPOT PLATE ,8,2011-09-23 15:45:00,1.69,,Germany
537852,22563,HAPPY STENCIL CRAFT,4,2010-12-08 15:56:00,1.25,,United Kingdom
538069,84535B,FAIRY CAKES NOTEBOOK A6 SIZE,3,2010-12-09 14:08:00,0.65,,United Kingdom
568049,23366,SET 12 COLOURING PENCILS DOILY,1,2011-09-23 12:38:00,0.65,17841.0,United Kingdom
572219,85099B,JUMBO BAG RED RETROSPOT,2,2011-10-21 13:17:00,2.08,17463.0,United Kingdom
556481,22673,FRENCH GARDEN SIGN BLUE METAL,2,2011-06-12 13:00:00,1.25,16115.0,United Kingdom
547511,23054,RECYCLED ACAPULCO MAT LAVENDER,2,2011-03-23 13:44:00,8.25,17411.0,United Kingdom
580640,23322,LARGE WHITE HEART OF WICKER,2,2011-12-05 12:51:00,2.95,16910.0,United Kingdom
574312,23570,TRADITIONAL PICK UP STICKS GAME ,1,2011-11-03 17:39:00,1.25,17221.0,United Kingdom
540349,21934,SKULL SHOULDER BAG,10,2011-01-06 14:07:00,1.65,15379.0,United Kingdom
575510,22549,PICTURE DOMINOES,72,2011-11-10 10:33:00,1.25,14646.0,Netherlands
560392,16161U,WRAP SUKI AND FRIENDS,50,2011-07-18 13:30:00,0.42,13911.0,United Kingdom
549522,22560,TRADITIONAL MODELLING CLAY,24,2011-04-08 15:34:00,1.25,16873.0,United Kingdom
561224,21929,JUMBO BAG PINK VINTAGE PAISLEY,100,2011-07-26 09:55:00,1.79,13629.0,United Kingdom
576339,22623,BOX OF VINTAGE JIGSAW BLOCKS ,1,2011-11-14 15:27:00,12.46,14096.0,United Kingdom
537392,22367,CHILDRENS APRON SPACEBOY DESIGN,2,2010-12-06 13:58:00,1.95,17068.0,United Kingdom
564351,21977,PACK OF 60 PINK PAISLEY CAKE CASES,120,2011-08-24 14:59:00,0.42,13881.0,United Kingdom
551414,22170,PICTURE FRAME WOOD TRIPLE PORTRAIT,4,2011-04-28 13:35:00,6.75,15622.0,United Kingdom
566307,23319,BOX OF 6 MINI 50'S CRACKERS,6,2011-09-12 09:37:00,2.49,14307.0,United Kingdom
562537,22142,CHRISTMAS CRAFT WHITE FAIRY ,6,2011-08-05 15:02:00,1.45,12517.0,Germany
567846,21429,RED GINGHAM ROSE JEWELLERY BOX,8,2011-09-22 13:13:00,1.95,13486.0,United Kingdom
540348,22084,PAPER CHAIN KIT EMPIRE,6,2011-01-06 13:56:00,2.95,12841.0,United Kingdom
547358,84558A,3D DOG PICTURE PLAYING CARDS,2,2011-03-22 12:25:00,2.95,15998.0,United Kingdom
579559,23210,WHITE ROCKING HORSE HAND PAINTED,1,2011-11-30 11:30:00,1.25,16764.0,United Kingdom
538863,21248,DOOR HANGER  MUM + DADS ROOM,1,2010-12-14 14:15:00,1.45,16919.0,United Kingdom
547884,21982,PACK OF 12 SUKI TISSUES ,24,2011-03-28 09:07:00,0.29,13481.0,United Kingdom
552262,22440,BALLOON WATER BOMB PACK OF 35,20,2011-05-08 11:37:00,0.42,14911.0,EIRE
547086,23052,RECYCLED ACAPULCO MAT TURQUOISE,8,2011-03-20 15:46:00,8.25,12428.0,Finland
570885,22386,JUMBO BAG PINK POLKADOT,10,2011-10-13 10:20:00,2.08,14211.0,United Kingdom
550994,20726,LUNCH BAG WOODLAND,3,2011-04-21 19:55:00,1.65,14562.0,United Kingdom
556502,48188,DOORMAT WELCOME PUPPIES,2,2011-06-13 08:43:00,7.95,13761.0,United Kingdom
545590,22957,SET 3 PAPER VINTAGE CHICK PAPER EGG,6,2011-03-04 10:24:00,2.95,15220.0,United Kingdom
570216,22938,CUPCAKE LACE PAPER SET 6,8,2011-10-09 12:04:00,1.95,14595.0,United Kingdom
536821,21494,ROTATING LEAVES T-LIGHT HOLDER,3,2010-12-02 17:17:00,1.25,17757.0,United Kingdom
549577,22983,CARD BILLBOARD FONT,12,2011-04-11 08:16:00,0.42,14286.0,United Kingdom
580256,23126,FELTCRAFT GIRL AMELIE KIT,1,2011-12-02 12:24:00,4.95,14688.0,United Kingdom
558563,22855,FINE WICKER HEART ,12,2011-06-30 13:43:00,1.25,14561.0,United Kingdom
566760,84016,FLAG OF ST GEORGE CAR FLAG,25,2011-09-14 16:36:00,0.42,15272.0,United Kingdom
566629,23397,FOOT STOOL HOME SWEET HOME ,2,2011-09-14 10:32:00,9.95,15622.0,United Kingdom
581173,22737,RIBBON REEL CHRISTMAS PRESENT ,1,2011-12-07 15:07:00,1.65,17870.0,United Kingdom
562564,22149,FELTCRAFT 6 FLOWER FRIENDS,20,2011-08-07 10:43:00,2.1,15058.0,United Kingdom
571433,23039,T-LIGHT HOLDER SILVER HEART HANDLE,12,2011-10-17 13:19:00,1.95,13015.0,United Kingdom
562603,22966,GINGERBREAD MAN COOKIE CUTTER,3,2011-08-08 10:40:00,1.25,17870.0,United Kingdom
547047,47566,PARTY BUNTING,60,2011-03-20 11:46:00,4.15,14258.0,United Kingdom
566281,21174,POTTERING IN THE SHED METAL SIGN,12,2011-09-11 14:15:00,2.08,12748.0,United Kingdom
550302,C2,CARRIAGE,1,2011-04-17 10:17:00,50.0,14156.0,EIRE
550185,22090,PAPER BUNTING RETROSPOT,6,2011-04-14 18:22:00,2.95,17142.0,United Kingdom
561693,22619,SET OF 6 SOLDIER SKITTLES,4,2011-07-29 09:48:00,3.75,15120.0,United Kingdom
560601,20711,JUMBO BAG TOYS ,1,2011-07-19 17:17:00,2.08,16764.0,United Kingdom
580893,23579,SNACK TRAY I LOVE LONDON,1,2011-12-06 12:38:00,1.95,17290.0,United Kingdom
577507,23084,RABBIT NIGHT LIGHT,5,2011-11-20 12:42:00,2.08,14710.0,United Kingdom
543007,22460,EMBOSSED GLASS TEALIGHT HOLDER,12,2011-02-02 12:54:00,1.25,13894.0,United Kingdom
556484,23299,FOOD COVER WITH BEADS SET 2 ,2,2011-06-12 13:17:00,3.75,16938.0,United Kingdom
561453,21903,MAN FLU METAL SIGN,12,2011-07-27 11:47:00,2.1,13183.0,United Kingdom
551056,22436,12 COLOURED PARTY BALLOONS,10,2011-04-26 11:51:00,0.65,16442.0,United Kingdom
581467,21790,VINTAGE SNAP CARDS,2,2011-12-08 19:24:00,0.85,13077.0,United Kingdom
570657,23202,JUMBO BAG VINTAGE LEAF,20,2011-10-11 14:10:00,2.08,14911.0,EIRE
544484,21588,RETROSPOT GIANT TUBE MATCHES,12,2011-02-21 11:10:00,2.55,15321.0,United Kingdom
558685,23170,REGENCY TEA PLATE ROSES ,12,2011-07-01 11:32:00,1.65,17706.0,United Kingdom
573315,22910,PAPER CHAIN KIT VINTAGE CHRISTMAS,6,2011-10-28 17:27:00,2.95,17839.0,United Kingdom
571038,72351A,SET/6 TURQUOISE BUTTERFLY T-LIGHTS,1,2011-10-13 12:58:00,2.1,15511.0,United Kingdom
560253,22423,REGENCY CAKESTAND 3 TIER,6,2011-07-17 12:52:00,12.75,13993.0,United Kingdom
536733,20914,SET/5 RED RETROSPOT LID GLASS BOWLS,6,2010-12-02 12:50:00,2.95,15738.0,United Kingdom
539250,84823,DANISH ROSE FOLDING CHAIR,2,2010-12-16 13:44:00,7.95,15157.0,United Kingdom
549387,20726,LUNCH BAG WOODLAND,10,2011-04-08 11:33:00,1.65,13178.0,United Kingdom
576687,22602,RETROSPOT WOODEN HEART DECORATION,4,2011-11-16 12:13:00,0.85,13558.0,United Kingdom
559932,22760,"TRAY, BREAKFAST IN BED",18,2011-07-14 09:26:00,12.75,17389.0,United Kingdom
545702,22784,LANTERN CREAM GAZEBO ,1,2011-03-06 15:21:00,4.95,14247.0,United Kingdom
571456,23199,JUMBO BAG APPLES,1,2011-10-17 13:57:00,2.08,16729.0,United Kingdom
555001,84949,SILVER HANGING T-LIGHT HOLDER,18,2011-05-31 08:32:00,1.65,16566.0,United Kingdom
546983,22521,CHILDS GARDEN TROWEL PINK,12,2011-03-18 12:27:00,0.85,16626.0,United Kingdom
549577,22088,PAPER BUNTING COLOURED LACE,6,2011-04-11 08:16:00,2.95,14286.0,United Kingdom
575691,82484,WOOD BLACK BOARD ANT WHITE FINISH,4,2011-11-10 16:21:00,7.95,14180.0,United Kingdom
570826,22584,PACK OF 6 PANNETONE GIFT BOXES,1,2011-10-12 13:14:00,2.55,16753.0,United Kingdom
540986,21621,VINTAGE UNION JACK BUNTING,2,2011-01-12 16:14:00,8.5,15291.0,United Kingdom
558237,22149,FELTCRAFT 6 FLOWER FRIENDS,3,2011-06-27 15:04:00,2.1,12867.0,United Kingdom
560209,21715,GIRLS VINTAGE TIN SEASIDE BUCKET,2,2011-07-15 14:05:00,2.55,15004.0,United Kingdom
550136,21128,GOLD FISHING GNOME,6,2011-04-14 13:56:00,6.95,16957.0,United Kingdom
580884,22119,PEACE WOODEN BLOCK LETTERS,1,2011-12-06 12:21:00,1.95,15907.0,United Kingdom
559607,23053,RECYCLED ACAPULCO MAT PINK,2,2011-07-11 11:39:00,8.25,12681.0,France
552039,22984,CARD GINGHAM ROSE ,24,2011-05-06 08:10:00,0.42,13081.0,United Kingdom
573275,22386,JUMBO BAG PINK POLKADOT,100,2011-10-28 13:12:00,1.79,15311.0,United Kingdom
544182,22722,SET OF 6 SPICE TINS PANTRY DESIGN,4,2011-02-16 15:13:00,3.95,18257.0,United Kingdom
557570,20774,GREEN FERN NOTEBOOK,2,2011-06-21 10:48:00,1.65,15998.0,United Kingdom
577315,90188,DROP EARRINGS W FLOWER & LEAF,1,2011-11-18 13:25:00,2.55,17811.0,United Kingdom
542527,22970,LONDON BUS COFFEE MUG,6,2011-01-28 12:48:00,2.55,17188.0,United Kingdom
566735,21213,PACK OF 72 SKULL CAKE CASES,2,2011-09-14 14:19:00,0.55,15707.0,United Kingdom
545050,22467,GUMBALL COAT RACK,6,2011-02-27 11:57:00,2.55,15951.0,United Kingdom
540489,84030E,ENGLISH ROSE HOT WATER BOTTLE,1,2011-01-07 16:32:00,4.25,13593.0,United Kingdom
575335,23203,JUMBO BAG VINTAGE DOILY ,300,2011-11-09 13:56:00,1.79,12931.0,United Kingdom
540513,84378,SET OF 3 HEART COOKIE CUTTERS,12,2011-01-09 11:41:00,1.25,13758.0,United Kingdom
572287,23133,LARGE IVORY HEART WALL ORGANISER,2,2011-10-23 12:26:00,8.25,15584.0,United Kingdom
567796,23367,SET 12 COLOUR PENCILS SPACEBOY ,6,2011-09-22 11:46:00,0.65,16395.0,United Kingdom
574933,22144,CHRISTMAS CRAFT LITTLE FRIENDS,6,2011-11-07 16:49:00,2.1,18150.0,United Kingdom
554795,47566B,TEA TIME PARTY BUNTING,4,2011-05-26 12:46:00,4.95,14210.0,United Kingdom
563214,22079,RIBBON REEL HEARTS DESIGN ,5,2011-08-14 12:56:00,1.65,16370.0,United Kingdom
553843,22748,POPPY'S PLAYHOUSE KITCHEN,6,2011-05-19 12:29:00,2.1,12553.0,France
561026,84992,72 SWEETHEART FAIRY CAKE CASES,4,2011-07-24 10:49:00,0.55,17265.0,United Kingdom
568513,23263,SET OF 3 WOODEN HEART DECORATIONS,12,2011-09-27 12:36:00,1.25,13555.0,United Kingdom
569417,23228,FILIGREE HEART BIRD WHITE ,24,2011-10-04 10:29:00,1.25,17629.0,United Kingdom
555854,21192,WHITE BELL HONEYCOMB PAPER ,1,2011-06-07 13:47:00,1.65,12748.0,United Kingdom
557471,23263,SET OF 3 WOODEN HEART DECORATIONS,12,2011-06-20 13:27:00,1.25,15825.0,United Kingdom
557289,23101,SILVER STARS TABLE DECORATION,2,2011-06-19 12:58:00,0.83,16880.0,United Kingdom
566581,82494L,WOODEN FRAME ANTIQUE WHITE ,12,2011-09-13 13:47:00,2.95,16081.0,United Kingdom
563355,23207,LUNCH BAG ALPHABET DESIGN,10,2011-08-15 14:39:00,1.65,14156.0,EIRE
578140,22551,PLASTERS IN TIN SPACEBOY,96,2011-11-23 10:58:00,1.45,14646.0,Netherlands
545701,22640,SET OF 4 NAPKIN CHARMS 3 KEYS ,1,2011-03-06 15:17:00,2.55,17107.0,United Kingdom
555343,21558,SKULL LUNCH BOX WITH CUTLERY ,4,2011-06-02 11:42:00,2.55,15918.0,United Kingdom
552835,22906,12 MESSAGE CARDS WITH ENVELOPES,12,2011-05-11 14:17:00,1.65,17664.0,United Kingdom
553208,23158,SET OF 5 LUCKY CAT MAGNETS ,12,2011-05-16 09:10:00,2.08,12674.0,France
571653,23224,CHERUB HEART DECORATION GOLD,24,2011-10-18 12:17:00,0.72,14298.0,United Kingdom
578400,35646,VINTAGE BEAD PINK EVENING BAG,2,2011-11-24 11:52:00,1.25,12748.0,United Kingdom
563546,22192,BLUE DINER WALL CLOCK,1,2011-08-17 12:24:00,8.5,16729.0,United Kingdom
579146,22602,RETROSPOT WOODEN HEART DECORATION,1,2011-11-28 13:14:00,0.85,16347.0,United Kingdom
568400,23406,HOME SWEET HOME KEY HOLDER,2,2011-09-27 10:27:00,6.25,13644.0,United Kingdom
536535,21485,RETROSPOT HEART HOT WATER BOTTLE,3,2010-12-01 13:38:00,4.95,15605.0,United Kingdom
578315,84970S,HANGING HEART ZINC T-LIGHT HOLDER,12,2011-11-23 16:34:00,0.85,17725.0,United Kingdom
564972,21871,SAVE THE PLANET MUG,12,2011-08-31 15:30:00,1.25,12621.0,Germany
553408,23168,CLASSIC CAFE SUGAR DISPENSER,12,2011-05-17 09:13:00,1.25,13976.0,United Kingdom
554160,21669,BLUE STRIPE CERAMIC DRAWER KNOB,8,2011-05-23 11:49:00,1.25,17841.0,United Kingdom
569401,84029G,KNITTED UNION FLAG HOT WATER BOTTLE,4,2011-10-04 08:56:00,4.25,15111.0,United Kingdom
569983,22563,HAPPY STENCIL CRAFT,2,2011-10-06 19:49:00,1.25,17231.0,United Kingdom
574916,84030E,ENGLISH ROSE HOT WATER BOTTLE,4,2011-11-07 16:19:00,4.25,16790.0,United Kingdom
578370,21934,SKULL SHOULDER BAG,2,2011-11-24 11:11:00,1.65,17346.0,United Kingdom
574247,21166,COOK WITH WINE METAL SIGN ,12,2011-11-03 12:56:00,2.08,13168.0,United Kingdom
556283,21211,SET OF 72 SKULL PAPER  DOILIES,12,2011-06-10 08:50:00,1.45,15628.0,United Kingdom
545183,84375,SET OF 20 KIDS COOKIE CUTTERS,12,2011-02-28 14:59:00,2.1,15570.0,United Kingdom
575891,23469,CARD HOLDER LOVE BIRD SMALL,6,2011-11-11 14:12:00,4.15,15692.0,United Kingdom
573442,21479,WHITE SKULL HOT WATER BOTTLE ,4,2011-10-31 10:42:00,4.25,12488.0,France
576060,23355,HOT WATER BOTTLE KEEP CALM,2,2011-11-13 15:25:00,4.95,13681.0,United Kingdom
552830,21928,JUMBO BAG SCANDINAVIAN PAISLEY,20,2011-05-11 13:49:00,1.95,15187.0,United Kingdom
562880,22149,FELTCRAFT 6 FLOWER FRIENDS,48,2011-08-10 10:53:00,1.85,15838.0,United Kingdom
573509,23504,PLAYING CARDS JUBILEE UNION JACK,12,2011-10-31 12:21:00,1.25,16169.0,United Kingdom
557492,21117,BLOND DOLL DOORSTOP,12,2011-06-20 15:08:00,1.25,13717.0,United Kingdom
553345,22193,RED DINER WALL CLOCK,3,2011-05-16 12:53:00,8.5,16729.0,United Kingdom
558700,23156,SET OF 5 MINI GROCERY MAGNETS,1,2011-07-01 12:33:00,2.08,17920.0,United Kingdom
573993,22623,BOX OF VINTAGE JIGSAW BLOCKS ,3,2011-11-02 11:23:00,5.95,16790.0,United Kingdom
574306,22625,RED KITCHEN SCALES,2,2011-11-03 16:37:00,8.5,17481.0,United Kingdom
548670,22726,ALARM CLOCK BAKELIKE GREEN,2,2011-04-01 15:37:00,3.75,15356.0,United Kingdom
555101,85099B,JUMBO BAG RED RETROSPOT,20,2011-05-31 13:45:00,2.08,13070.0,United Kingdom
572306,22505,MEMO BOARD COTTAGE DESIGN,3,2011-10-23 15:11:00,4.95,17841.0,United Kingdom
551868,22620,4 TRADITIONAL SPINNING TOPS,12,2011-05-04 16:29:00,1.45,12540.0,Spain
556922,22097,SWALLOW SQUARE TISSUE BOX,1,2011-06-15 13:56:00,1.25,12748.0,United Kingdom
550193,PADS,PADS TO MATCH ALL CUSHIONS,1,2011-04-15 09:27:00,0.001,13952.0,United Kingdom
547874,22241,GARLAND WOODEN HAPPY EASTER,12,2011-03-27 15:39:00,1.25,14476.0,United Kingdom
549241,85099B,JUMBO BAG RED RETROSPOT,6,2011-04-07 11:40:00,2.08,15719.0,United Kingdom
578811,21249,WOODLAND  HEIGHT CHART STICKERS ,12,2011-11-25 13:28:00,2.95,12438.0,Norway
562560,23089,GLASS BON BON JAR,6,2011-08-05 17:12:00,1.65,14156.0,EIRE
556767,22699,ROSES REGENCY TEACUP AND SAUCER ,6,2011-06-14 12:17:00,2.95,18073.0,United Kingdom
540538,21080,SET/20 RED RETROSPOT PAPER NAPKINS ,3,2011-01-09 14:36:00,0.85,17841.0,United Kingdom
560186,23092,LARGE ANTIQUE WHITE PHOTO FRAME,1,2011-07-15 11:57:00,7.9,17266.0,United Kingdom
571281,21259,VICTORIAN SEWING BOX SMALL ,14,2011-10-16 13:23:00,4.95,14088.0,United Kingdom
574826,16169E,WRAP 50'S  CHRISTMAS,25,2011-11-07 10:58:00,0.42,15870.0,United Kingdom
543188,22729,ALARM CLOCK BAKELIKE ORANGE,8,2011-02-04 11:45:00,3.75,12567.0,France
545545,22135,MINI LADLE LOVE HEART PINK,2,2011-03-03 15:02:00,0.42,17841.0,United Kingdom
547910,82580,BATHROOM METAL SIGN,2,2011-03-28 12:23:00,0.55,14159.0,United Kingdom
542613,21977,PACK OF 60 PINK PAISLEY CAKE CASES,2,2011-01-30 14:36:00,0.55,17431.0,United Kingdom
538356,21463,MIRRORED DISCO BALL ,32,2010-12-10 15:56:00,4.95,14062.0,United Kingdom
548186,85123A,WHITE HANGING HEART T-LIGHT HOLDER,72,2011-03-29 15:02:00,2.55,13777.0,United Kingdom
571509,23397,FOOT STOOL HOME SWEET HOME ,2,2011-10-17 15:28:00,9.95,13110.0,United Kingdom
573390,23551,PACK OF 12 PAISLEY PARK TISSUES ,24,2011-10-30 14:53:00,0.39,17213.0,United Kingdom
542724,85099B,JUMBO BAG RED RETROSPOT,10,2011-01-31 14:59:00,1.95,16779.0,United Kingdom
564065,23033,DRAWER KNOB CERAMIC RED,12,2011-08-22 15:05:00,1.45,15150.0,United Kingdom
537435,M,Manual,2,2010-12-06 16:58:00,5.95,17920.0,United Kingdom
566440,23400,SHELF WITH 4 HOOKS HOME SWEET HOME,2,2011-09-12 15:19:00,6.25,15755.0,United Kingdom
572224,22594,CHRISTMAS GINGHAM TREE,12,2011-10-21 13:46:00,0.85,16558.0,United Kingdom
577071,35818P,"ACRYLIC JEWEL ICICLE, PINK",5,2011-11-17 14:56:00,0.38,13969.0,United Kingdom
576339,23218,LAUREL STAR ANTIQUE GOLD,3,2011-11-14 15:27:00,2.46,14096.0,United Kingdom
572756,23056,FLOWERS CHANDELIER T-LIGHT HOLDER,48,2011-10-25 17:32:00,1.0,15482.0,United Kingdom
540364,17091J,VANILLA INCENSE IN TIN,1,2011-01-06 16:03:00,1.25,14505.0,United Kingdom
574059,23113,PANTRY CHOPPING BOARD,1,2011-11-02 14:13:00,4.95,14646.0,Netherlands
551258,21881,CUTE CATS TAPE,12,2011-04-27 12:02:00,0.65,12621.0,Germany
579162,22865,HAND WARMER OWL DESIGN,1,2011-11-28 13:58:00,2.1,16393.0,United Kingdom
